Title,Address,City,Price,Bedroom,Bathroom,Floors,Parking,Face,Year,Views,Area,Road,Road Width,Road Type,Build Area,Posted,Amenities,Listing_Type,Area_SqFt,Build_Area_SqFt,Price_per_SqFt,Neighborhood,Road_Width_Feet,Year_AD,Property_Age,Age_Unknown,Amenity_Count,Log_Price,Log_Area,Neighborhood_Freq,Neighborhood_MedianPPSF,Predicted_Price,Value_Gap_Pct
"Flat System House On Sale At Budhanikantha : House For Sale In Budhanilkantha, Kathmandu","Budhanikantha, Budhanilkantha, Kathmandu",Kathmandu,90000000,6,3,2.0,10,West,2073.0,17,1-0-0-0 Aana,20 Feet / Blacktopped,20 Feet ,Blacktopped,18-0-0-0 Aana,11 hours ago,"['Parking', 'Lawn', 'Garage', 'Frontyard', 'Fencing', 'Balcony', 'Backyard', 'Modular Kitchen', 'Garden', 'Water Supply', 'Drainage', 'Water Tank', 'Wifi', 'Water Well', 'Solar Water', 'TV Cable']",Sale,5476.0,98568.0,16435.35427319211,Budhanilkantha,20.0,2016.0,4.0,0,16,18.31532023940565,8.608312784783722,0.11382113821138211,13184.806428049671,83924514.56729022,7.239226183236952
"21 Aana Beautiful House : House For Sale In Budhanilkantha, Kathmandu","Pasikot, Budhanilkantha, Kathmandu",Kathmandu,80000000,5,3,2.0,9,East,2073.0,26,0-21-0-0 Aana,20 Feet / Blacktopped,20 Feet ,Blacktopped,0-14-0-0 Aana,12 hours ago,"['Parking', 'Garage', 'Fencing', 'Frontyard', 'Balcony', 'Backyard', 'Garden', 'Modular Kitchen', 'Drainage', 'Water Supply', 'Wifi', 'Water Tank', 'Water Well', 'Solar Water', 'TV Cable']",Sale,7187.25,4791.5,11130.821941632752,Budhanilkantha,20.0,2016.0,4.0,0,15,18.197537205138154,8.880203027487838,0.11382113821138211,13184.806428049671,83552234.65312836,-4.251513640389932
"Beautiful To Floor House : House For Sale In Dhapasi, Kathmandu","Dhapasi, Dhapasi, Kathmandu",Kathmandu,70000000,5,3,2.0,12,East,2071.0,154,1-1-0-0 Aana,20 Feet / Blacktopped,20 Feet ,Blacktopped,10-1-0-0 Aana,2 days ago,"['Parking', 'Lawn', 'Garage', 'Frontyard', 'Fencing', 'Balcony', 'Backyard', 'Garden', 'Modular Kitchen', 'Water Supply', 'Drainage', 'Wifi', 'Water Tank', 'Water Well', 'Solar Water', 'TV Cable']",Sale,5818.25,55102.25,12031.109010441283,Dhapasi,20.0,2014.0,6.0,0,16,18.064005814299346,8.668926666442168,0.015098722415795587,15555.54898371399,76734169.23796457,-8.77597204067052
"Modern Architecture Bungalow House : House For Sale In Baluwatar, Kathmandu","baluwatar, Baluwatar, Kathmandu",Kathmandu,130000000,6,4,3.0,9,West,2017.0,17,0-10-1-0 Aana,20 Feet / Blacktopped,20 Feet ,Blacktopped,0-7-1-0 Aana,1 day ago,"['Parking', 'Lawn', 'Garage', 'Frontyard', 'Fencing', 'Balcony', 'Backyard', 'Garden', 'Modular Kitchen', 'Water Supply', 'Drainage', 'Water Tank', 'Water Well', 'Solar Water', 'Wifi', 'TV Cable']",Sale,3508.0625,2481.3125,37057.49256177733,Baluwatar,20.0,2017.0,3.0,0,16,18.683045016112164,8.163104186766859,0.02032520325203252,19576.333089846605,107660913.42788121,20.749486383545378
"Modern Bungalow House : House For Sale In Golfutar, Kathmandu","Golfutar, Golfutar, Kathmandu",Kathmandu,100000000,6,3,2.0,10,East,2070.0,59,0-19-2-0 Aana,20 Feet / Blacktopped,20 Feet ,Blacktopped,0-14-2-0 Aana,2 days ago,"['Parking', 'Lawn', 'Garage', 'Balcony', 'Backyard', 'Frontyard', 'Fencing', 'Garden', 'Modular Kitchen', 'TV Cable', 'Wifi', 'Drainage', 'Water Supply', 'Water Tank', 'Solar Water', 'Water Well']",Sale,6673.875,4962.625,14983.798767582552,Golfutar,20.0,2013.0,7.0,0,16,18.420680753952364,8.806105756501346,0.018002322880371662,15420.826231637042,94631092.81825173,5.673512818941848
"Beautiful Bungalow House : House For Sale In Banasthali, Kathmandu","Banasthali, Banasthali, Kathmandu",Kathmandu,100000000,5,6,3.0,9,East,2074.0,92,0-12-3-1 Aana,13 Feet / Blacktopped,13 Feet ,Blacktopped,0-8-3-1 Aana,3 days ago,"['Parking', 'Lawn', 'Garage', 'Balcony', 'Backyard', 'Frontyard', 'Fencing', 'Modular Kitchen', 'Garden', 'TV Cable', 'Wifi', 'Drainage', 'Water Supply', 'Water Tank', 'Water Well', 'Solar Water']",Sale,4385.078125,3016.078125,22804.61080724759,Banasthali,13.0,2017.0,3.0,0,16,18.420680753952364,8.386190741176696,0.005226480836236934,20071.775653444278,90533980.92531894,10.455763656841217
"House For Sale @ Dadathok Lubhu Lalitpur : House For Sale In Lubhu, Lalitpur","Dadathok, Lubhu, Lalitpur",Lalitpur,11000000,3,4,3.0,1,South East,2019.0,317,3-1-1 Aana,11 Feet / Gravelled,11 Feet ,Gravelled,N/A Aana,3 days ago,"['Parking', 'Balcony']",Sale,1133.703125,,9702.716484970437,Lubhu,11.0,2019.0,1.0,0,2,16.213405921671733,7.034126331825054,0.005807200929152149,1207.6941806671534,13718232.284302272,-19.814741637031005
"Modern House : House For Sale In Budhanilkantha, Kathmandu","Hepali, Budhanilkantha, Kathmandu",Kathmandu,50000000,5,4,2.0,9,East,2073.0,618,0-8-5-0 Aana,20 Feet / Blacktopped,20 Feet ,Blacktopped,0-6-5-0 Aana,3 days ago,"['Parking', 'Lawn', 'Garage', 'Frontyard', 'Fencing', 'Balcony', 'Backyard', 'Garden', 'Modular Kitchen', 'Drainage', 'Water Supply', 'Wifi', 'TV Cable', 'Solar Water', 'Water Tank', 'Water Well']",Sale,3165.8125,2481.3125,15793.733836100528,Budhanilkantha,20.0,2016.0,4.0,0,16,17.72753358339242,8.060480840491712,0.11382113821138211,13184.806428049671,51951143.60459687,-3.755727918998538
"Flat System House : House For Sale In Baluwatar, Kathmandu","baluwatar, Baluwatar, Kathmandu",Kathmandu,100000000,10,8,3.5,5,North,2017.0,110,0-12-3-2 Aana,20 Feet / Blacktopped,20 Feet ,Blacktopped,0-9-3-2 Aana,4 days ago,"['Lawn', 'Garage', 'Backyard', 'Balcony', 'Fencing', 'Frontyard', 'Garden', 'Modular Kitchen', 'TV Cable', 'Wifi', 'Drainage', 'Water Supply', 'Solar Water', 'Water Tank', 'Water Well', 'Parking']",Sale,4406.46875,3379.71875,22693.90881303765,Baluwatar,20.0,2017.0,3.0,0,16,18.420680753952364,8.391055824059709,0.02032520325203252,19576.333089846605,96838312.08011857,3.2649143215813496
"Residential House Sale : House For Sale In Sukedhara, Kathmandu","Nearby Nilo Pool, Sukedhara, Kathmandu",Kathmandu,32500000,6,4,2.5,1,South East,2065.0,2.6K,0-4-0-0 Aana,12 Feet / Concrete,12 Feet ,Concrete,2394 Aana,1 month ago,"['Balcony', 'Fencing', 'Garden', 'TV Cable', 'Wifi', 'Drainage', 'Water Supply', 'Water Tank', 'Water Well', 'Electricity Backup', 'Internet', 'Parking', 'Store Room']",Sale,1369.0,819346.5,23739.956172388604,Sukedhara,12.0,2008.0,12.0,0,13,17.296750678069195,7.222566018822171,0.013356562137049941,20452.885317750184,29933958.021123454,8.572344415883029
"Beautiful House For Sale : House For Sale In Lekhnath, Pokhara","4, Lekhnath, Pokhara",Pokhara,32000000,4,5,3.0,3,South West,2075.0,922,14 Aana,15 Feet / Blacktopped,15 Feet ,Blacktopped,7 Aana,3 weeks ago,"['Parking', 'Backyard']",Sale,4791.5,2395.75,6678.493164979652,Lekhnath,15.0,2018.0,2.0,0,2,17.281246492014,8.4748074749198,0.0023228803716608595,3595.0945357062,40884942.698823035,-21.731576742747414
"House Sale In Budhanilkantha : House For Sale In Chapali, Kathmandu","Budhanilkantha, Chapali, Kathmandu",Kathmandu,39900000,5,4,3.0,1,North West,2075.0,592,0-4-2-0 Aana,14 Feet / Paved,14 Feet ,Paved,2500 Aana,1 month ago,"['Parking', 'Balcony', 'Internet']",Sale,1540.125,855625.0,25906.988069150233,Chapali,14.0,2018.0,2.0,0,3,17.50188690692275,7.340267948188717,0.008130081300813009,10348.1860238617,34301065.10246602,16.322918488998923
"Budhanilkantha Mandir 1 Floor Home : House For Sale In Budhanilkantha, Kathmandu","Na, Budhanilkantha, Kathmandu",Kathmandu,15000000,2,2,1.0,1,South,2074.0,766,5 Aana,12 Feet / Gravelled,12 Feet ,Gravelled,N/A Aana,1 month ago,['Parking'],Sale,1711.25,,8765.522279035793,Budhanilkantha,12.0,2017.0,3.0,0,1,16.52356082573315,7.445563574078014,0.11382113821138211,13184.806428049671,11907697.950607374,25.968932552869273
"House For Sale , Hepali Height : House For Sale In Budhanilkantha, Kathmandu","Na, Budhanilkantha, Kathmandu",Kathmandu,52500000,5,5,3.0,3,South East,2075.0,872,8 Aana,20 Feet / Blacktopped,20 Feet ,Blacktopped,N/A Aana,1 month ago,"['Parking', 'Garage', 'Modular Kitchen', 'Microwave', 'Garden', 'Drainage', 'Water Supply', 'Solar Water', 'Water Well']",Sale,2738.0,,19174.579985390796,Budhanilkantha,20.0,2018.0,2.0,0,9,17.77632374660947,7.915348169263078,0.11382113821138211,13184.806428049671,49372388.417985596,6.334738266125816
"Tokha Grandy Height Home : House For Sale In Budhanilkantha, Kathmandu","Na, Budhanilkantha, Kathmandu",Kathmandu,26500000,6,6,3.0,1,East,2076.0,1.1K,4 Aana,13 Feet / Paved,13 Feet ,Paved,N/A Aana,1 month ago,['Parking'],Sale,1369.0,,19357.19503287071,Budhanilkantha,13.0,2019.0,1.0,0,1,17.0926553286923,7.222566018822171,0.11382113821138211,13184.806428049671,27660615.220675096,-4.195912532732052
"Sitapaila Modern Semi Bungalow : House For Sale In Sitapaila, Kathmandu","NA, Sitapaila, Kathmandu",Kathmandu,25500000,6,6,3.0,1,East,2076.0,1.6K,4 Aana,13 Feet / Gravelled,13 Feet ,Gravelled,2700 Sq. Feet,1 month ago,['Parking'],Sale,1369.0,2700.0,18626.73484295106,Sitapaila,13.0,2019.0,1.0,0,1,17.05418904934434,7.222566018822171,0.013937282229965157,14791.8188458729,26588730.04410536,-4.094704945664476
"2.5 Storey : House For Sale In Narephate, Kathmandu","Nearby CCRC College, Narephate, Kathmandu",Kathmandu,33000000,6,4,2.5,1,East,2056.0,2.8K,0-6-0-0 Aana,20 Feet / Blacktopped,20 Feet ,Blacktopped,N/A Aana,2 months ago,"['Lawn', 'Fencing', 'Garden', 'Modular Kitchen', 'TV Cable', 'Wifi', 'Drainage', 'Water Supply', 'Solar Water', 'Water Tank', 'Parking', 'Store Room']",Sale,2053.5,,16070.124178232287,Narephate,20.0,1999.0,21.0,0,12,17.312018149733785,7.627787788323465,0.0017421602787456446,16070.124178232287,34750181.30115564,-5.0364666762110915
"2.5 Storey House On Sale At Daura Dipo , Checkpost : House For Sale In Thankot, Kathmandu","Daura Dipo, Thankot, Kathmandu",Kathmandu,18500000,4,4,0.0,3,South,,404,6 Aana,13 Feet,13 Feet,Unknown,N/A Aana,1 month ago,['Parking'],Sale,2053.5,,9009.009009009009,Thankot,13.0,,2.0,1,1,16.733281344102608,7.627787788323465,0.005807200929152149,4704.1636230825425,21528945.947866336,-14.069179026233398
"House For Sale At Kalanki : House For Sale In Kalanki, Kathmandu","khasibazaar, Kalanki, Kathmandu",Kathmandu,62000000,7,4,0.0,3,East,,164,10 Aana,0 Feet,0 Feet,Unknown,N/A Aana,1 month ago,[],Sale,3422.5,,18115.412710007306,Kalanki,0.0,,2.0,1,0,17.9426449591384,8.138418698561118,0.012195121951219513,2045.2885317750183,53144387.99613445,16.66330601927277
"House Sale In Lolang Height : House For Sale In Kavresthali, Kathmandu","Lonag height, Kavresthali, Kathmandu",Kathmandu,10500000,0,0,0.0,0,North,,460,0-4-0-0 Aana,10 Feet,10 Feet,Unknown,N/A Aana,1 month ago,[],Sale,1369.0,,7669.831994156319,Kavresthali,10.0,,2.0,1,0,16.166885910365842,7.222566018822171,0.004645760743321719,4449.719990260531,4179334.4279825143,151.23617602118176
"House For Sale In Sipadol, Bhaktapur","Sipadol, Sipadol, Bhaktapur",Bhaktapur,20500000,7,3,3.0,1,East,2076.0,3.2K,0-3-2-0 Aana,10 Feet / Gravelled,10 Feet ,Gravelled,2100 Sq. Feet,1 month ago,"['Lawn', 'Balcony', 'Fencing', 'TV Cable', 'Wifi', 'Drainage', 'Water Supply', 'Solar Water', 'Water Tank', 'CCTV', 'Internet', 'Parking', 'Store Room']",Sale,1197.875,2100.0,17113.638735260356,Sipadol,10.0,2019.0,1.0,0,13,16.835935492889124,7.089138896048115,0.0011614401858304297,17809.315106612405,21558809.253182787,-4.91126036112812
"House For Sale In Radhe Radhe, Bhaktapur","Radhe Radhe, Radhe Radhe, Bhaktapur",Bhaktapur,22000000,0,0,0.0,0,East,,720,0-3-2-0 Aana,20 Feet / Blacktopped,20 Feet ,Blacktopped,N/A Sq. Feet,1 month ago,[],Sale,1197.875,,18365.856203694042,Radhe Radhe,20.0,,2.0,1,0,16.906553056777135,7.089138896048115,0.0005807200929152149,18365.856203694042,9447411.79930728,132.86801155013825
"Balaju Commercial Building For Sale : House For Sale In Balaju, Kathmandu","Na, Balaju, Kathmandu",Kathmandu,145000000,95,40,5.0,7,East,2073.0,169,21 Aana,20 Feet / Blacktopped,20 Feet ,Blacktopped,N/A Aana,1 month ago,"['Parking', 'Garage']",Sale,7187.25,,20174.614769209365,Balaju,20.0,2016.0,4.0,0,2,18.7922443072814,8.880203027487838,0.007549361207897794,8249.903321445452,111496636.21596695,30.04876642120184
"Budhanilkantha Taulung Home : House For Sale In Budhanilkantha, Kathmandu","Na, Budhanilkantha, Kathmandu",Kathmandu,55000000,5,6,3.0,4,South,2071.0,253,19 Aana,20 Feet / Gravelled,20 Feet ,Gravelled,N/A Aana,1 month ago,"['Parking', 'Garden']",Sale,6502.75,,8457.960093806467,Budhanilkantha,20.0,2014.0,6.0,0,2,17.822843761378564,8.780134212604514,0.11382113821138211,13184.806428049671,93175535.40434314,-40.971629772425956
"Semi-Furnished House : House For Sale In Sitapaila, Kathmandu","Ramkot, Sitapaila, Kathmandu",Kathmandu,24000000,4,4,2.5,1,East,2075.0,510,0-4-0-0 Aana,13 Feet / Blacktopped,13 Feet ,Blacktopped,2100 Sq. Feet,1 month ago,"['Balcony', 'Fencing', 'Modular Kitchen', 'TV Cable', 'Drainage', 'Water Supply', 'Water Tank', 'Internet', 'Parking']",Sale,1369.0,2100.0,17531.044558071586,Sitapaila,13.0,2018.0,2.0,0,9,16.993564429978885,7.222566018822171,0.013937282229965157,14791.8188458729,25653508.924967594,-6.445546805327268
"Dhapasi Deurali Janata Najik Ghar : House For Sale In Dhapasi, Kathmandu","Na, Dhapasi, Kathmandu",Kathmandu,37000000,6,6,3.0,3,South East,,178,6.1 Aana,32 Feet,32 Feet,Unknown,N/A Aana,1 month ago,"['Parking', 'Garage']",Sale,2087.725,,17722.640673460348,Dhapasi,32.0,,2.0,1,2,17.426428497635523,7.6443091109570664,0.015098722415795587,15555.54898371399,37032673.874554105,-0.08822985524832971
"Golfutar Height 19 Ana Bungalow : House For Sale In Golfutar, Kathmandu","Na, Golfutar, Kathmandu",Kathmandu,102500000,6,6,3.0,4,East,2070.0,208,19 Aana,13 Feet / Blacktopped,13 Feet ,Blacktopped,N/A Aana,1 month ago,"['Parking', 'Garage', 'Backyard', 'Balcony', 'Air Condition', 'Frontyard', 'Fencing', 'Garden', 'Modular Kitchen', 'Water Supply', 'Drainage', 'Solar Water', 'Water Well']",Sale,6502.75,,15762.56199300296,Golfutar,13.0,2013.0,7.0,0,13,18.445373366298835,8.780134212604514,0.018002322880371662,15420.826231637042,98881193.20273755,3.6597523553773796
"Newly Constructed : House For Sale In Imadol, Lalitpur","Sital height, Imadol, Lalitpur",Lalitpur,22000000,7,4,3.5,2,South,2076.0,981,0-4-2-0 Aana,13 Feet / Gravelled,13 Feet ,Gravelled,2700 Aana,4 months ago,"['Balcony', 'Fencing', 'Modular Kitchen', 'TV Cable', 'Drainage', 'Water Supply', 'Solar Water', 'Water Tank', 'Water Well', 'Electricity Backup', 'Internet', 'Parking', 'Store Room']",Sale,1540.125,924075.0,14284.554825095365,Imadol,13.0,2019.0,1.0,0,13,16.906553056777135,7.340267948188717,0.050522648083623695,16278.8270896379,23138747.630554054,-4.92138835141782
"House For Sale In Pepsicola, Kathmandu","Na, Pepsicola, Kathmandu",Kathmandu,58500000,6,6,3.0,2,East,2076.0,318,6.5 Aana,16 Feet / Blacktopped,16 Feet ,Blacktopped,N/A Aana,1 month ago,"['Parking', 'Garage']",Sale,2224.625,,26296.566837107377,Pepsicola,16.0,2019.0,1.0,0,2,17.8845373292961,7.7077930540320425,0.009291521486643438,3246.4897329762193,48543003.30971361,20.511703049683298
"House For Sale In Imadol, Lalitpur","Bojepokhari, Imadol, Lalitpur",Lalitpur,18500000,4,3,2.5,1,East,2076.0,596,0-3-0-0 Aana,13 Feet / Gravelled,13 Feet ,Gravelled,N/A Sq. Feet,1 month ago,"['Lawn', 'Balcony', 'Fencing', 'Drainage', 'Water Supply', 'Water Tank', 'Store Room']",Sale,1026.75,,18018.018018018018,Imadol,13.0,2019.0,1.0,0,7,16.733281344102608,6.935127225777988,0.050522648083623695,16278.8270896379,18796602.543520007,-1.5779582657731883
"Newly Built House : House For Sale In Imadol, Lalitpur","Bojepokhari, Imadol, Lalitpur",Lalitpur,21000000,4,3,2.5,1,East,2076.0,466,0-3-2-0 Aana,13 Feet / Gravelled,13 Feet ,Gravelled,112 Sq. Meter,1 month ago,"['Balcony', 'Fencing', 'Modular Kitchen', 'TV Cable', 'Drainage', 'Water Supply', 'Water Tank', 'Internet', 'Parking', 'Store Room']",Sale,1197.875,1205.5567999999998,17531.044558071586,Imadol,13.0,2019.0,1.0,0,10,16.860033043306743,7.089138896048115,0.050522648083623695,16278.8270896379,19512412.0766587,7.623803338597974
"Imadol, Swastik Tole House On Sell : House For Sale In Imadol, Lalitpur","Swastik Tole, Imadol, Lalitpur",Lalitpur,17500000,5,3,3.0,1,South,,157,3-0-2 Aana,13 Feet,13 Feet,Unknown,3-0-2 Aana,1 month ago,"['Parking', 'Balcony', 'Water Tank', 'Water Well', 'Drainage', 'Internet', 'Wifi', 'TV Cable']",Sale,1069.53125,1069.53125,16362.308254200147,Imadol,13.0,,2.0,1,8,16.677711496036597,6.975910299570031,0.050522648083623695,16278.8270896379,18256722.94056108,-4.144900171979179
"Baluwatar New Home : House For Sale In Baluwatar, Kathmandu","Na, Baluwatar, Kathmandu",Kathmandu,130000000,5,6,3.0,3,East,2074.0,566,10 Aana,15 Feet / Blacktopped,15 Feet ,Blacktopped,N/A Aana,1 month ago,"['Parking', 'Garage', 'Air Condition', 'Balcony', 'Frontyard', 'Fencing', 'Garden', 'Microwave', 'Modular Kitchen', 'TV Cable', 'Washing Machine', 'Wifi', 'Drainage', 'Water Supply', 'Solar Water', 'Water Well', 'Water Tank']",Sale,3422.5,,37983.92987582177,Baluwatar,15.0,2017.0,3.0,0,17,18.683045016112164,8.138418698561118,0.02032520325203252,19576.333089846605,79981594.12089287,62.537395545660026
"Budhanilkantha Underconstruction : House For Sale In Budhanilkantha, Kathmandu","Na, Budhanilkantha, Kathmandu",Kathmandu,105000000,8,8,4.0,4,East,2076.0,96,21 Aana,15 Feet / Blacktopped,15 Feet ,Blacktopped,N/A Aana,1 month ago,"['Parking', 'Garage']",Sale,7187.25,,14609.203798392988,Budhanilkantha,15.0,2019.0,1.0,0,2,18.46947091764561,8.880203027487838,0.11382113821138211,13184.806428049671,103949724.17547743,1.0103690345051808
"4 Ropani Farm House Budhanilkantha : House For Sale In Budhanilkantha, Kathmandu","Na, Budhanilkantha, Kathmandu",Kathmandu,105000000,5,5,3.0,4,South,2070.0,345,4 Ropani,15 Feet / Gravelled,15 Feet ,Gravelled,N/A Aana,1 month ago,"['Parking', 'Garage', 'Balcony', 'Backyard', 'Deck', 'Frontyard', 'Fencing', 'Garden', 'Microwave', 'Modular Kitchen', 'Washing Machine', 'Drainage', 'Water Supply', 'Solar Water', 'Water Well', 'Water Tank', 'CCTV', 'Kids Playground', 'Store Room']",Sale,21904.0,,4793.644996347699,Budhanilkantha,15.0,2013.0,7.0,0,19,18.46947091764561,9.994470200248,0.11382113821138211,13184.806428049671,108504662.69655739,-3.2299650627535503
"Kapan Khariboth Home : House For Sale In Kapan, Kathmandu","Na, Kapan, Kathmandu",Kathmandu,27500000,6,5,3.0,1,East,2076.0,971,4 ana Aana,16 Feet / Blacktopped,16 Feet ,Blacktopped,N/A Aana,1 month ago,['Parking'],Sale,1369.0,,20087.65522279036,Kapan,16.0,2019.0,1.0,0,1,17.129696599000436,7.222566018822171,0.023228803716608595,14052.66270131135,27463510.230753828,0.13286637046603994
"Dhumbarahi Home For Sale : House For Sale In Mandikatar, Kathmandu","Na, Mandikatar, Kathmandu",Kathmandu,40000000,7,7,4.0,2,East,2074.0,151,7 Aana,15 Feet / Blacktopped,15 Feet ,Blacktopped,N/A Aana,1 month ago,['Parking'],Sale,2395.75,,16696.23291244913,Mandikatar,15.0,2017.0,3.0,0,1,17.50439003707821,7.781868931957106,0.008130081300813009,18691.53373076651,42802021.86804284,-6.546470810844821
"Hattigaudama 5 Anako Ghar Bikrima : House For Sale In Hattigauda, Kathmandu","NA, Hattigauda, Kathmandu",Kathmandu,26500000,6,6,3.0,2,West,2075.0,282,5 Aana,14 Feet / Blacktopped,14 Feet ,Blacktopped,N/A Aana,1 month ago,['Parking'],Sale,1711.25,,15485.756026296567,Hattigauda,14.0,2018.0,2.0,0,1,17.0926553286923,7.445563574078014,0.022067363530778164,14609.203798392988,29050652.668725736,-8.780018465718062
"Grandy Gate Home : House For Sale In Budhanilkantha, Kathmandu","Na, Budhanilkantha, Kathmandu",Kathmandu,22500000,6,6,3.0,1,North East,2070.0,66,3.1 Aana,18 Feet / Blacktopped,18 Feet ,Blacktopped,N/A Aana,1 month ago,['Parking'],Sale,1060.9750000000001,,21206.90873960272,Budhanilkantha,18.0,2013.0,7.0,0,1,16.929025911619092,6.967885661035161,0.11382113821138211,13184.806428049671,21458963.16522976,4.85129140096128
"11 Ana Bungalow For Sale : House For Sale In Budhanilkantha, Kathmandu","Na, Budhanilkantha, Kathmandu",Kathmandu,60000000,6,6,3.0,4,South East,2070.0,157,11 Aana,15 Feet / Soil Stabilized,15 Feet ,Soil Stabilized,N/A Aana,1 month ago,['Parking'],Sale,3764.75,,15937.313234610532,Budhanilkantha,15.0,2013.0,7.0,0,1,17.909855136853043,8.233702323582925,0.11382113821138211,13184.806428049671,55631075.228066966,7.853389052830721
"Baluwatar 30 Ana Bungalow For Sale : House For Sale In Baluwatar, Kathmandu","Na, Baluwatar, Kathmandu",Kathmandu,250000000,6,5,3.0,10,East,,339,30 Aana,15 Feet,15 Feet,Unknown,N/A Aana,1 month ago,"['Parking', 'Garage', 'Balcony', 'Garden', 'Water Supply', 'Drainage', 'Water Tank', 'Solar Water']",Sale,10267.5,,24348.672997321646,Baluwatar,15.0,,2.0,1,8,19.33697147982652,9.236836235780148,0.02032520325203252,19576.333089846605,181675991.13036248,37.60761586852238
"Grandy House For Sale : House For Sale In Tokha, Kathmandu","Na, Tokha, Kathmandu",Kathmandu,40000000,9,6,4.0,3,East,2069.0,71,9 Aana,13 Feet / Paved,13 Feet ,Paved,N/A Aana,1 month ago,['Parking'],Sale,3080.25,,12985.958931904877,Tokha,13.0,2012.0,8.0,0,1,17.50439003707821,8.033090637791,0.020905923344947737,15806.346887427968,45215491.86846409,-11.53474540017484
"Sukedhara Brand New Home For Sale : House For Sale In Sukedhara, Kathmandu","Na, Sukedhara, Kathmandu",Kathmandu,30000000,6,5,3.0,1,East,2076.0,136,3.5 Aana,15 Feet / Blacktopped,15 Feet ,Blacktopped,N/A Aana,1 month ago,"['Parking', 'Garage', 'Balcony', 'Modular Kitchen', 'Water Supply', 'Drainage', 'Water Well', 'Solar Water', 'Water Tank']",Sale,1197.875,,25044.349368673695,Sukedhara,15.0,2019.0,1.0,0,9,17.216707972959764,7.089138896048115,0.013356562137049941,20452.885317750184,28108432.241260987,6.729538461993406
"Naksal Maligau Home For Sale : House For Sale In Maligaon, Kathmandu","NA, Maligaon, Kathmandu",Kathmandu,65000000,6,6,3.0,4,East,2070.0,108,12 Aana,14 Feet / Gravelled,14 Feet ,Gravelled,N/A Aana,1 month ago,"['Parking', 'Garage', 'Air Condition', 'Microwave', 'Modular Kitchen', 'Water Supply', 'Drainage', 'Water Well', 'Solar Water', 'Water Tank']",Sale,4107.0,,15826.637448259069,Maligaon,14.0,2013.0,7.0,0,10,17.989897843244528,8.32069157104845,0.0023228803716608595,15826.637448259069,63819257.22857876,1.8501355589147988
"Hattigauda 5 Ana Home : House For Sale In Budhanilkantha, Kathmandu","Na, Budhanilkantha, Kathmandu",Kathmandu,33000000,5,6,3.0,2,North,2070.0,150,5 Aana,13 Feet / Blacktopped,13 Feet ,Blacktopped,N/A Aana,1 month ago,"['Parking', 'Garden']",Sale,1711.25,,19284.149013878745,Budhanilkantha,13.0,2013.0,7.0,0,2,17.312018149733785,7.445563574078014,0.11382113821138211,13184.806428049671,31516461.523270078,4.707186038745359
"Golfutar Height Home : House For Sale In Budhanilkantha, Kathmandu","Man, Budhanilkantha, Kathmandu",Kathmandu,30500000,5,5,2.0,1,West,2070.0,112,4 Aana,13 Feet / Blacktopped,13 Feet ,Blacktopped,N/A Aana,1 month ago,['Parking'],Sale,1369.0,,22279.035792549304,Budhanilkantha,13.0,2013.0,7.0,0,1,17.233237274364523,7.222566018822171,0.11382113821138211,13184.806428049671,28626617.025011595,6.544199663381796
"Mandikatar 1 Floor Home : House For Sale In Mandikatar, Kathmandu","Na, Mandikatar, Kathmandu",Kathmandu,14000000,2,2,1.0,1,South West,2076.0,1.7K,3.1 ana Aana,13 Feet / Gravelled,13 Feet ,Gravelled,N/A Aana,1 month ago,['Parking'],Sale,1060.9750000000001,,13195.409882419472,Mandikatar,13.0,2019.0,1.0,0,1,16.454567959008102,6.967885661035161,0.008130081300813009,18691.53373076651,12414395.635192264,12.772304116946886
"Jyotinagar Home For Sale : House For Sale In Budhanilkantha, Kathmandu","NA, Budhanilkantha, Kathmandu",Kathmandu,28000000,6,6,3.0,1,South East,2076.0,100,4 Aana,13 Feet / Blacktopped,13 Feet ,Blacktopped,N/A Aana,1 month ago,['Parking'],Sale,1369.0,,20452.885317750184,Budhanilkantha,13.0,2019.0,1.0,0,1,17.147715103853763,7.222566018822171,0.11382113821138211,13184.806428049671,28137388.90429038,-0.4882787978575823
"Dhapasi Height Commercil Building : House For Sale In Tokha, Kathmandu","Na, Tokha, Kathmandu",Kathmandu,41000000,10,5,4.0,3,South East,2075.0,67,4 Aana,26 Feet / Blacktopped,26 Feet ,Blacktopped,N/A Aana,1 month ago,['Parking'],Sale,1369.0,,29948.867786705625,Tokha,26.0,2018.0,2.0,0,1,17.529082649058825,7.222566018822171,0.020905923344947737,15806.346887427968,33521123.876117922,22.31093489443053
"Sundar Basti Brand New Home 2 Homes : House For Sale In Budhanilkantha, Kathmandu","NA, Budhanilkantha, Kathmandu",Kathmandu,27000000,6,6,3.0,2,East,2076.0,161,4.5 Aana,14 Feet / Gravelled,14 Feet ,Gravelled,N/A Aana,1 month ago,"['Parking', 'Garage']",Sale,1540.125,,17531.044558071586,Budhanilkantha,14.0,2019.0,1.0,0,2,17.11134746100564,7.340267948188717,0.11382113821138211,13184.806428049671,27391736.39826276,-1.430126197795939
"Tokha Near Venas Housing Home : House For Sale In Tokha, Kathmandu","Na, Tokha, Kathmandu",Kathmandu,22000000,5,5,3.0,1,East,2076.0,139,3.1 Aana,13 Feet / Soil Stabilized,13 Feet ,Soil Stabilized,N/A Aana,1 month ago,['Parking'],Sale,1060.9750000000001,,20735.644100944883,Tokha,13.0,2019.0,1.0,0,1,16.906553056777135,6.967885661035161,0.020905923344947737,15806.346887427968,20353807.071951233,8.087887058324924
"8 Ana Home Budhanilkantha : House For Sale In Budhanilkantha, Kathmandu","Na, Budhanilkantha, Kathmandu",Kathmandu,37000000,5,5,3.0,3,South East,2071.0,168,8 Aana,15 Feet / Blacktopped,15 Feet ,Blacktopped,N/A Aana,1 month ago,"['Parking', 'Garage', 'Frontyard', 'Water Supply', 'Drainage', 'Solar Water', 'Water Tank']",Sale,2738.0,,13513.513513513513,Budhanilkantha,15.0,2014.0,6.0,0,7,17.426428497635523,7.915348169263078,0.11382113821138211,13184.806428049671,47535053.99580572,-22.162705435730196
"House For Sale In Baluwatar, Kathmandu","Chandol, Height, Baluwatar, Kathmandu",Kathmandu,46000000,4,3,2.5,1,South West,2074.0,5.6K,0-6-3-0 Aana,13 Feet / Concrete,13 Feet ,Concrete,N/A Aana,1 month ago,"['Balcony', 'Fencing', 'Garden', 'Modular Kitchen', 'TV Cable', 'Wifi', 'Drainage', 'Water Supply', 'Solar Water', 'Water Tank', 'Water Well', 'Electricity Backup', 'Internet', 'Parking', 'Store Room']",Sale,2310.1875,,19911.803695587478,Baluwatar,13.0,2017.0,3.0,0,15,17.6441519761925,7.745516740691571,0.02032520325203252,19576.333089846605,46420495.44617591,-0.905840065114063
"Sale Of Attractive House And Land : House For Sale In Naikap, Kathmandu","Piple Chautari Tole (Naya Basti), Naikap, Kathmandu",Kathmandu,22500000,5,3,3.0,1,East,,274,4 Aana,13 Feet,13 Feet,Unknown,4 Aana,1 month ago,"['Parking', 'Balcony', 'Water Well', 'Store Room', 'Frontyard', 'Garden', 'Water Supply', 'Solar Water', 'TV Cable']",Sale,1369.0,1369.0,16435.35427319211,Naikap,13.0,,2.0,1,9,16.929025911619092,7.222566018822171,0.005226480836236934,10093.631715253337,23316025.697639182,-3.499849023248449
"Brand New Never Used House For Sale At Rose Village Balkot : House For Sale In Balkot, Bhaktapur","Rose Village Balkot, Balkot, Bhaktapur",Bhaktapur,29000000,3,3,2.0,2,North,2070.0,1.4K,4.5 Aana,20 Feet / Blacktopped,20 Feet ,Blacktopped,2200 Sq. Feet,1 month ago,"['Parking', 'Garage', 'Air Condition', 'Balcony', 'Deck', 'Fencing', 'Frontyard', 'Microwave', 'Modular Kitchen', 'Swimming Pool', 'TV Cable', 'Washing Machine', 'Drainage', 'Water Supply', 'Solar Water', 'Water Tank', 'Internet']",Sale,1540.125,2200.0,18829.640451262072,Balkot,20.0,2013.0,7.0,0,17,17.182806422433504,7.340267948188717,0.0029036004645760743,15096.177258339421,27695371.38719128,4.7106377255951575
"House On Sale : House For Sale In Naya Bazar, Kathmandu","Nayabazar-16, Naya Bazar, Kathmandu",Kathmandu,31000000,3,4,3.0,1,East,2018.0,209,0-3-0-0 Aana,6 Meter / Blacktopped,6 Meter ,Blacktopped,2000 Sq. Feet,1 month ago,"['Fencing', 'Modular Kitchen', 'Frontyard', 'Backyard']",Sale,1026.75,2000.0,30192.354516678843,Naya Bazar,19.68504,2018.0,2.0,0,4,17.249497794707484,6.935127225777988,0.005807200929152149,9203.798392987583,27389119.098785587,13.183632844089962
"Commercial House Sale In Satungal : House For Sale In Satungal, Kathmandu","Commercial land sale in Satungal, Satungal, Kathmandu",Kathmandu,42500000,0,0,0.0,0,West,,136,0-5-1-1 Aana,29 Feet,29 Feet,Unknown,N/A Aana,1 month ago,[],Sale,1818.203125,,23374.72607742878,Satungal,29.0,,2.0,1,0,17.565014657424058,7.506153840782835,0.003484320557491289,11066.47187728269,5731515.9515181715,641.5141187689192
"Flat House On Sale, 500 Meter Far From Main Road. : House For Sale In Budhanilkantha, Kathmandu","pasikot/Budhanilkantha, Budhanilkantha, Kathmandu",Kathmandu,37500000,5,5,3.0,2,South East,,162,5 Aana,0 Feet,0 Feet,Unknown,3 Aana,1 month ago,"['Parking', 'Balcony', 'Garden', 'Modular Kitchen', 'TV Cable', 'Drainage', 'Solar Water', 'Internet', 'Store Room', 'Wifi']",Sale,1711.25,1026.75,21913.80569758948,Budhanilkantha,0.0,,2.0,1,10,17.439851517607305,7.445563574078014,0.11382113821138211,13184.806428049671,32932003.41006526,13.870995132165534
"House For Sale In Tarkeshwor, Kathmandu","Nagpokhari road, Tarkeshwor, Kathmandu",Kathmandu,13000000,2,1,1.0,1,West,2076.0,588,3.1.0 Aana,0 Feet,0 Feet,Unknown,N/A Aana,1 month ago,['Parking'],Sale,1060.9750000000001,,12252.880605103794,Tarkeshwor,0.0,2019.0,1.0,0,1,16.380459992348886,6.967885661035161,0.005807200929152149,10993.425858290724,7371171.633262578,76.36273643849516
"House With 4 Ropani, Only Land Cost -Budhanilkantha : House For Sale In Budhanilkantha, Kathmandu","Muhanpokhari Budhanilkantha, Budhanilkantha, Kathmandu",Kathmandu,105000000,4,3,0.0,4,South,,437,4-0-0-0 Ropani,20 Feet,20 Feet,Unknown,N/A Aana,1 month ago,"['Parking', 'Garage', 'Backyard', 'Balcony', 'Deck', 'Fencing', 'Frontyard', 'Garden', 'Drainage', 'Water Supply', 'Solar Water', 'Water Tank']",Sale,21904.0,,4793.644996347699,Budhanilkantha,20.0,,2.0,1,12,18.46947091764561,9.994470200248,0.11382113821138211,13184.806428049671,113597331.76452804,-7.568251499383055
"Modern House For Sale -Baluwatar : House For Sale In Baluwatar, Kathmandu","Shree Marga, Baluwatar, Kathmandu",Kathmandu,80000000,4,5,0.0,4,West,2076.0,726,0-9-3-3 Aana,13 Feet / Gravelled,13 Feet ,Gravelled,4000 Sq. Feet,1 month ago,"['Parking', 'Garage', 'Air Condition', 'Balcony', 'Deck', 'Fencing', 'Frontyard', 'Garden', 'Modular Kitchen', 'TV Cable', 'Drainage', 'Water Supply', 'Solar Water', 'Water Well', 'Water Tank']",Sale,3401.109375,4000.0,23521.736933261665,Baluwatar,13.0,2019.0,1.0,0,15,18.197537205138154,8.132150922644762,0.02032520325203252,19576.333089846605,80941279.06059168,-1.1629159700911724
"House For Sale -Nakkhudol Bhaisepati : House For Sale In Nakhundol, Lalitpur","Nakkhudol Bhaisepati, Nakhundol, Lalitpur",Lalitpur,25000000,3,4,2.0,2,East,2076.0,688,0-4-2-0 Aana,13 Feet / Gravelled,13 Feet ,Gravelled,N/A Aana,1 month ago,"['Parking', 'Balcony', 'Modular Kitchen', 'Fencing', 'Water Tank', 'Water Supply', 'Drainage']",Sale,1540.125,,16232.448664881098,Nakhundol,13.0,2019.0,1.0,0,7,17.034386422832473,7.340267948188717,0.0005807200929152149,16232.448664881098,23558639.261963256,6.118183321240892
"Bungalow : House For Sale In Bhaktapur, Bhaktapur","Gamcha, Bhaktapur, Bhaktapur",Bhaktapur,32500000,4,4,2.0,4,South,2017.0,374,7 Aana,20 Feet / Paved,20 Feet ,Paved,2200 Sq. Feet,1 month ago,"['Parking', 'Balcony', 'Modular Kitchen', 'TV Cable', 'Washing Machine', 'Wifi', 'Drainage', 'Water Supply', 'Solar Water', 'Water Tank', 'Electricity Backup', 'Internet', 'Store Room']",Sale,2395.75,2200.0,13565.689241364917,Bhaktapur,20.0,2017.0,3.0,0,13,17.296750678069195,7.781868931957106,0.0040650406504065045,1022.6442658875092,28380030.081327304,14.517144297825949
"Bungalow At Aananda Colony, Aastha Chowk : House For Sale In Bharatpur, Chitwan","Aananda Colony, Bharatpur, Chitwan",Chitwan,16000000,3,4,2.0,1,West,,599,0-0-11.5 Dhur,6 Meter,6 Meter,Unknown,1736 Dhur,1 month ago,"['Air Condition', 'Balcony', 'Deck', 'Modular Kitchen', 'Drainage', 'Water Supply', 'Water Tank', 'Electricity Backup', 'Internet', 'Parking']",Sale,2095.875,316386.0,7634.04306077414,Bharatpur,19.68504,,2.0,1,10,16.588099342704055,7.648203420160047,0.008710801393728223,6858.710562414266,20036872.266757417,-20.14721765459808
"House Sale In Raniban : House For Sale In Raniban, Kathmandu","Raniban, Raniban, Kathmandu",Kathmandu,120000000,0,0,0.0,0,West,,205,1-15-0-0 Aana,20 Feet,20 Feet,Unknown,N/A Aana,1 month ago,[],Sale,10609.75,,11310.35132778812,Raniban,20.0,,2.0,1,0,18.603002309079653,9.269622917139907,0.0023228803716608595,6853.879565300664,23582430.46637112,408.85340326189754
"Attractive House For Sale In Ratnanagar, Chitwan : House For Sale In Ratnanagar, Chitwan","Jerauna, Ratnanagar, Chitwan",Chitwan,7700000,4,2,2.0,1,East,2017.0,677,6 Aana,16 Feet / Gravelled,16 Feet ,Gravelled,4 Aana,1 month ago,"['Backyard', 'Balcony', 'Fencing', 'Frontyard', 'Water Tank', 'Parking']",Sale,2053.5,1369.0,3749.6956415875334,Ratnanagar,16.0,2017.0,3.0,0,6,15.856731016694035,7.627787788323465,0.0011614401858304297,1910.5037800314976,17596861.430781398,-56.24219676736934
"Residential House : House For Sale In Makalbari, Kathmandu","Sundar Tole, Makalbari, Kathmandu",Kathmandu,20000000,7,3,2.5,2,West,2067.0,5.1K,0-4-1-1 Aana,10 Feet / Gravelled,10 Feet ,Gravelled,N/A Aana,1 month ago,"['Balcony', 'Fencing', 'Frontyard', 'Garden', 'TV Cable', 'Wifi', 'Drainage', 'Water Supply', 'Water Tank', 'Internet', 'Parking', 'Store Room']",Sale,1475.953125,,13550.565841987698,Makalbari,10.0,2010.0,10.0,0,12,16.811242881518265,7.297736545399462,0.0023228803716608595,13068.478403378522,22480742.62526148,-11.03496742351334
"3.5 Storey : House For Sale In Sipadol, Bhaktapur","Darjeling Height, Sipadol, Bhaktapur",Bhaktapur,19000000,7,4,3.5,1,West,2076.0,6.2K,0-3-0-0 Aana,20 Feet / Gravelled,20 Feet ,Gravelled,3500 Aana,5 months ago,"['Balcony', 'TV Cable', 'Wifi', 'Drainage', 'Water Supply', 'Solar Water', 'Water Tank', 'Water Well', 'Electricity Backup', 'Internet', 'Parking']",Sale,1026.75,1197875.0,18504.99147796445,Sipadol,20.0,2019.0,1.0,0,11,16.759949589762293,6.935127225777988,0.0011614401858304297,17809.315106612405,24809242.256876476,-23.415637594760902
"Fully Furnished New House On Sale At Hepali, Budhanilkantha : House For Sale In Budhanilkantha, Kathmandu","Hepali, Budhanilkantha, Budhanilkantha, Kathmandu",Kathmandu,33500000,0,4,3.0,2,South East,,188,0-4-0-0 Aana,18 Feet / Blacktopped,18 Feet ,Blacktopped,N/A Aana,1 month ago,"['Parking', 'Balcony', 'Microwave', 'Drainage', 'Electricity Backup', 'Water Supply', 'Modular Kitchen', 'Fencing', 'Intercom', 'Internet', 'Frontyard', 'TV Cable', 'Garage', 'Garden', 'Washing Machine', 'Water Tank', 'Kids Playground', 'CCTV', 'Wifi']",Sale,1369.0,,24470.416362308253,Budhanilkantha,18.0,,2.0,1,19,17.32705602664604,7.222566018822171,0.11382113821138211,13184.806428049671,31456462.64114131,6.496399109370886
"House Sale In Mhepi : House For Sale In Mhepi, Kathmandu","Mhepi, Mhepi, Kathmandu",Kathmandu,37000000,0,0,0.0,0,North East,,86,0-5-0-2 Aana,13 Feet / Blacktopped,13 Feet ,Blacktopped,N/A Aana,1 month ago,[],Sale,1754.03125,,21094.26499670402,Mhepi,13.0,,2.0,1,0,17.426428497635523,7.470241942009243,0.0017421602787456446,15861.421266826672,5082990.442519847,627.9179533860697
"House Sale In Chaysingdol : House For Sale In Pasikot, Kathmandu","Chyasingdol, Pasikot, Kathmandu",Kathmandu,36000000,0,0,0.0,0,East,,134,0-7-2-0 Aana,20 Feet,20 Feet,Unknown,N/A Aana,1 month ago,[],Sale,2566.875,,14024.835646457268,Pasikot,20.0,,2.0,1,0,17.399029524198163,7.850833987612675,0.008710801393728223,13391.770148526904,4827589.230401437,645.7138186756297
"One And Half Storied : House For Sale In Imadol, Lalitpur","Nearby Cozy Homes, Imadol, Lalitpur",Lalitpur,12500000,2,1,1.0,1,West,2076.0,3.2K,0-3-0-0 Aana,20 Feet / Gravelled,20 Feet ,Gravelled,N/A Sq. Feet,1 month ago,"['Lawn', 'Modular Kitchen', 'TV Cable', 'Wifi', 'Drainage', 'Water Supply', 'Water Tank', 'Parking']",Sale,1026.75,,12174.336498660823,Imadol,20.0,2019.0,1.0,0,8,16.341239282272525,6.935127225777988,0.050522648083623695,16278.8270896379,11454753.146665022,9.125005488566947
"Modern Designed : House For Sale In Imadol, Lalitpur","Nearby Cozy Homes, Imadol, Lalitpur",Lalitpur,19500000,5,3,2.5,1,East,2076.0,710,0-3-1-0 Aana,20 Feet / Gravelled,20 Feet ,Gravelled,1900 Sq. Feet,1 month ago,"['Balcony', 'Fencing', 'Garden', 'Modular Kitchen', 'TV Cable', 'Drainage', 'Water Supply', 'Solar Water', 'Water Tank', 'Internet', 'Parking', 'Store Room']",Sale,1112.3125,1900.0,17531.044558071586,Imadol,20.0,2019.0,1.0,0,12,16.785925074816024,7.015095084552704,0.050522648083623695,16278.8270896379,19688018.636679694,-0.9549901396852937
"House For Sale In Imadol, Lalitpur","Sanagaun Height, Imadol, Lalitpur",Lalitpur,22000000,5,3,2.5,1,West,2076.0,157,0-3-2-0 Aana,20 Feet / Gravelled,20 Feet ,Gravelled,2100 Sq. Feet,1 month ago,"['Balcony', 'Fencing', 'Modular Kitchen', 'TV Cable', 'Drainage', 'Water Supply', 'Water Tank', 'Electricity Backup', 'Parking', 'Store Room']",Sale,1197.875,2100.0,18365.856203694042,Imadol,20.0,2019.0,1.0,0,10,16.906553056777135,7.089138896048115,0.050522648083623695,16278.8270896379,19423393.713505335,13.2654793724493
"House For Sale In Imadol, Lalitpur","Sanagaun Height, Imadol, Lalitpur",Lalitpur,21500000,4,3,2.5,1,East,2076.0,161,0-4-0-0 Aana,20 Feet / Gravelled,20 Feet ,Gravelled,2500 Sq. Feet,1 month ago,"['Balcony', 'Fencing', 'Modular Kitchen', 'TV Cable', 'Drainage', 'Water Supply', 'Solar Water', 'Parking', 'Store Room']",Sale,1369.0,2500.0,15704.894083272462,Imadol,20.0,2019.0,1.0,0,9,16.88356353960952,7.222566018822171,0.050522648083623695,16278.8270896379,22826297.52770438,-5.810392710839974
"Newly Built : House For Sale In Imadol, Lalitpur","Sanagaun height, Imadol, Lalitpur",Lalitpur,19500000,4,3,2.5,1,North East,2076.0,166,0-3-2-0 Aana,20 Feet / Gravelled,20 Feet ,Gravelled,750 Aana,1 month ago,"['Balcony', 'Modular Kitchen', 'Wifi', 'Drainage', 'Water Supply', 'Solar Water', 'Water Tank', 'Parking', 'Store Room']",Sale,1197.875,256687.5,16278.8270896379,Imadol,20.0,2019.0,1.0,0,9,16.785925074816024,7.089138896048115,0.050522648083623695,16278.8270896379,19420979.276571162,0.4068833105865366
"House For Sale In Imadol, Lalitpur","Nearby, Buddha party palace, Imadol, Lalitpur",Lalitpur,19000000,4,3,2.5,1,South,2076.0,602,0-3-0-0 Aana,13 Feet / Gravelled,13 Feet ,Gravelled,650 Sq. Feet,1 month ago,"['Balcony', 'Fencing', 'Modular Kitchen', 'TV Cable', 'Drainage', 'Water Supply', 'Parking', 'Store Room']",Sale,1026.75,650.0,18504.99147796445,Imadol,13.0,2019.0,1.0,0,8,16.759949589762293,6.935127225777988,0.050522648083623695,16278.8270896379,18218833.315944932,4.287687748761599
"House For Sale In Imadol, Lalitpur","Nearby, Buddha party palace, Imadol, Lalitpur",Lalitpur,18000000,4,3,2.5,1,South,2076.0,792,0-3-0-0 Aana,13 Feet / Gravelled,13 Feet ,Gravelled,650 Sq. Feet,1 month ago,[],Sale,1026.75,650.0,17531.044558071586,Imadol,13.0,2019.0,1.0,0,0,16.705882371415992,6.935127225777988,0.050522648083623695,16278.8270896379,18065692.02027058,-0.3636285850376999
"Brand New House For Sale In Swoyambhu/Swayambhu : House For Sale In Swayambhu, Kathmandu","Swoyambhu, Swayambhu, Kathmandu",Kathmandu,37000000,8,5,3.0,2,South,2077.0,136,0-5-1-3 Aana,12 Feet / Gravelled,12 Feet ,Gravelled,990 Sq. Feet,1 month ago,"['Parking', 'Balcony', 'Drainage', 'Garden']",Sale,1860.984375,990.0,19881.950916433674,Swayambhu,12.0,2020.0,0.0,0,4,17.426428497635523,7.529398066287303,0.011033681765389082,13333.333333333334,30983809.949592825,19.417205502469965
"Brand New House For Sale In Swoyambhu/Swayambhu Near Bhagwan Pau : House For Sale In Swayambhu, Kathmandu","Swoyambhu, Swayambhu, Kathmandu",Kathmandu,34000000,6,3,3.0,1,South,2077.0,94,0-4-0-0 Aana,12 Feet / Gravelled,12 Feet ,Gravelled,950 Sq. Feet,1 month ago,"['Parking', 'Balcony', 'Water Well', 'Water Tank', 'Drainage']",Sale,1369.0,950.0,24835.646457268078,Swayambhu,12.0,2020.0,0.0,0,5,17.341871111992198,7.222566018822171,0.011033681765389082,13333.333333333334,28411373.31399995,19.670385603100026
"Vbn : House For Sale In Butwal, Butwal","Nayagaun, Butwal, Butwal",Butwal,800000,2,1,1.0,1,South,2020.0,197,6.25 Dhur,32 Feet,32 Feet,Unknown,6.25 Dhur,1 month ago,['Parking'],Sale,1139.0625,1139.0625,702.3319615912209,Butwal,32.0,2020.0,0.0,0,1,13.592368256649284,7.038838364447133,0.003484320557491289,559.4993141289438,1356693.563955754,-41.03311011018473
"Somaney : House For Sale In Imadol, Lalitpur","Imadol, near tempo park, Imadol, Lalitpur",Lalitpur,21000000,0,3,3.0,1,East,,340,0.4.0.0 Aana,12 Feet,12 Feet,Unknown,0-4.0.0 Aana,1 month ago,"['Parking', 'Balcony', 'Drainage', 'Garage', 'Frontyard', 'TV Cable', 'Wifi', 'Modular Kitchen', 'Water Well', 'Water Tank', 'Internet']",Sale,136.9,342.25,153396.63988312637,Imadol,12.0,,2.0,1,11,16.860033043306743,4.926528784799256,0.050522648083623695,16278.8270896379,19213909.16654912,9.295822198225096
"House On Sell @Tarkeshwar-09, Manamaiju, Basukinagtole : House For Sale In Manamaiju, Kathmandu","Basukinagtole, Manamaiju, Kathmandu, Manamaiju, Kathmandu",Kathmandu,26000000,8,4,3.0,1,South,2075.0,220,0-4-0-2 Aana,16 Feet / Gravelled,16 Feet ,Gravelled,0-3-2-0 Aana,1 month ago,"['Parking', 'Balcony', 'Deck', 'Modular Kitchen', 'TV Cable', 'Wifi', 'Water Supply', 'Solar Water', 'Water Tank', 'Electricity Backup', 'Internet']",Sale,1411.78125,1197.875,18416.45084888328,Manamaiju,16.0,2018.0,2.0,0,11,17.073607134447293,7.253315558244075,0.005807200929152149,14828.341855368883,26679120.88421063,-2.5455144761256054
"House Sale In Syuchatar : House For Sale In Syuchatar, Kathmandu","Syuchatar, Syuchatar, Kathmandu",Kathmandu,22000000,5,3,0.0,1,South West,,380,0-6-2-0 Aana,10 Feet,10 Feet,Unknown,N/A Aana,1 month ago,"['Parking', 'Balcony', 'Drainage', 'Water Supply']",Sale,2224.625,,9889.307186604485,Syuchatar,10.0,,2.0,1,4,16.906553056777135,7.7077930540320425,0.0029036004645760743,9889.307186604485,23502083.261332687,-6.391277082249223
"House Sale In Phutung Tushal : House For Sale In Kavresthali, Kathmandu","Phutung Tushal, Kavresthali, Kathmandu",Kathmandu,23000000,7,3,0.0,1,North East,,135,0-4-0-0 Aana,10 Feet,10 Feet,Unknown,N/A Aana,2 months ago,['Parking'],Sale,1369.0,,16800.584368151936,Kavresthali,10.0,,2.0,1,1,16.951004817371683,7.222566018822171,0.004645760743321719,4449.719990260531,20704796.710423894,11.085369838094467
"House For Sale In Goldhunga, Kathmandu","Jarankhu, Goldhunga, Kathmandu",Kathmandu,15500000,5,2,0.0,1,North West,,960,0-3-2-2 Aana,13 Feet,13 Feet,Unknown,N/A Aana,2 months ago,['Parking'],Sale,1240.65625,,12493.388075867106,Goldhunga,13.0,,2.0,1,1,16.5563506464056,7.124201452848615,0.005226480836236934,5064.523983442902,14760568.882008547,5.0095028443838325
"2 And Half Floor House Is On Sale In Imadole : House For Sale In Imadol, Lalitpur","Imadole, Imadol, Lalitpur",Lalitpur,23500000,6,4,3.0,1,North,2020.0,673,3.3aana Aana,10 Feet,10 Feet,Unknown,N/A Aana,2 months ago,"['Parking', 'Modular Kitchen', 'TV Cable', 'Water Well', 'Water Supply', 'Water Tank', 'Solar Water', 'Drainage']",Sale,1129.425,,20807.047834074863,Imadol,10.0,2020.0,0.0,0,8,16.97251102166758,7.030348947190871,0.050522648083623695,16278.8270896379,21514521.62450485,9.228549954063158
"House For Sale In Maharajgunj, Kathmandu","Maharajgunj Ganeshbasti, Maharajgunj, Kathmandu",Kathmandu,57500000,0,0,0.0,0,North East,,167,0-6-1-0 Aana,12 Feet / Blacktopped,12 Feet ,Blacktopped,N/A Aana,2 months ago,[],Sale,2139.0625,,26880.934989043097,Maharajgunj,12.0,,2.0,1,0,17.867295523158884,7.668590313196899,0.011614401858304297,20270.270270270274,12567066.202598108,357.5451348232134
"House Sale In Baluwatar : House For Sale In Baluwatar, Kathmandu","Baluwatar, Baluwatar, Kathmandu",Kathmandu,90000000,5,5,0.0,3,South East,,296,0-10-0-0 Aana,20 Feet,20 Feet,Unknown,N/A Aana,2 months ago,"['Parking', 'Balcony', 'Garden', 'Drainage', 'Water Supply', 'Solar Water', 'Electricity Backup']",Sale,3422.5,,26296.566837107377,Baluwatar,20.0,,2.0,1,7,18.31532023940565,8.138418698561118,0.02032520325203252,19576.333089846605,83063020.21614045,8.351465869900535
"House For Sale In Kalanki, Kathmandu","Nearby L.R.I School., Kalanki, Kathmandu",Kathmandu,17000000,4,3,2.5,1,North West,2076.0,2.1K,0-4-0-0 Aana,10 Feet / Blacktopped,10 Feet ,Blacktopped,1650 Sq. Feet,2 months ago,"['Balcony', 'Fencing', 'Garden', 'Modular Kitchen', 'TV Cable', 'Drainage', 'Water Supply', 'Water Tank', 'Internet', 'Parking', 'Store Room']",Sale,1369.0,1650.0,12417.823228634039,Kalanki,10.0,2019.0,1.0,0,11,16.648723960844016,7.222566018822171,0.012195121951219513,2045.2885317750183,19526323.00718269,-12.938037572426678
"1.5 Storied House : House For Sale In Imadol, Lalitpur","Opposite of Green hill city, Imadol, Lalitpur",Lalitpur,12500000,2,1,1.5,1,South,2076.0,917,0-3-1-0 Aana,13 Feet / Gravelled,13 Feet ,Gravelled,N/A Aana,2 months ago,"['TV Cable', 'Drainage', 'Water Supply', 'Water Well', 'Internet', 'Parking']",Sale,1112.3125,,11237.849075686914,Imadol,13.0,2019.0,1.0,0,6,16.341239282272525,7.015095084552704,0.050522648083623695,16278.8270896379,12193785.896927979,2.5112307667232923
"House For Sale In Budhanilkantha, Kathmandu","Pasikot, Budhanilkantha, Kathmandu",Kathmandu,45000000,4,4,3.0,4,South West,2074.0,8.2K,11 Aana,22 Feet,22 Feet,Unknown,N/A Sq. Feet,1 year ago,"['Garage', 'Balcony', 'Garden', 'Water Supply', 'TV Cable', 'Lawn', 'Frontyard', 'Modular Kitchen', 'Backyard', 'Deck', 'Drainage', 'Wifi', 'Fencing']",Sale,3764.75,,11952.984925957899,Budhanilkantha,22.0,2017.0,3.0,0,13,17.622173069956816,8.233702323582925,0.11382113821138211,13184.806428049671,47868270.59434919,-5.992007980935471
"1.5 Storey House : House For Sale In Tikathali, Lalitpur","Nearby Pawan Pakriti School., Tikathali, Lalitpur",Lalitpur,12500000,2,1,1.5,1,South,2076.0,4.1K,0-3-0-0 Aana,13 Feet / Gravelled,13 Feet ,Gravelled,N/A Sq. Feet,2 months ago,"['Drainage', 'Water Supply', 'Parking']",Sale,1026.75,,12174.336498660823,Tikathali,13.0,2019.0,1.0,0,3,16.341239282272525,6.935127225777988,0.011033681765389082,11687.36303871439,8046832.833005448,55.340619836529136
"Residential : House For Sale In Imadol, Lalitpur","Ochu Height, Imadol, Lalitpur",Lalitpur,19000000,4,3,2.5,2,North West,2076.0,1.9K,0-3-2-0 Aana,13 Feet / Gravelled,13 Feet ,Gravelled,1195 Sq. Feet,2 months ago,"['Balcony', 'Modular Kitchen', 'Drainage', 'Water Supply', 'Solar Water', 'Water Tank', 'Internet', 'Parking', 'Store Room']",Sale,1197.875,1195.0,15861.421266826672,Imadol,13.0,2019.0,1.0,0,9,16.759949589762293,7.089138896048115,0.050522648083623695,16278.8270896379,19142226.280428912,-0.7429975925753485
"House For Sale In Pasikot, Kathmandu","chyasingdol, Pasikot, Kathmandu",Kathmandu,32000000,0,0,0.0,0,South West,,138,0-10-0-0 Aana,20 Feet,20 Feet,Unknown,N/A Aana,2 months ago,[],Sale,3422.5,,9349.890430971513,Pasikot,20.0,,2.0,1,0,17.281246492014,8.138418698561118,0.008710801393728223,13391.770148526904,6611649.704855309,383.99418342596994
"One And Half Storied : House For Sale In Kadaghari, Kathmandu","Birendrachwok, Planning, Kadaghari, Kathmandu",Kathmandu,15500000,2,1,1.5,2,South West,2076.0,5.3K,0-4-0-0 Aana,20 Feet / Gravelled,20 Feet ,Gravelled,N/A Aana,2 months ago,[],Sale,1369.0,,11322.132943754565,Kadaghari,20.0,2019.0,1.0,0,0,16.5563506464056,7.222566018822171,0.009291521486643438,11930.849768687607,14644291.98043977,5.84328706845774
"Attractive Residential Land On Sale : Land For Sale In Budhanilkantha, Kathmandu","Bhuddha colony, Budhanilkantha, Kathmandu",Kathmandu,3000000,0,0,0.0,0,West,,48,12 Aana,16 Feet / Paved,16 Feet ,Paved,N/A Aana,1 day ago,[],Sale,4107.0,,730.4601899196493,Budhanilkantha,16.0,,2.0,1,0,14.914123179965662,8.32069157104845,0.11382113821138211,13184.806428049671,3207720.245080702,-6.475634694118285
"18 Aana Land For Sale At Shamkhamul : Land For Sale In Sankhamul, Kathmandu","Sankhamul, Sankhamul, Kathmandu",Kathmandu,6500000,0,0,0.0,0,East,,46,0-18-0-0 Aana,40 Feet / Blacktopped,40 Feet ,Blacktopped,N/A Aana,1 day ago,[],Sale,6160.5,,1055.1091632172713,Sankhamul,40.0,,2.0,1,0,15.687312888712007,8.726075533378177,0.0040650406504065045,3287.070854638422,7613262.646603475,-14.622674906666171
"Land On Sale At Beautiful Location : Land For Sale In Thankot, Kathmandu","High Vision Colony,Thankot,Mahadevsthan, Thankot, Kathmandu",Kathmandu,2350000,0,0,0.0,0,South,,232,5 Aana,13 Feet / Blacktopped,13 Feet ,Blacktopped,N/A Aana,4 days ago,[],Sale,1711.25,,1373.2651570489409,Thankot,13.0,,2.0,1,0,14.669926311652166,7.445563574078014,0.005807200929152149,4704.1636230825425,3923341.537755216,-40.10207937837145
"4 Aana Land For Sale At Golfutar : Land For Sale In Golfutar, Kathmandu","Golfutar, Golfutar, Kathmandu",Kathmandu,4100000,0,0,0.0,0,East,,23,0-4-0-0 Aana,13 Feet / Soil Stabilized,13 Feet ,Soil Stabilized,N/A Aana,1 day ago,[],Sale,1369.0,,2994.8867786705623,Golfutar,13.0,,2.0,1,0,15.226497775576945,7.222566018822171,0.018002322880371662,15420.826231637042,3595534.213142871,14.030343113219148
"Land For Sale In Gaurighat, Kathmandu","kumarigal, Gaurighat, Kathmandu",Kathmandu,3500000,0,0,0.0,0,South,,443,6.1 Aana,12 Feet / Paved,12 Feet ,Paved,N/A Aana,3 weeks ago,[],Sale,2087.725,,1676.4660096516543,Gaurighat,12.0,,2.0,1,0,15.068273812173887,7.6443091109570664,0.005226480836236934,1460.9203798392987,2241574.7916051173,56.140228428147445
"18 Ana Budhanilkantha Taulung : Land For Sale In Budhanilkantha, Kathmandu","Man, Budhanilkantha, Kathmandu",Kathmandu,2800000,0,0,0.0,0,West,,599,18 Aana,20 Feet / Blacktopped,20 Feet ,Blacktopped,N/A Aana,1 month ago,[],Sale,6160.5,,454.5085626166707,Budhanilkantha,20.0,,2.0,1,0,14.845130332288226,8.726075533378177,0.11382113821138211,13184.806428049671,3578242.5261867377,-21.749295093647422
"Budhanilkantha 18 Ana Taulung : Land For Sale In Budhanilkantha, Kathmandu","Man, Budhanilkantha, Kathmandu",Kathmandu,3500000,0,0,0.0,0,East,,195,18 Aana,30 Feet / Blacktopped,30 Feet ,Blacktopped,N/A Aana,1 month ago,[],Sale,6160.5,,568.1357032708385,Budhanilkantha,30.0,,2.0,1,0,15.068273812173887,8.726075533378177,0.11382113821138211,13184.806428049671,3688330.536251542,-5.1061187277142155
"Land Sale At Jhor, Tokha : Land For Sale In Tokha, Kathmandu","Nearby Baudheshwor Temple, Jhor, Tokha, Kathmandu",Kathmandu,1500000,0,0,0.0,0,East,,475,0-7-0-0 Aana,58 Feet / Concrete,58 Feet ,Concrete,N/A Aana,1 month ago,[],Sale,2395.75,,626.1087342168423,Tokha,58.0,,2.0,1,0,14.220976332738882,7.781868931957106,0.020905923344947737,15806.346887427968,3418092.6837311164,-56.1158769292753
"Land Sale In Phutung : Land For Sale In Kavresthali, Kathmandu","Phutung, Kavresthali, Kathmandu",Kathmandu,1100000,0,0,0.0,0,South,,248,0-4-0-0 Aana,10 Feet,10 Feet,Unknown,N/A Aana,1 month ago,[],Sale,1369.0,,803.5062089116143,Kavresthali,10.0,,2.0,1,0,13.910821646859095,7.222566018822171,0.004645760743321719,4449.719990260531,3221634.5782027156,-65.85584201751188
"Land Sale In Chabahil : Land For Sale In Chabahil, Kathmandu","Chabahil, Chabahil, Kathmandu",Kathmandu,8500000,0,0,0.0,0,South,,126,0-5-2-0 Aana,13 Feet,13 Feet,Unknown,N/A Aana,1 month ago,[],Sale,1882.375,,4515.572083139651,Chabahil,13.0,,2.0,1,0,15.955576839107596,7.540820659121453,0.0156794425087108,4515.572083139651,3635526.703133905,133.80381149924742
"Land Sale In Jarankhu : Land For Sale In Kavresthali, Kathmandu","Jarankhu, Kavresthali, Kathmandu",Kathmandu,2850000,0,0,0.0,0,South,,111,0-4-0-0 Aana,10 Feet,10 Feet,Unknown,N/A Aana,1 month ago,[],Sale,1369.0,,2081.811541271001,Kavresthali,10.0,,2.0,1,0,14.862829903121964,7.222566018822171,0.004645760743321719,4449.719990260531,3221634.5782027156,-11.535590681735325
"Land Sale In Dharmasthali : Land For Sale In Dharmasthali, Kathmandu","Dharmasthali, Dharmasthali, Kathmandu",Kathmandu,1450000,0,0,0.0,0,West,,110,0-5-0-0 Aana,20 Feet,20 Feet,Unknown,N/A Aana,1 month ago,[],Sale,1711.25,,847.3338203067933,Dharmasthali,20.0,,2.0,1,0,14.187074804051692,7.445563574078014,0.0011614401858304297,8312.63696128561,5310083.536925442,-72.69346160155598
"Budhanilkantha Land : Land For Sale In Budhanilkantha, Kathmandu","Na, Budhanilkantha, Kathmandu",Kathmandu,2600000,0,0,0.0,0,East,,211,41 Aana,15 Feet / Blacktopped,15 Feet ,Blacktopped,N/A Aana,1 month ago,[],Sale,14032.25,,185.28746280888666,Budhanilkantha,15.0,,2.0,1,0,14.77102238760702,9.549184792742452,0.11382113821138211,13184.806428049671,3612350.3981003347,-28.024700998903935
"Deuba Chokma 1 Ropani : Land For Sale In Budhanilkantha, Kathmandu","Na, Budhanilkantha, Kathmandu",Kathmandu,3800000,0,0,0.0,0,East,,142,1 Ropani,30 Feet / Blacktopped,30 Feet ,Blacktopped,N/A Aana,1 month ago,[],Sale,5476.0,,693.9371804236669,Budhanilkantha,30.0,,2.0,1,0,15.150511887854474,8.608312784783722,0.11382113821138211,13184.806428049671,3634614.342213214,4.5502945351301936
"Deuba Biwas 10 Ana : Land For Sale In Budhanilkantha, Kathmandu","Na, Budhanilkantha, Kathmandu",Kathmandu,3500000,0,0,0.0,0,South,,103,10 Aana,30 Feet / Blacktopped,30 Feet ,Blacktopped,N/A Aana,1 month ago,[],Sale,3422.5,,1022.6442658875092,Budhanilkantha,30.0,,2.0,1,0,15.068273812173887,8.138418698561118,0.11382113821138211,13184.806428049671,3718818.172220874,-5.88407827667993
"Consultancy : Office Space For Sale In Dillibazar, Kathmandu","Dilli bazzar road, Dillibazar, Kathmandu",Kathmandu,1000000,0,0,0.0,0,North,,247,3 Aana,26 Feet,26 Feet,Unknown,N/A Aana,1 month ago,['Parking'],Sale,1026.75,,973.9469198928658,Dillibazar,26.0,,2.0,1,1,13.815511557963774,6.935127225777988,0.0005807200929152149,973.9469198928658,1547443.95800596,-35.37730430712319
"Budhanilkanthama 8 Ropani 10 Ana : Land For Sale In Budhanilkantha, Kathmandu","Na, Budhanilkantha, Kathmandu",Kathmandu,3500000,0,0,0.0,0,East,,89,8.10.0.0 Aana,32 Feet,32 Feet,Unknown,N/A Aana,1 month ago,[],Sale,2772.225,,1262.5237850463077,Budhanilkantha,32.0,,2.0,1,0,15.068273812173887,7.927766181884185,0.11382113821138211,13184.806428049671,3503648.824323522,-0.10414355166506835
"Bansbarima 8 Ana Jagga : Land For Sale In Golfutar, Kathmandu","Na, Golfutar, Kathmandu",Kathmandu,4200000,0,0,0.0,0,South,,73,8 Aana,15 Feet,15 Feet,Unknown,N/A Aana,1 month ago,[],Sale,2738.0,,1533.9663988312636,Golfutar,15.0,,2.0,1,0,15.250595321348806,7.915348169263078,0.018002322880371662,15420.826231637042,3978047.23820632,5.57944007456677
"Budhanilkanyha 8 Ropani : Land For Sale In Budhanilkantha, Kathmandu","Na, Budhanilkantha, Kathmandu",Kathmandu,6000000,0,0,0.0,0,East,,72,8 Ropani,35 Feet / Blacktopped,35 Feet ,Blacktopped,N/A Aana,1 month ago,[],Sale,43808.0,,136.96128560993427,Budhanilkantha,35.0,,2.0,1,0,15.607270193858982,10.687594554708582,0.11382113821138211,13184.806428049671,4773184.116176733,25.70225354738532
"Land Sale : Land For Sale In Bhaktapur, Bhaktapur","duwakot, Bhaktapur, Bhaktapur",Bhaktapur,2100000,0,0,0.0,0,South,,316,0-6-0-0 Aana,0 Feet,0 Feet,Unknown,N/A Aana,1 month ago,[],Sale,2053.5,,1022.6442658875092,Bhaktapur,0.0,,2.0,1,0,14.557448378884015,7.627787788323465,0.0040650406504065045,1022.6442658875092,1025972.0492960532,104.6839386551384
"Commercial / Residential Land : Land For Sale In Imadol, Lalitpur","Kist hospital to hatiban road, Imadol, Lalitpur",Lalitpur,3500000,0,0,0.0,0,South West,,90,4.5 Aana,7 Meter / Gravelled,7 Meter ,Gravelled,N/A Aana,1 month ago,[],Sale,1540.125,,2272.542813083354,Imadol,22.96588,,2.0,1,0,15.068273812173887,7.340267948188717,0.050522648083623695,16278.8270896379,3470722.8194895424,0.8435470659326104
"Bishalnagar 29 Ana For Sale : Land For Sale In Bishal Nagar, Kathmandu","Na, Bishal Nagar, Kathmandu",Kathmandu,8500000,0,0,0.0,0,East,,141,29 ana Aana,16 Feet,16 Feet,Unknown,N/A Aana,1 month ago,[],Sale,9925.25,,856.4016019747613,Bishal Nagar,16.0,,2.0,1,0,15.955576839107596,9.202938042209421,0.0017421602787456446,12162.162162162162,7511124.760361214,13.165474828183127
"Land For Sale In Bhangal, Kathmandu","jyoti nagar,kathmandu, Bhangal, Kathmandu",Kathmandu,2450000,0,0,0.0,0,North East,,397,0-5-0-0 Aana,16 Feet,16 Feet,Unknown,N/A Aana,1 month ago,[],Sale,1711.25,,1431.7019722425127,Bhangal,16.0,,2.0,1,0,14.711598990684092,7.445563574078014,0.012775842044134728,17531.044558071586,3665780.3469440136,-33.165662747838994
"Tallo Baluwatar 1 Ropani : Land For Sale In Baluwatar, Kathmandu","Na, Baluwatar, Kathmandu",Kathmandu,5700000,0,0,0.0,0,East,,344,16 Aana,14 Feet,14 Feet,Unknown,N/A Aana,1 month ago,[],Sale,5476.0,,1040.9057706355004,Baluwatar,14.0,,2.0,1,0,15.555976908243359,8.608312784783722,0.02032520325203252,19576.333089846605,4323689.8572039865,31.831842436682916
"Maligaon Commercial 12 Ana : Land For Sale In Maligaon, Kathmandu","Man, Maligaon, Kathmandu",Kathmandu,7000000,0,0,0.0,0,East,,58,12 Aman Aana,25 Feet,25 Feet,Unknown,N/A Aana,1 month ago,[],Sale,4107.0,,1704.4071098125153,Maligaon,25.0,,2.0,1,0,15.76142084987672,8.32069157104845,0.0023228803716608595,15826.637448259069,6882091.572708506,1.7132644348858903
"Hattigauda Height 9 Ana Land : Land For Sale In Hattigauda, Kathmandu","Na, Hattigauda, Kathmandu",Kathmandu,2500000,0,0,0.0,0,South,,151,9 Aana,15 Feet / Blacktopped,15 Feet ,Blacktopped,N/A Aana,1 month ago,[],Sale,3080.25,,811.6224332440548,Hattigauda,15.0,,2.0,1,0,14.731801689838349,8.033090637791,0.022067363530778164,14609.203798392988,3893884.816258005,-35.796765493374764
"Rudreswor 4 Ropani , Budhanilkantha : Land For Sale In Budhanilkantha, Kathmandu","Na, Budhanilkantha, Kathmandu",Kathmandu,4000000,0,0,0.0,0,North East,,134,4 Ropani,15 Feet / Soil Stabilized,15 Feet ,Soil Stabilized,N/A Aana,1 month ago,[],Sale,21904.0,,182.61504747991233,Budhanilkantha,15.0,,2.0,1,0,15.201805169084134,9.994470200248,0.11382113821138211,13184.806428049671,3273365.8338558753,22.198379375402194
"Ranibari 4 Land : Land For Sale In Ranibari, Kathmandu","Na, Ranibari, Kathmandu",Kathmandu,5700000,0,0,0.0,0,East,,105,4 Aana,15 Feet / Blacktopped,15 Feet ,Blacktopped,N/A Aana,1 month ago,[],Sale,1369.0,,4163.623082542002,Ranibari,15.0,,2.0,1,0,15.555976908243359,7.222566018822171,0.0005807200929152149,4163.623082542002,5679786.373030762,0.3558870992968653
"Golfutar Hepali Pipalbot : Land For Sale In Golfutar, Kathmandu","Na, Golfutar, Kathmandu",Kathmandu,3000000,0,0,0.0,0,South West,,117,5 Aana,13 Feet / Soil Stabilized,13 Feet ,Soil Stabilized,N/A Aana,1 month ago,[],Sale,1711.25,,1753.1044558071585,Golfutar,13.0,,2.0,1,0,14.914123179965662,7.445563574078014,0.018002322880371662,15420.826231637042,2709836.3162945504,10.707793749779745
"12 Aana Land For Sale At Lazimpat : Land For Sale In Lazimpat, Kathmandu","Lazimpat Kathmandu, Lazimpat, Kathmandu",Kathmandu,5500000,0,0,0.0,0,South,,101,0-12-0-0 Aana,0 Feet,0 Feet,Unknown,N/A Aana,1 month ago,[],Sale,4107.0,,1339.1770148526905,Lazimpat,0.0,,2.0,1,0,15.520258832020865,8.32069157104845,0.005226480836236934,4869.734599464329,4708410.837664944,16.812236434483083
"7 Aana Commercial Land For Sale At Anamnagar : Land For Sale In Anamnagar, Kathmandu","Dhobikhola Corridor, Anamnagar, Kathmandu",Kathmandu,7000000,0,0,0.0,0,East,,50,0-7-0-0 Aana,9 Meter / Blacktopped,9 Meter ,Blacktopped,N/A Aana,1 month ago,[],Sale,2395.75,,2921.8407596785974,Anamnagar,29.52756,,2.0,1,0,15.76142084987672,7.781868931957106,0.0017421602787456446,2921.8407596785974,6141306.698158689,13.982257262917159
"Urgent Land Sale : Land For Sale In Chitapol, Bhaktapur","Nearby Kathmandu Fun Valley, Chitapol, Bhaktapur",Bhaktapur,550000,0,0,0.0,0,South,,1.4K,0-10-3-0 Aana,10 Feet / Gravelled,10 Feet ,Gravelled,N/A Aana,1 month ago,[],Sale,3679.1875,,149.48952723937012,Chitapol,10.0,,2.0,1,0,13.217675375388819,8.21071898095197,0.0005807200929152149,149.48952723937012,575042.8015492649,-4.354945663487184
"Apartment Rent In Sanepa : Apartment For Sale In Sanepa, Lalitpur","Sanepa, Sanepa, Lalitpur",Lalitpur,115000,0,0,0.0,0,North East,,259,1400 Sq. Feet,0 Feet,0 Feet,Unknown,N/A Aana,1 month ago,[],Sale,1400.0,,82.14285714285714,Sanepa,0.0,,2.0,1,0,11.652696102959753,7.244941546337007,0.009872241579558653,3756.652405301054,1060493.4936991432,-89.15599193363605
"Apartment Sale In Sanepa : Apartment For Sale In Sanepa, Lalitpur","Sanepa, Sanepa, Lalitpur",Lalitpur,35000000,0,0,0.0,0,North East,,196,1400 Sq. Feet,20 Feet,20 Feet,Unknown,N/A Aana,1 month ago,[],Sale,1400.0,,25000.0,Sanepa,20.0,,2.0,1,0,17.370858648025116,7.244941546337007,0.009872241579558653,3756.652405301054,4894981.377630875,615.0180419468658
"Land Sale In Kirtipur : Land For Sale In Kirtipur, Kathmandu","kirtipur, Kirtipur, Kathmandu",Kathmandu,1900000,0,0,0.0,0,South East,,161,1-9-0-0 Aana,22 Feet,22 Feet,Unknown,N/A Aana,1 month ago,[],Sale,8556.25,,222.0598977355734,Kirtipur,22.0,,2.0,1,0,14.45736497045232,9.054534155837956,0.008710801393728223,1168.736303871439,1708341.6141324248,11.218973083724135
"Sasto Jaggha : Land For Sale In Bhangal, Kathmandu","Santinagar, Bhangal, Kathmandu",Kathmandu,3000000,0,0,0.0,0,North,,158,5 Aana,0 Feet,0 Feet,Unknown,5 Aana,1 month ago,[],Sale,1711.25,1711.25,1753.1044558071585,Bhangal,0.0,,2.0,1,0,14.914123179965662,7.445563574078014,0.012775842044134728,17531.044558071586,3469438.4518118883,-13.530675304723378
"3 Biga 5 Khatra 12 Dur : Land For Sale In Birendranagar, Chitwan","Birendranagar, Birendranagar, Chitwan",Chitwan,180000000,0,0,0.0,0,East,,109,3 .5 Bigha,30 Feet / Soil Stabilized,30 Feet ,Soil Stabilized,N/A Aana,1 month ago,[],Sale,218700.0,,823.0452674897119,Birendranagar,30.0,,2.0,1,0,19.00846741441004,12.295460779128113,0.0005807200929152149,823.0452674897119,105863239.2795083,70.0306935864206
"Furnished Apartment Flat Near Japanese Embassy : Apartment For Sale In Panipokhari, Kathmandu","panipokhari, Panipokhari, Kathmandu",Kathmandu,23000000,3,3,0.0,1,South,,395,1583 Sq. Feet,20 Feet,20 Feet,Unknown,1583 Sq. Feet,1 month ago,"['Parking', 'Air Condition', 'Balcony', 'Fencing', 'Garden', 'Gym', 'Modular Kitchen', 'Swimming Pool', 'Wifi', 'Drainage', 'Water Supply', 'Electricity Backup', 'Internet', 'Lift']",Sale,1583.0,1583.0,14529.374605180037,Panipokhari,20.0,,2.0,1,14,16.951004817371683,7.367708572374371,0.0011614401858304297,18134.252519981324,24917845.391649928,-7.6966742569668805
"Beautiful Land Is In Sale 13 Dhur Dhur : Land For Sale In Dharan, Dharan","dharan-8, Dharan, Dharan",Dharan,700000,0,0,0.0,0,East,,142,13 Dhur,25 Feet / Blacktopped,25 Feet ,Blacktopped,N/A Aana,1 month ago,[],Sale,2369.25,,295.45214730399914,Dharan,25.0,,2.0,1,0,13.45883704259595,7.770750713798068,0.005807200929152149,452.55765420374473,1143411.8881428216,-38.77971645572359
"Full Furnished Office On Sale : Office Space For Sale In Thapathali, Kathmandu","Patangri marg, height, Thapathali, Kathmandu",Kathmandu,290000,0,1,1.0,1,East,,127,900 Sq. Feet,12 Feet / Paved,12 Feet ,Paved,N/A Aana,1 month ago,"['Parking', 'TV Cable', 'Wifi', 'Internet', 'Security Staff']",Sale,900.0,,322.22222222222223,Thapathali,12.0,,2.0,1,5,12.577639650232573,6.803505257608338,0.0023228803716608595,2939.028058264942,7849073.074243615,-96.30529621450943
"Commercial Land Sale In Sano Gaucharan : Land For Sale In Sano Gaucharan, Kathmandu","Sano gaucharan, Sano Gaucharan, Kathmandu",Kathmandu,11000000,0,0,0.0,0,North,,197,0-9-3-0 Aana,32 Feet,32 Feet,Unknown,N/A Aana,1 month ago,[],Sale,3336.9375,,3296.4357288681613,Sano Gaucharan,32.0,,2.0,1,0,16.213405921671733,8.11310838025979,0.0005807200929152149,3296.4357288681613,7818460.942458923,40.69265141766476
"Commerial Land Sale In Nayabazar : Land For Sale In Naya Bazar, Kathmandu","Nayabazar, Naya Bazar, Kathmandu",Kathmandu,11000000,0,0,0.0,0,South,,85,0-10-0-0 Aana,40 Feet,40 Feet,Unknown,N/A Aana,1 month ago,[],Sale,3422.5,,3214.024835646457,Naya Bazar,40.0,,2.0,1,0,16.213405921671733,8.138418698561118,0.005807200929152149,9203.798392987583,6192422.990176809,77.6364440454014
"Hattiban Town Planing : Land For Sale In Hattiban, Lalitpur","Velpa Hattiban, Hattiban, Lalitpur",Lalitpur,3500000,0,0,0.0,0,East,,368,0-4-0-0 Aana,6 Meter,6 Meter,Unknown,N/A Aana,1 month ago,[],Sale,1369.0,,2556.610664718773,Hattiban,19.68504,,2.0,1,0,15.068273812173887,7.222566018822171,0.004645760743321719,1950.328707085464,2828141.1961309123,23.756197349277887
"Brand New Apartment For Sale At Janta Awash Bhaisepati : Flat For Sale In Bhaisepati, Lalitpur","Janta Awash Bhaisepati, Bhaisepati, Lalitpur",Lalitpur,16500000,3,2,5.0,1,East,2058.0,975,1200 Sq. Feet,40 Feet / Blacktopped,40 Feet ,Blacktopped,1200 Sq. Feet,1 month ago,"['Parking', 'Air Condition', 'Balcony', 'Microwave', 'Modular Kitchen', 'TV Cable', 'Washing Machine', 'Wifi', 'Water Supply', 'Water Tank', 'Kids Playground', 'Internet', 'Intercom', 'Electricity Backup']",Sale,1200.0,1200.0,13750.0,Bhaisepati,40.0,2001.0,19.0,0,14,16.61887099947687,7.0909098220799835,0.02264808362369338,10000.0,17129821.052945532,-3.6767520863110943
"Super Commercial Land For Sale At Mid Baneshwor Main Road : Land For Sale In Mid Baneshwor, Kathmandu","Mid Baneshwor Main Road, Mid Baneshwor, Kathmandu",Kathmandu,10000000,0,0,0.0,0,East,,330,0-26-0-0 Aana,35 Feet / Blacktopped,35 Feet ,Blacktopped,N/A Aana,1 month ago,[],Sale,8898.5,,1123.7849075686913,Mid Baneshwor,35.0,,2.0,1,0,16.118095750958314,9.093750374366808,0.003484320557491289,11053.227269443485,9244068.242858548,8.177479192945627
"Land For Sale : Land For Sale In Kapan, Kathmandu","In-between kharibot and Paiyatar, Kapan, Kathmandu",Kathmandu,3500000,0,0,0.0,0,East,,130,1 Ropani,14 Feet / Gravelled,14 Feet ,Gravelled,N/A Aana,1 month ago,[],Sale,5476.0,,639.1526661796933,Kapan,14.0,,2.0,1,0,15.068273812173887,8.608312784783722,0.023228803716608595,14052.66270131135,3493801.5588080683,0.17741251435145494
"Land On Sale @ Manamaiju : Land For Sale In Manamaiju, Kathmandu","Manamaiju, Nasal Chowk, Near mansingh school, Manamaiju, Kathmandu",Kathmandu,2400000,0,0,0.0,0,South East,,115,0-4-0-0 Aana,16 Feet / Blacktopped,16 Feet ,Blacktopped,N/A Aana,1 month ago,[],Sale,1369.0,,1753.1044558071585,Manamaiju,16.0,,2.0,1,0,14.690979711984754,7.222566018822171,0.005807200929152149,14828.341855368883,4838740.756937519,-50.40031858373456
"Land For Sale In Bode, Bhaktapur","Nilbarahi Bode, Bhaktapur, Bode, Bhaktapur",Bhaktapur,2200000,0,0,0.0,0,East,,72,0-11-1-3 Ropani,13 Feet,13 Feet,Unknown,N/A Ropani,1 month ago,[],Sale,3914.484375,,562.0152718070308,Bode,13.0,,2.0,1,0,14.603968372873895,8.272694323632653,0.0011614401858304297,616.8514013838139,1544623.242807249,42.42955427769219
"Land For Sale In Imadol, Lalitpur","Boje Pokhari, Imadol, Lalitpur",Lalitpur,3000000,0,0,0.0,0,East,,1.1K,0-7-3-0 Aana,13 Feet / Blacktopped,13 Feet ,Blacktopped,N/A Aana,1 month ago,"['Drainage', 'Water Supply', 'Parking', 'Store Room']",Sale,2652.4375,,1131.0351327788119,Imadol,13.0,,2.0,1,4,14.914123179965662,7.883611248193683,0.050522648083623695,16278.8270896379,8061029.630360502,-62.78391052303035
"Fancy Shop Sale In Nayabazar : Business For Sale In Naya Bazar, Kathmandu","Nayabazar, Naya Bazar, Kathmandu",Kathmandu,3500000,0,0,0.0,0,South West,,98,1 Aana,16 Feet,16 Feet,Unknown,N/A Aana,1 month ago,[],Sale,342.25,,10226.442658875092,Naya Bazar,16.0,,2.0,1,0,15.068273812173887,5.83845904464808,0.005807200929152149,9203.798392987583,2543295.663958388,37.616717143794304
"Fancy Shop Sale In Shankhamul : Business For Sale In Sankhamul, Kathmandu","Shankhamul, Sankhamul, Kathmandu",Kathmandu,760000,0,0,0.0,0,North West,,81,1 Aana,0 Feet,0 Feet,Unknown,N/A Aana,1 month ago,[],Sale,342.25,,2220.598977355734,Sankhamul,0.0,,2.0,1,0,13.541075028051122,5.83845904464808,0.0040650406504065045,3287.070854638422,1087730.9224207688,-30.12977894306769
"Land Sale In Nayabazar : Land For Sale In Naya Bazar, Kathmandu","Nayabazar, Naya Bazar, Kathmandu",Kathmandu,7000000,0,0,0.0,0,South East,,94,0-2-2-0 Aana,26 Feet,26 Feet,Unknown,N/A Aana,1 month ago,[],Sale,855.625,,8181.154127100073,Naya Bazar,26.0,,2.0,1,0,15.76142084987672,6.753000249905988,0.005807200929152149,9203.798392987583,4734887.914983532,47.83876885128643
"Land For Sale In Ramkot, Kathmandu","Taukhel, Ramkot, Kathmandu",Kathmandu,2500000,0,0,0.0,0,South West,,74,0-11-2-0 Aana,14 Feet,14 Feet,Unknown,N/A Aana,1 month ago,[],Sale,3935.875,,635.1827738431733,Ramkot,14.0,,2.0,1,0,14.731801689838349,8.278142540376193,0.004645760743321719,10774.28780131483,4586310.26790232,-45.48995044019457
"Land Sale In Bijeshori : Land For Sale In Swayambhu, Kathmandu","Bijeshori, Swayambhu, Kathmandu",Kathmandu,6000000,0,0,0.0,0,North,,75,0-8-0-0 Aana,32 Feet,32 Feet,Unknown,N/A Aana,1 month ago,[],Sale,2738.0,,2191.3805697589482,Swayambhu,32.0,,2.0,1,0,15.607270193858982,7.915348169263078,0.011033681765389082,13333.333333333334,5067708.152594335,18.3967154250663
"House For Sale In Samakhusi Inside Ring Road In High End Colony : Flat For Sale In Samakhusi, Kathmandu","Samakhusi Inside Ring Road, Samakhusi, Kathmandu",Kathmandu,24500000,0,3,2.0,1,East,2074.0,206,0-3-0-0 Aana,16 Feet / Gravelled,16 Feet ,Gravelled,N/A Aana,1 month ago,"['Parking', 'Balcony', 'Drainage', 'Electricity Backup', 'Water Supply', 'Modular Kitchen', 'Fencing', 'Intercom', 'Internet', 'Frontyard', 'Garage', 'Air Condition', 'Garden', 'Water Tank', 'Kids Playground', 'Backyard', 'Wifi', 'CCTV']",Sale,1026.75,,23861.699537375214,Samakhusi,16.0,2017.0,3.0,0,18,17.01418371633128,6.935127225777988,0.018002322880371662,19104.343428667755,24605465.676105697,-0.42862702740112796
"Land Sale In Narayanthan : Land For Sale In Budhanilkantha, Kathmandu","Budhanilkantha, Budhanilkantha, Kathmandu",Kathmandu,2850000,0,0,0.0,0,West,,295,1-1-0-0 Aana,13 Feet,13 Feet,Unknown,N/A Aana,1 month ago,[],Sale,5818.25,,489.8380097108237,Budhanilkantha,13.0,,2.0,1,0,14.862829903121964,8.668926666442168,0.11382113821138211,13184.806428049671,3053865.882095651,-6.675665859816743
"Land Sale In Taukhel : Land For Sale In Nagarjun, Kathmandu","Taukhel, Nagarjun, Kathmandu",Kathmandu,2500000,0,0,0.0,0,South East,,311,0-11-2-0 Aana,14 Feet,14 Feet,Unknown,N/A Aana,1 month ago,[],Sale,3935.875,,635.1827738431733,Nagarjun,14.0,,2.0,1,0,14.731801689838349,8.278142540376193,0.0029036004645760743,2921.8407596785974,4716242.22345573,-46.99169632198882
"Land Sale In Budhanilkantha : Land For Sale In Budhanilkantha, Kathmandu","Narayanthan, Budhanilkantha, Kathmandu",Kathmandu,2600000,0,0,0.0,0,North,,307,2-0-0-0 Ropani,14 Feet,14 Feet,Unknown,N/A Aana,1 month ago,[],Sale,10952.0,,237.39956172388605,Budhanilkantha,14.0,,2.0,1,0,14.77102238760702,9.301368670323747,0.11382113821138211,13184.806428049671,2919099.9910258222,-10.931451200946528
"House On Sell @Tarkeshwar-09, Manamaiju, Basukinagtole : Flat For Sale In Manamaiju, Kathmandu","Basukinagtole, Manamaiju, Kathmandu, Manamaiju, Kathmandu",Kathmandu,17000000,5,3,3.0,1,West,,248,0-3-0-0 Aana,14 Feet,14 Feet,Unknown,0-2-2-1 Aana,1 month ago,"['Parking', 'Balcony', 'TV Cable', 'Wifi', 'Water Supply', 'Water Tank', 'Solar Water', 'Internet', 'Store Room']",Sale,1026.75,877.015625,16557.09763817872,Manamaiju,14.0,,2.0,1,9,16.648723960844016,6.935127225777988,0.005807200929152149,14828.341855368883,17518823.492650338,-2.961520177813306
"Land Sale In Raniban : Land For Sale In Raniban, Kathmandu","Raniban, Raniban, Kathmandu",Kathmandu,2850000,0,0,0.0,0,South East,,303,0-5-1-0 Aana,12 Feet,12 Feet,Unknown,N/A Aana,1 month ago,[],Sale,1796.8125,,1586.1421266826671,Raniban,12.0,,2.0,1,0,14.862829903121964,7.494325927057613,0.0023228803716608595,6853.879565300664,4051117.137427483,-29.649034986685418
"Land Sale In Thulobharyang : Land For Sale In Thulo Bharyang, Kathmandu","Thulobharyang, Thulo Bharyang, Kathmandu",Kathmandu,4000000,0,0,0.0,0,South East,,245,3-0-0-0 Ropani,20 Feet,20 Feet,Unknown,N/A Aana,1 month ago,[],Sale,16428.0,,243.48672997321646,Thulo Bharyang,20.0,,2.0,1,0,15.201805169084134,9.706803344906337,0.003484320557491289,17823.228634039446,5665313.7019997295,-29.39490714189244
"10 Dhur, Land Sale At Dharan, Panbari : Land For Sale In Tarahara, Sunsari","Dharan, Sunsari, Tarahara, Sunsari",Sunsari,250000,0,0,0.0,0,East,,169,10 Dhur,20 Feet / Gravelled,20 Feet ,Gravelled,N/A Aana,1 month ago,[],Sale,1822.5,,137.17421124828533,Tarahara,20.0,,2.0,1,0,12.429220196836383,7.508513010248735,0.0017421602787456446,137.17421124828533,282171.88121709117,-11.401519201106888
"Commercial Land : Land For Sale In Hattisar, Kathmandu","Opposite of Siddartha Bank, Hattisar, Kathmandu",Kathmandu,15000000,0,0,0.0,1,East,,1.2K,0-13-2-2 Aana,20 Feet / Blacktopped,20 Feet ,Blacktopped,N/A Aana,1 month ago,[],Sale,4663.15625,,3216.7054234993734,Hattisar,20.0,,2.0,1,0,16.52356082573315,8.447662228755622,0.0023228803716608595,18114.855704739162,8712499.391408551,72.16643957291511
"13 Dhur, Land Sale At Dharan, Panbari : Land For Sale In Tarahara, Sunsari","Dharan, Sunsari, Tarahara, Sunsari",Sunsari,235000,0,0,0.0,0,East,,143,13 Dhur,16 Feet / Gravelled,16 Feet ,Gravelled,N/A Aana,1 month ago,[],Sale,2369.25,,99.187506594914,Tarahara,16.0,,2.0,1,0,12.367345048436391,7.770750713798068,0.0017421602787456446,137.17421124828533,253812.11146241508,-7.4118257611992675
"Land For Sale In Chabahil, Kathmandu","chuchchepati, Chabahil, Kathmandu",Kathmandu,5500000,0,0,0.0,0,South East,,73,1-2-0-0 Aana,36 Feet,36 Feet,Unknown,N/A Aana,2 months ago,[],Sale,6160.5,,892.7846765684603,Chabahil,36.0,,2.0,1,0,15.520258832020865,8.726075533378177,0.0156794425087108,4515.572083139651,5114738.142263435,7.532386742404657
"Land Is Very Suitable For Residental Purpose : Land For Sale In Swayambhu, Kathmandu","Ichangu, Swayambhu, Kathmandu",Kathmandu,1150000,0,0,0.0,0,East,,565,0-7-1-0 Aana,11 Feet / Gravelled,11 Feet ,Gravelled,N/A Aana,2 months ago,[],Sale,2481.3125,,463.464396362812,Swayambhu,11.0,,2.0,1,0,13.955273369904273,7.8169458643659855,0.011033681765389082,13333.333333333334,3353077.081754852,-65.70314454572154
"Land For Sale In Sitapaila, Kathmandu","Sitapaila, Sitapaila, Kathmandu",Kathmandu,4200000,0,0,0.0,0,East,,103,0-13-0-0 Aana,11 Meter / Blacktopped,11 Meter ,Blacktopped,N/A Aana,2 months ago,[],Sale,4449.25,,943.9793223577008,Sitapaila,36.08924,,2.0,1,0,15.250595321348806,8.400715553357543,0.013937282229965157,14791.8188458729,5570195.967283048,-24.59870308569023
"Business For Sale In Patan, Lalitpur","Patan, Patan, Lalitpur",Lalitpur,3500000,0,0,0.0,0,East,,124,1500 Sq. Feet,0 Feet,0 Feet,Unknown,N/A Aana,2 months ago,[],Sale,1500.0,,2333.3333333333335,Patan,0.0,,2.0,1,0,15.068273812173887,7.313886831633462,0.0029036004645760743,2333.3333333333335,3392728.446125196,3.161807836324715
"Apartment For Sale In Jhamsikhel, Lalitpur","Jhamsikhel, Jhamsikhel, Lalitpur",Lalitpur,11900000,2,1,0.0,0,North,,469,683 Sq. Feet,30 Feet,30 Feet,Unknown,N/A Aana,2 months ago,"['Air Condition', 'TV Cable', 'Swimming Pool']",Sale,683.0,,17423.133235724745,Jhamsikhel,30.0,,2.0,1,3,16.29204904211537,6.52795791762255,0.0023228803716608595,17862.371888726208,8332916.915533898,42.80713609200261
"House For Sale In Pasikot, Kathmandu","pasikot, Pasikot, Kathmandu",Kathmandu,28500000,6,6,0.0,1,South East,,103,0-5-2-0 Aana,20 Feet,20 Feet,Unknown,N/A Aana,2 months ago,[],Sale,1882.375,,15140.447572880006,Pasikot,20.0,,2.0,1,0,17.1654146803266,7.540820659121453,0.008710801393728223,13391.770148526904,29377175.96265614,-2.9859097544678708
"House Sale In TIkathali : House For Sale In Tikathali, Lalitpur","Tikathali, Tikathali, Lalitpur",Lalitpur,21500000,0,0,0.0,1,South West,,100,0-3-2-0 Aana,13 Feet / Gravelled,13 Feet ,Gravelled,N/A Aana,2 months ago,['Parking'],Sale,1197.875,,17948.450380882812,Tikathali,13.0,,2.0,1,1,16.88356353960952,7.089138896048115,0.011033681765389082,11687.36303871439,7431944.496730017,189.29171913837342
"Land For Sale At Kapan Paiyatar : Land For Sale In Kapan, Kathmandu","Paiyatar, Kapan, Kapan, Kathmandu",Kathmandu,3000000,0,0,0.0,0,East,,135,4 Aana,13 Feet / Soil Stabilized,13 Feet ,Soil Stabilized,N/A Aana,2 months ago,[],Sale,1369.0,,2191.3805697589482,Kapan,13.0,,2.0,1,0,14.914123179965662,7.222566018822171,0.023228803716608595,14052.66270131135,2803101.0181952347,7.024327005222878
"Godawari_Badikhel Pitched Road Touching House For Sell_ 5 Anna Land : House For Sale In Godawari, Lalitpur","Badikhel (Godawari), Godawari, Lalitpur",Lalitpur,12500000,3,1,2.0,1,West,,214,0-5-0-0 Aana,16 Feet / Blacktopped,16 Feet ,Blacktopped,N/A Aana,2 months ago,"['Parking', 'Water Well', 'Water Tank', 'Backyard']",Sale,1711.25,,7304.601899196494,Godawari,16.0,,2.0,1,4,16.341239282272525,7.445563574078014,0.005807200929152149,818.1154127100073,13309169.722305326,-6.079791145417649
"Commercial House On Sale At Bafal : House For Sale In Bafal, Kathmandu","soltee dobato, Bafal, Kathmandu",Kathmandu,32500000,11,0,0.0,1,East,,453,4.5 Aana,20 Feet / Blacktopped,20 Feet ,Blacktopped,N/A Aana,2 months ago,[],Sale,1540.125,,21102.183264345425,Bafal,20.0,,2.0,1,0,17.296750678069195,7.340267948188717,0.004645760743321719,16881.74661147634,29234060.803228732,11.171691879393517
"House For Sale In Imadol, Lalitpur","Bojepokhari, Panii Tyanki, Imadol, Lalitpur",Lalitpur,22000000,5,3,2.5,1,North West,2076.0,1.7K,0-4-0-0 Aana,10 Feet / Gravelled,10 Feet ,Gravelled,N/A Sq. Feet,2 months ago,"['Balcony', 'Fencing', 'Drainage', 'Water Supply', 'Water Tank', 'Parking']",Sale,1369.0,,16070.124178232287,Imadol,10.0,2019.0,1.0,0,6,16.906553056777135,7.222566018822171,0.050522648083623695,16278.8270896379,22860901.134028174,-3.765823267337144
"New Beautiful House Is On Sale At Gaidakot, Nawalpur : House For Sale In Gaidakot, Nawalpur","Congress chowk, Gaidakot, Nawalpur",Nawalpur,11000000,3,4,0.0,1,East,2018.0,247,4 Aana,15 Feet / Blacktopped,15 Feet ,Blacktopped,4 Aana,2 months ago,"['Parking', 'Balcony', 'Fencing']",Sale,1369.0,1369.0,8035.062089116143,Gaidakot,15.0,2018.0,2.0,0,3,16.213405921671733,7.222566018822171,0.0005807200929152149,8035.062089116143,15436769.755805457,-28.741568514597283
"Beautiful House Is On Sale At Tarkeshwor, Kathmndu : House For Sale In Tarkeshwor, Kathmandu","Tarkeshwor, Tarkeshwor, Kathmandu",Kathmandu,17000000,0,2,3.0,1,South,2017.0,151,3.1 Aana,20 Feet / Blacktopped,20 Feet ,Blacktopped,3.2 Aana,2 months ago,['Parking'],Sale,1060.9750000000001,1095.2,16022.9977143665,Tarkeshwor,20.0,2017.0,3.0,0,1,16.648723960844016,6.967885661035161,0.005807200929152149,10993.425858290724,18201370.293447573,-6.6004387256494725
"4 Aana 1 Paisa Land : Land For Sale In Sallaghari, Bhaktapur","Katunje, Sallaghari, Bhaktapur",Bhaktapur,3000000,0,0,0.0,0,West,,1.5K,0-4-1-0 Aana,13 Feet / Blacktopped,13 Feet ,Blacktopped,N/A Aana,2 months ago,"['Drainage', 'Water Supply']",Sale,1454.5625,,2062.475830361363,Sallaghari,13.0,,2.0,1,2,14.914123179965662,7.283147702834008,0.0023228803716608595,1150.1849339687178,3043377.494602786,-1.425307727342823
"1.5 Storey House : House For Sale In Tikathali, Lalitpur","nearby Panityanki, Tikathali, Lalitpur",Lalitpur,11000000,2,1,1.5,2,West,2076.0,1.6K,0-2-3-0 Aana,13 Feet / Gravelled,13 Feet ,Gravelled,646 Sq. Feet,2 months ago,"['Fencing', 'Drainage', 'Water Supply', 'Parking']",Sale,941.1875,646.0,11687.36303871439,Tikathali,13.0,2019.0,1.0,0,4,16.213405921671733,6.848204299355605,0.011033681765389082,11687.36303871439,10661642.051029311,3.1736007207072037
"लुभु लामाटार बुढाथोकी टोलमा ५ आना सस्तो जग्गा तु. बिक्रिमा : Land For Sale In Lubhu, Lalitpur","Lubhu Lamatar, Lubhu, Lalitpur",Lalitpur,900000,0,0,0.0,0,East,,1.1K,5 Aana,10 Feet,10 Feet,Unknown,N/A Aana,2 months ago,[],Sale,1711.25,,525.9313367421476,Lubhu,10.0,,2.0,1,0,13.710151153416941,7.445563574078014,0.005807200929152149,1207.6941806671534,1724087.1956577357,-47.79846389053125
"Highly Commercial Land For Sale At Maitidevi Main Road : Land For Sale In Maitidevi, Kathmandu","Maitidevi Main Road, Maitidevi, Kathmandu",Kathmandu,15000000,0,0,0.0,0,East,,251,0-8-0-0 Aana,45 Feet / Blacktopped,45 Feet ,Blacktopped,N/A Aana,2 months ago,[],Sale,2738.0,,5478.45142439737,Maitidevi,45.0,,2.0,1,0,16.52356082573315,7.915348169263078,0.0017421602787456446,5478.45142439737,7674925.781255497,95.4416293722939
"1.5 Storey House : House For Sale In Imadol, Lalitpur","Nearby Buddha party palace, Imadol, Lalitpur",Lalitpur,13000000,4,2,1.5,1,North East,2076.0,786,0-3-0-0 Aana,13 Feet / Gravelled,13 Feet ,Gravelled,750 Aana,2 months ago,"['Drainage', 'Water Supply', 'Water Tank', 'Parking']",Sale,1026.75,256687.5,12661.309958607257,Imadol,13.0,2019.0,1.0,0,4,16.380459992348886,6.935127225777988,0.050522648083623695,16278.8270896379,13531145.409699988,-3.9253543851448724
"Commercial House Sale At Satungal Near By APF Hospital ,घर वा जमिनको साथ साटासाट गर्न सकिन्छ : House For Sale In Satungal, Kathmandu","satungal,kathmandu, Satungal, Kathmandu",Kathmandu,42500000,28,0,5.0,0,East,,460,0-5-1-1 Aana,29 Feet,29 Feet,Unknown,0-5-1 Aana,2 months ago,"['TV Cable', 'Drainage', 'Balcony', 'Water Supply', 'Electricity Backup']",Sale,1818.203125,449.203125,23374.72607742878,Satungal,29.0,,2.0,1,5,17.565014657424058,7.506153840782835,0.003484320557491289,11066.47187728269,35103888.59028105,21.069208303511594
"Attractive Land For Sale At Shankharapur , Kathmandu : Land For Sale In Gokarneshwor, Kathmandu","Shankharapur, Gokarneshwor, Kathmandu",Kathmandu,1300000,0,0,0.0,0,North,,516,14 Aana,20 Feet / Blacktopped,20 Feet ,Blacktopped,14 Aana,2 months ago,[],Sale,4791.5,4791.5,271.3137848272983,Gokarneshwor,20.0,,2.0,1,0,14.077875591662238,8.4748074749198,0.0040650406504065045,271.3137848272983,1328599.4167115947,-2.152598921229459
"Land For Sale In Machhegaun, Kirtipur","Chandragiri nagarpalika -9, Machhegaun, Kirtipur",Kirtipur,1800000,0,0,0.0,0,East,,503,0-4-3-0 Aana,12 Feet / Blacktopped,12 Feet ,Blacktopped,N/A Sq. Feet,2 months ago,[],Sale,1625.6875,,1107.2238668255739,Machhegaun,12.0,,2.0,1,0,14.403297778421795,7.394301017474119,0.003484320557491289,1344.046749452155,1767961.5442913957,1.8121692642045228
"Commercial LAnd : Land For Sale In Balkhu, Kathmandu","kalanki, Balkhu, Kathmandu",Kathmandu,10500000,0,0,0.0,0,East,,198,0-7-1-0 Aana,0 Feet,0 Feet,Unknown,N/A Aana,2 months ago,[],Sale,2481.3125,,4231.631445051762,Balkhu,0.0,,2.0,1,0,16.166885910365842,7.8169458643659855,0.003484320557491289,14435.284705554976,4349814.3820634475,141.3896106302139
"Naksal Apartment : Apartment For Sale In Hattisar, Kathmandu","Na, Hattisar, Kathmandu",Kathmandu,50000000,3,3,3.0,2,South,2070.0,1.6K,5 Ropani,20 Feet / Blacktopped,20 Feet ,Blacktopped,1500 Sq. Feet,2 months ago,['Parking'],Sale,27380.0,1500.0,1826.1504747991235,Hattisar,20.0,2013.0,7.0,0,1,17.72753358339242,10.217604621184988,0.0023228803716608595,18114.855704739162,73296526.39395095,-31.783943305495548
"House Sale At Pokhara Buspark, Chitwan : House For Sale In Bharatpur, Chitwan","Naranghat, Bharatpur, Chitwan",Chitwan,10500000,4,2,3.0,1,South,2009.0,461,4 Aana,13 Feet / Blacktopped,13 Feet ,Blacktopped,4 Aana,2 months ago,"['Water Supply', 'Drainage', 'Water Tank']",Sale,1369.0,1369.0,7669.831994156319,Bharatpur,13.0,2009.0,11.0,0,3,16.166885910365842,7.222566018822171,0.008710801393728223,6858.710562414266,12724997.640888672,-17.4852499283708
"New Residental House For Sale Near Grande Hospital : House For Sale In Tokha, Kathmandu","tokha road , saraswoti 3, Tokha, Kathmandu",Kathmandu,30000000,6,5,3.0,2,North,2019.0,434,5 Aana,14 Feet / Gravelled,14 Feet ,Gravelled,3922.08 Sq. Feet,2 months ago,"['Parking', 'Water Tank', 'Solar Water', 'Water Supply', 'Drainage', 'Balcony']",Sale,1711.25,3922.08,17531.044558071586,Tokha,14.0,2019.0,1.0,0,6,17.216707972959764,7.445563574078014,0.020905923344947737,15806.346887427968,28854280.394750785,3.9707093352348717
"Banglow For Sale : House For Sale In Bhaisepati, Lalitpur","Bhaisepati, Bhaisepati, Lalitpur",Lalitpur,31500000,4,4,3.0,1,South,2012.0,290,4.3 Aana,12 Feet / Paved,12 Feet ,Paved,N/A Aana,2 months ago,"['Garage', 'Garden', 'Balcony', 'Solar Water', 'Water Supply', 'Store Room', 'Electricity Backup']",Sale,1471.675,,21404.18230927345,Bhaisepati,12.0,2012.0,8.0,0,7,17.265498135541893,7.294835753965024,0.02264808362369338,10000.0,24341625.457769733,29.4079561558012
"House For Sale : House For Sale In Harisiddhi, Lalitpur","Harisiddhi, Harisiddhi, Lalitpur",Lalitpur,18000000,3,3,3.0,1,South East,,704,0-3-0-3 Aana,18 Feet,18 Feet,Unknown,N/A Aana,2 months ago,"['Parking', 'TV Cable', 'Water Tank', 'Deck', 'Balcony', 'Modular Kitchen', 'Drainage', 'Water Supply']",Sale,1090.921875,,16499.806642890904,Harisiddhi,18.0,,2.0,1,8,16.705882371415992,6.995694610705232,0.005226480836236934,13580.386629492074,18145057.495845675,-0.7994325500422718
"Land For Sale In Bhandara, Chitwan","Rapti Nagar, Bhandara, Chitwan",Chitwan,50000000,0,0,0.0,0,East,,305,3 Bigha,20 Feet / Soil Stabilized,20 Feet ,Soil Stabilized,N/A Sq. Feet,2 months ago,[],Sale,218700.0,,228.62368541380886,Bhandara,20.0,,2.0,1,0,17.72753358339242,12.295460779128113,0.0005807200929152149,228.62368541380886,37980362.07332015,31.646980888376564
"Fabulous Bungalow , Budhanilkantha : House For Sale In Budhanilkantha, Kathmandu","Na, Budhanilkantha, Kathmandu",Kathmandu,57500000,4,5,3.0,1,South West,2076.0,493,8 Aana,20 Feet / Paved,20 Feet ,Paved,N/A Aana,2 months ago,"['Parking', 'Garage', 'Balcony', 'Garden', 'Water Supply', 'Drainage', 'Water Well', 'Solar Water', 'Water Tank', 'Security Staff', 'Maintenance']",Sale,2738.0,,21000.73046018992,Budhanilkantha,20.0,2019.0,1.0,0,11,17.867295523158884,7.915348169263078,0.11382113821138211,13184.806428049671,47114943.01987402,22.041960181816105
"House For Sale At Lampokhari, Chabahil Main Road : House For Sale In Chabahil, Kathmandu","Lampokhari, Chabahil Main Road., Chabahil, Kathmandu",Kathmandu,30000000,0,3,3.0,1,East,,115,0-2-0-0 Aana,25 Feet / Blacktopped,25 Feet ,Blacktopped,N/A Aana,2 months ago,"['Parking', 'Balcony', 'Electricity Backup', 'Water Supply', 'Lawn', 'Fencing', 'Intercom', 'Internet', 'Water Well', 'TV Cable', 'Frontyard', 'Water Tank', 'Backyard']",Sale,684.5,,43827.61139517896,Chabahil,25.0,,2.0,1,13,17.216707972959764,6.530148499002369,0.0156794425087108,4515.572083139651,25948574.12924804,15.613289002209093
"4 Anna Land For Sale At Chabahil Beside Medicare Hospital. : Land For Sale In Chabahil, Kathmandu","Chabahil Beside Medicare Hospital, Chabahil, Kathmandu",Kathmandu,15500000,0,0,0.0,0,East,,185,0-4-0-0 Aana,18 Feet / Blacktopped,18 Feet ,Blacktopped,N/A Aana,2 months ago,[],Sale,1369.0,,11322.132943754565,Chabahil,18.0,,2.0,1,0,16.5563506464056,7.222566018822171,0.0156794425087108,4515.572083139651,5058915.204709169,206.38979648387044
"9.2 Anna Land For Sale At Baluwatar, 1 Kitta Inside From Main Road : Land For Sale In Baluwatar, Kathmandu","Baluwatar Beside Goma Petrol Pump, 1 Kitta Inside from Main Road., Baluwatar, Kathmandu",Kathmandu,7500000,0,0,0.0,0,East,,137,0-9-2-0 Aana,20 Feet / Blacktopped,20 Feet ,Blacktopped,N/A Aana,2 months ago,[],Sale,3251.375,,2306.7163892199455,Baluwatar,20.0,,2.0,1,0,15.830413711839864,8.08714077767273,0.02032520325203252,19576.333089846605,5660897.859880015,32.48781705026144
"House For Sale At Ganeshthan, Chabahil Beside Raprapa Party Office : House For Sale In Chabahil, Kathmandu","Ganeshthan, Chabahil Beside Raprapa Party Office., Chabahil, Kathmandu",Kathmandu,60000000,0,0,2.0,3,East,,135,0-9-2-0 Aana,15 Feet / Blacktopped,15 Feet ,Blacktopped,N/A Aana,2 months ago,"['Parking', 'Balcony', 'Drainage', 'Deck', 'Water Supply', 'Electricity Backup', 'Intercom', 'Solar Water', 'Lawn', 'Fencing', 'Garage', 'Frontyard', 'Internet', 'Kids Playground', 'Water Tank', 'Garden', 'Backyard', 'Wifi']",Sale,3251.375,,18453.731113759564,Chabahil,15.0,,2.0,1,18,17.909855136853043,8.08714077767273,0.0156794425087108,4515.572083139651,45170441.419660255,32.830227277533844
"Plotted Land : Land For Sale In Matatirtha, Kathmandu","Nearby Bauthali Chwok., Matatirtha, Kathmandu",Kathmandu,1200000,0,0,0.0,0,North East,,2.6K,0-4-3-0 Aana,20 Feet / Concrete,20 Feet ,Concrete,N/A Aana,2 months ago,[],Sale,1625.6875,,738.1492445503825,Matatirtha,20.0,,2.0,1,0,13.997832948091215,7.394301017474119,0.0011614401858304297,3041.4899512495185,4072084.466967937,-70.53106315121414
"0-5-0-0 Aana Commercial Land : Land For Sale In Kadaghari, Kathmandu","Nearby Suncity Apartment, Kadaghari, Kathmandu",Kathmandu,2700000,0,0,0.0,0,North East,,1.4K,0-5-0-0 Aana,12 Feet / Blacktopped,12 Feet ,Blacktopped,3600 Sq. Feet,2 months ago,"['Drainage', 'Water Supply']",Sale,1711.25,3600.0,1577.7940102264427,Kadaghari,12.0,,2.0,1,2,14.80876270134486,7.445563574078014,0.009291521486643438,11930.849768687607,4381414.973416841,-38.37607219627479
"Brand New : House For Sale In Sankhamul, Kathmandu","Nearby Valley Top Driving Center, Sankhamul, Kathmandu",Kathmandu,35000000,7,3,2.5,2,West,2076.0,1.5K,0-3-2-2 Aana,12 Feet / Paved,12 Feet ,Paved,3600 Sq. Feet,2 months ago,"['Balcony', 'Fencing', 'Modular Kitchen', 'TV Cable', 'Drainage', 'Water Supply', 'Solar Water', 'Water Tank', 'Internet', 'Parking', 'Store Room']",Sale,1240.65625,3600.0,28210.87630034508,Sankhamul,12.0,2019.0,1.0,0,11,17.370858648025116,7.124201452848615,0.0040650406504065045,3287.070854638422,28167634.745457314,24.256084390062476
"0-9-0-0 Aana Land : Land For Sale In Kalanki, Kathmandu","Maitrinagar, Kalanki, Kathmandu",Kathmandu,3600000,0,0,0.0,0,East,,1.2K,0-9-0-0 Aana,16 Feet / Blacktopped,16 Feet ,Blacktopped,N/A Aana,2 months ago,"['Fencing', 'TV Cable', 'Drainage', 'Water Supply', 'Internet']",Sale,3080.25,,1168.736303871439,Kalanki,16.0,,2.0,1,5,15.096444681204078,8.033090637791,0.012195121951219513,2045.2885317750183,6056424.053234127,-40.5589838433192
"House On Sale At Chabahil (50m Towards Ganeshsthan) ) : House For Sale In Chabahil, Kathmandu","Chabahil, Charumati bihar, Chabahil, Kathmandu",Kathmandu,25000000,6,4,4.0,2,East,2000.0,479,2.5 Aana,20 Feet / Paved,20 Feet ,Paved,2.5 Aana,2 months ago,"['Parking', 'Balcony', 'Drainage', 'Water Supply', 'Water Tank', 'Internet', 'Kids Playground']",Sale,855.625,855.625,29218.407596785975,Chabahil,20.0,2000.0,20.0,0,7,17.034386422832473,6.753000249905988,0.0156794425087108,4515.572083139651,24444033.18257097,2.2744479737715406
"Beautiful House Sale At Gothatar, Bhaktapur, Nepal : House For Sale In Gothatar, Kathmandu","Gothatar, Gothatar, Kathmandu",Kathmandu,15500000,0,0,2.0,0,North,2015.0,601,0-3-2-0 Aana,13 Feet / Blacktopped,13 Feet ,Blacktopped,0-3-2-0 Aana,2 months ago,"['Parking', 'Balcony', 'Internet', 'Water Tank']",Sale,1197.875,1197.875,12939.580507148075,Gothatar,13.0,2015.0,5.0,0,4,16.5563506464056,7.089138896048115,0.004645760743321719,14261.365612716963,20420523.620336898,-24.095971836082228
"13 Anna Land For Sale At Chabahil Main Road, Inside Ring Road Track. : Land For Sale In Chabahil, Kathmandu","13 Anna Land For Sale At Chabahil Main Road, Inside Ring Road Track., Chabahil, Kathmandu",Kathmandu,9500000,0,0,0.0,0,East,,123,0-13-0-0 Aana,40 Feet / Blacktopped,40 Feet ,Blacktopped,N/A Aana,2 months ago,[],Sale,4449.25,,2135.1913243805134,Chabahil,40.0,,2.0,1,0,16.066802461833923,8.400715553357543,0.0156794425087108,4515.572083139651,5455399.644762307,74.13939616909434
"House For Sale At Putalisadak Behind Star Mall, Just 100 Meters From Main Road. : House For Sale In Putalisadak, Kathmandu","Putalisadak Behind Star Mall, 100 Meters From Main Road, Putalisadak, Kathmandu",Kathmandu,75000000,0,0,5.0,0,East,,215,0-9-0-0 Aana,12 Feet / Blacktopped,12 Feet ,Blacktopped,N/A Aana,2 months ago,"['Parking', 'Balcony', 'Drainage', 'Electricity Backup', 'Water Supply', 'Lawn', 'Fencing', 'Intercom', 'Internet', 'Water Well', 'Frontyard', 'Garage', 'TV Cable', 'Garden', 'Water Tank', 'Kids Playground', 'CCTV', 'Backyard']",Sale,3080.25,,24348.672997321646,Putalisadak,12.0,,2.0,1,18,18.132998684833918,8.033090637791,0.0023228803716608595,14303.106194998087,65134715.459500186,15.145970118859125
"13 Anna Land At For Sale At Chabahil, Dhobikhola Corridor : Land For Sale In Chabahil, Kathmandu","Chabahil, Dhobikhola Corridor, Chabahil, Kathmandu",Kathmandu,3500000,0,0,0.0,0,East,,201,0-13-0-0 Aana,25 Feet / Blacktopped,25 Feet ,Blacktopped,N/A Aana,2 months ago,[],Sale,4449.25,,786.649435298084,Chabahil,25.0,,2.0,1,0,15.068273812173887,8.400715553357543,0.0156794425087108,4515.572083139651,5097810.0972138,-31.343068234085074
"40 Anna Commercial Land For Sale At Nardevi Basantapur, New Road : Land For Sale In Basantapur, Kathmandu","West Of Nardevi Temple At Nardevi, Basantapur, New Road., Basantapur, Kathmandu",Kathmandu,7500000,0,0,0.0,0,East,,192,0-40-0-0 Aana,15 Feet / Blacktopped,15 Feet ,Blacktopped,N/A Aana,2 months ago,[],Sale,13690.0,,547.8451424397371,Basantapur,15.0,,2.0,1,0,15.830413711839864,9.524493961633755,0.0011614401858304297,4523.922571219869,6662984.233292045,12.562175406715657
"House At Chabahil Beside Pashupati Campus, 100 Meter From Ring Road : House For Sale In Chabahil, Kathmandu","Chabahil Beside Pashupati Campus, 100 Meter From Ring Road, Chabahil, Kathmandu",Kathmandu,75000000,0,0,3.0,0,East,,150,0-10-0-0 Aana,16 Feet / Gravelled,16 Feet ,Gravelled,N/A Aana,2 months ago,"['Parking', 'Balcony', 'Microwave', 'Drainage', 'Electricity Backup', 'Water Supply', 'Modular Kitchen', 'Deck', 'Lawn', 'Fencing', 'Solar Water', 'Intercom', 'Internet', 'Water Well', 'TV Cable', 'Frontyard', 'Garage', 'Air Condition', 'Garden', 'Washing Machine', 'Water Tank', 'Kids Playground', 'Wifi', 'Backyard']",Sale,3422.5,,21913.80569758948,Chabahil,16.0,,2.0,1,24,18.132998684833918,8.138418698561118,0.0156794425087108,4515.572083139651,42910591.0876336,74.78202490110708
"8 Anna Land For Sale At Sifal, Chabahil : Land For Sale In Chabahil, Kathmandu","Sifal, Chabahil, Chabahil, Kathmandu",Kathmandu,4500000,0,0,0.0,0,East,,94,0-8-0-0 Aana,16 Feet / Blacktopped,16 Feet ,Blacktopped,N/A Aana,2 months ago,[],Sale,2738.0,,1643.535427319211,Chabahil,16.0,,2.0,1,0,15.319588176962746,7.915348169263078,0.0156794425087108,4515.572083139651,4896917.90737299,-8.105463781113723
"9 Anna Perfect Residential Land For Sale At Budhanilkantha : Land For Sale In Budhanilkantha, Kathmandu","Budhanilkantha, Budhanilkantha, Kathmandu",Kathmandu,3700000,0,0,0.0,0,East,,131,0-9-0-0 Aana,16 Feet / Gravelled,16 Feet ,Gravelled,N/A Aana,2 months ago,[],Sale,3080.25,,1201.2012012012012,Budhanilkantha,16.0,,2.0,1,0,15.123843647884687,8.033090637791,0.11382113821138211,13184.806428049671,3270454.4724603826,13.134123442374898
"6 Anna House For Sale At Ratopul : House For Sale In Ratopul, Kathmandu","Ratopul, Ratopul, Kathmandu",Kathmandu,39500000,0,0,4.0,3,East,,228,0-6-0-0 Aana,18 Feet / Blacktopped,18 Feet ,Blacktopped,N/A Aana,2 months ago,"['Parking', 'Balcony', 'Drainage', 'Electricity Backup', 'Water Supply', 'Lawn', 'Fencing', 'Solar Water', 'Internet', 'Intercom', 'Water Well', 'TV Cable', 'Frontyard', 'Garage', 'Garden', 'Washing Machine', 'Water Tank', 'Kids Playground', 'Wifi', 'Backyard']",Sale,2053.5,,19235.4516678841,Ratopul,18.0,,2.0,1,20,17.491811255187805,7.627787788323465,0.0005807200929152149,19235.4516678841,42867695.35288073,-7.8560214752819
"10 Anna Land For Sale At Basbari Behind Shambhala Hotel : Land For Sale In Basbari, Kathmandu","Basbari Behind Shambhala Hotel, Basbari, Kathmandu",Kathmandu,5000000,0,0,0.0,0,East,,105,0-10-0-0 Aana,16 Feet / Gravelled,16 Feet ,Gravelled,N/A Aana,2 months ago,[],Sale,3422.5,,1460.9203798392987,Basbari,16.0,,2.0,1,0,15.424948670398354,8.138418698561118,0.0040650406504065045,14297.16255221372,5464848.25046181,-8.506151116319248
"Golfutar Family Bungalow : House For Sale In Golfutar, Kathmandu","Na, Golfutar, Kathmandu",Kathmandu,37000000,5,6,3.0,2,South,2076.0,492,4 Aana,20 Feet / Blacktopped,20 Feet ,Blacktopped,N/A Aana,2 months ago,"['Garage', 'Parking', 'Water Supply', 'Drainage', 'Water Well', 'Solar Water']",Sale,1369.0,,27027.027027027027,Golfutar,20.0,2019.0,1.0,0,6,17.426428497635523,7.222566018822171,0.018002322880371662,15420.826231637042,32554329.14037951,13.656158726079227
"House On SALE In Dhapakhel : House For Sale In Dhapakhel, Lalitpur","dhapakhel height, Dhapakhel, Lalitpur",Lalitpur,25600000,0,0,4.0,1,East,2013.0,101,0-4-0-0 Aana,10 Feet / Gravelled,10 Feet ,Gravelled,4100 Sq. Feet,2 months ago,"['Parking', 'Balcony', 'Fencing', 'Wifi', 'Water Supply', 'Solar Water', 'Water Well', 'Water Tank', 'Internet']",Sale,1369.0,4100.0,18699.780861943025,Dhapakhel,10.0,2013.0,7.0,0,9,17.05810294851229,7.222566018822171,0.005807200929152149,14214.98718796016,24664111.195816368,3.7945369154124706
"Fully Furnished Brand New House For Sale At Housing, Budhanilkantha. : House For Sale In Budhanilkantha, Kathmandu","Road Show Housing, Budhanilkantha., Budhanilkantha, Kathmandu",Kathmandu,36500000,5,4,2.0,2,East,2020.0,350,0-5-5-0 Aana,20 Feet / Blacktopped,20 Feet ,Blacktopped,N/A Aana,2 months ago,"['Parking', 'Balcony', 'Microwave', 'Drainage', 'Cafeteria', 'Electricity Backup', 'Water Supply', 'Modular Kitchen', 'Deck', 'Jacuzzi', 'Lawn', 'Fencing', 'Swimming Pool', 'Solar Water', 'Intercom', 'Internet', 'Water Well', 'TV Cable', 'Frontyard', 'Garage', 'Air Condition', 'Garden', 'Washing Machine', 'Kids Playground', 'Water Tank', 'Backyard', 'Gym', 'Wifi', 'CCTV', 'Lift']",Sale,2139.0625,,17063.55003652301,Budhanilkantha,20.0,2020.0,0.0,0,30,17.41282284594998,7.668590313196899,0.11382113821138211,13184.806428049671,36451274.40123059,0.1336732379589079
"Bungalow For Sale At Golfutar Height, 80 Meter From Highway : House For Sale In Golfutar, Kathmandu","Golfutar Height, 80 Meter From Highway, Golfutar, Kathmandu",Kathmandu,102500000,5,0,2.0,0,East,,266,1-3-0-0 Aana,20 Feet / Blacktopped,20 Feet ,Blacktopped,N/A Aana,2 months ago,"['Parking', 'Balcony', 'Microwave', 'Drainage', 'Cafeteria', 'Electricity Backup', 'Water Supply', 'Modular Kitchen', 'Deck', 'Jacuzzi', 'Lawn', 'Fencing', 'Swimming Pool', 'Solar Water', 'Intercom', 'Internet', 'Water Well', 'TV Cable', 'Frontyard', 'Garage', 'Air Condition', 'Garden', 'Washing Machine', 'Water Tank', 'Kids Playground', 'Lift', 'CCTV', 'Wifi', 'Gym', 'Backyard']",Sale,6502.75,,15762.56199300296,Golfutar,20.0,,2.0,1,30,18.445373366298835,8.780134212604514,0.018002322880371662,15420.826231637042,108105941.1737272,-5.185599526596232
"30 Dhur For Sale - Pokharia - Biratnagar : Land For Sale In Pokharia, Biratnagar","Pratap Marg, Pokharia, Biratnagar",Biratnagar,899999,0,0,0.0,0,East,,129,30 Dhur,0 Feet / Blacktopped,0 Feet ,Blacktopped,N/A Dhur,2 months ago,[],Sale,5467.5,,164.60887059899406,Pokharia,0.0,,2.0,1,0,13.710150042306449,8.60675963477528,0.0005807200929152149,164.60887059899406,563762.8474931268,59.64141730907029
"Brand New House For Sale At Sano Bharyang : House For Sale In Sanobharyang, Kathmandu","Sano Bharyang, Sanobharyang, Kathmandu",Kathmandu,22500000,5,3,3.0,1,East,2020.0,238,0-3-1-0 Aana,14 Feet / Blacktopped,14 Feet ,Blacktopped,N/A Aana,2 months ago,"['Parking', 'Lawn', 'Garage', 'Air Condition', 'Backyard', 'Garden', 'Frontyard', 'Fencing', 'Deck', 'Balcony', 'Microwave', 'Modular Kitchen', 'TV Cable', 'Washing Machine', 'Wifi', 'CCTV', 'Water Tank', 'Water Well', 'Solar Water', 'Water Supply', 'Drainage', 'Cafeteria', 'Electricity Backup', 'Intercom', 'Internet']",Sale,1112.3125,,20228.128336236445,Sanobharyang,14.0,2020.0,0.0,0,25,16.929025911619092,7.015095084552704,0.0023228803716608595,20717.518537919583,22791922.38627174,-1.280815112145059
"Brand New House For Sale At Sano Bharyang Near Ring Road : House For Sale In Sano Bharyang, Kathmandu","Sano Bharyang Near Ring Road, Sano Bharyang, Kathmandu",Kathmandu,23500000,5,3,3.0,2,East,2020.0,175,0-3-0-0 Aana,15 Feet / Blacktopped,15 Feet ,Blacktopped,N/A Aana,2 months ago,"['Parking', 'Lawn', 'Garage', 'Air Condition', 'Backyard', 'Garden', 'Frontyard', 'Fencing', 'Deck', 'Balcony', 'Modular Kitchen', 'TV Cable', 'Washing Machine', 'Wifi', 'CCTV', 'Water Tank', 'Water Well', 'Solar Water', 'Water Supply', 'Drainage', 'Cafeteria', 'Electricity Backup', 'Intercom', 'Internet', 'Kids Playground']",Sale,1026.75,,22887.752617482347,Sano Bharyang,15.0,2020.0,0.0,0,25,16.97251102166758,6.935127225777988,0.0017421602787456446,22887.752617482347,25691700.311634596,-8.530771747489501
"Brand New House For Sale At Pasikot, Budhanilkantha : House For Sale In Budhanilkantha, Kathmandu","Pasikot, Budhanilkantha, Budhanilkantha, Kathmandu",Kathmandu,22500000,4,3,3.0,1,East,2076.0,271,0-3-0-3 Aana,15 Feet / Gravelled,15 Feet ,Gravelled,N/A Aana,2 months ago,"['Parking', 'Lawn', 'Garage', 'Backyard', 'Garden', 'Frontyard', 'Fencing', 'Deck', 'Balcony', 'Microwave', 'Modular Kitchen', 'TV Cable', 'Washing Machine', 'Wifi', 'CCTV', 'Water Tank', 'Water Well', 'Solar Water', 'Water Supply', 'Drainage', 'Cafeteria', 'Electricity Backup', 'Intercom', 'Internet']",Sale,1090.921875,,20624.75830361363,Budhanilkantha,15.0,2019.0,1.0,0,24,16.929025911619092,6.995694610705232,0.11382113821138211,13184.806428049671,20593364.336996153,9.258495269656159
"5 Bhk House New House At Rudreshwor Budhanilkanta 200 Mtr From Highway : House For Sale In Budhanilkantha, Kathmandu","Rudreshwor Budhanilkanta 200 Mtr From Highway, Budhanilkantha, Kathmandu",Kathmandu,32500000,5,4,3.0,1,East,2020.0,204,0-4-0-0 Aana,15 Feet / Gravelled,15 Feet ,Gravelled,N/A Aana,2 months ago,"['Parking', 'Lawn', 'Garage', 'Air Condition', 'Backyard', 'Garden', 'Frontyard', 'Fencing', 'Deck', 'Balcony', 'Microwave', 'Modular Kitchen', 'TV Cable', 'Washing Machine', 'Wifi', 'CCTV', 'Water Tank', 'Water Well', 'Solar Water', 'Water Supply', 'Drainage', 'Cafeteria', 'Electricity Backup', 'Intercom', 'Internet', 'Kids Playground']",Sale,1369.0,,23739.956172388604,Budhanilkantha,15.0,2020.0,0.0,0,26,17.296750678069195,7.222566018822171,0.11382113821138211,13184.806428049671,33721362.39345721,-3.621924817883949
"12 Anna 5 Bhk Bungalow For Sale At Chapali, Budhanilkantha : House For Sale In Chapali, Kathmandu","Chapali, Budhanilkantha, Chapali, Kathmandu",Kathmandu,42500000,5,0,3.0,4,East,,210,0-12-0-0 Aana,15 Feet / Blacktopped,15 Feet ,Blacktopped,N/A Aana,2 months ago,"['Parking', 'Lawn', 'Air Condition', 'Frontyard', 'Garage', 'Backyard', 'Garden', 'Fencing', 'Deck', 'Balcony', 'Microwave', 'Modular Kitchen', 'Wifi', 'CCTV', 'Water Tank', 'Water Well', 'Electricity Backup', 'Water Supply', 'Solar Water', 'Drainage', 'Cafeteria', 'Intercom', 'Internet', 'Kids Playground']",Sale,4107.0,,10348.1860238617,Chapali,15.0,,2.0,1,24,17.565014657424058,8.32069157104845,0.008130081300813009,10348.1860238617,50146891.25730861,-15.248983666946895
"House On Sale At Mahadevsthan , Thankot : House For Sale In Thankot, Kathmandu","madevsthan, Thankot, Kathmandu",Kathmandu,11000000,10,3,2.0,0,East,2072.0,538,4 Aana,3 Feet,3 Feet,Unknown,N/A Aana,2 months ago,"['Electricity Backup', 'Solar Water']",Sale,1369.0,,8035.062089116143,Thankot,3.0,2015.0,5.0,0,2,16.213405921671733,7.222566018822171,0.005807200929152149,4704.1636230825425,13607730.51871444,-19.16359612742242
"5 Anna Semi Bungalow For Sale At Sukedhara Inside Ring Road : House For Sale In Sukedhara, Kathmandu","Sukedhara Near Chauki, Sukedhara, Kathmandu",Kathmandu,42500000,5,3,2.0,1,East,,147,0-5-0-0 Aana,12 Feet / Paved,12 Feet ,Paved,N/A Aana,2 months ago,"['Parking', 'Lawn', 'Garage', 'Air Condition', 'Backyard', 'Garden', 'Fencing', 'Frontyard', 'Deck', 'Balcony', 'Microwave', 'Modular Kitchen', 'TV Cable', 'Washing Machine', 'Wifi', 'CCTV', 'Water Tank', 'Water Well', 'Solar Water', 'Water Supply', 'Drainage', 'Cafeteria', 'Electricity Backup', 'Intercom', 'Internet', 'Kids Playground']",Sale,1711.25,,24835.646457268078,Sukedhara,12.0,,2.0,1,26,17.565014657424058,7.445563574078014,0.013356562137049941,20452.885317750184,42061031.75957023,1.0436459165790366
"House For Sale In Budhanilkantha, Kathmandu","Ganesh Chowk, Budhanilkantha, Kathmandu",Kathmandu,35000000,5,4,2.0,2,East,2020.0,280,0-6-0-0 Aana,18 Feet / Gravelled,18 Feet ,Gravelled,N/A Aana,2 months ago,"['Parking', 'Lawn', 'Garage', 'Air Condition', 'Backyard', 'Garden', 'Frontyard', 'Fencing', 'Deck', 'Balcony', 'Microwave', 'Modular Kitchen', 'TV Cable', 'Washing Machine', 'Wifi', 'CCTV', 'Water Tank', 'Water Well', 'Solar Water', 'Water Supply', 'Drainage', 'Cafeteria', 'Electricity Backup', 'Intercom', 'Internet', 'Kids Playground']",Sale,2053.5,,17044.07109812515,Budhanilkantha,18.0,2020.0,0.0,0,26,17.370858648025116,7.627787788323465,0.11382113821138211,13184.806428049671,37724225.98294437,-7.221423135827965
"Plotting Land For Sale At Tokha In 20 Feet Pitched Road. : Land For Sale In Tokha, Kathmandu","Tokha, Tokha, Kathmandu",Kathmandu,2200000,0,0,0.0,0,East,,194,0-5-0-0 Aana,20 Feet / Blacktopped,20 Feet ,Blacktopped,N/A Aana,2 months ago,[],Sale,1711.25,,1285.6099342585828,Tokha,20.0,,2.0,1,0,14.603968372873895,7.445563574078014,0.020905923344947737,15806.346887427968,4054862.998960827,-45.74415952983339
"5 Anna Land For Sale At Chapali Ghumti : Land For Sale In Chapali, Kathmandu","Chapali, Chapali, Kathmandu",Kathmandu,2400000,0,0,0.0,0,East,,107,0-5-0-0 Aana,16 Feet / Blacktopped,16 Feet ,Blacktopped,N/A Aana,2 months ago,[],Sale,1711.25,,1402.4835646457268,Chapali,16.0,,2.0,1,0,14.690979711984754,7.445563574078014,0.008130081300813009,10348.1860238617,4318948.787409385,-44.43092247362394
"Pasikot Ghumti Land : Land For Sale In Budhanilkantha, Kathmandu","Na, Budhanilkantha, Kathmandu",Kathmandu,2400000,0,0,0.0,0,South East,,422,5 Aana,12 Feet / Gravelled,12 Feet ,Gravelled,N/A Aana,2 months ago,[],Sale,1711.25,,1402.4835646457268,Budhanilkantha,12.0,,2.0,1,0,14.690979711984754,7.445563574078014,0.11382113821138211,13184.806428049671,3008606.106132719,-20.228839690650805
"Hepali Height 13 Ana : Land For Sale In Golfutar, Kathmandu","NA, Golfutar, Kathmandu",Kathmandu,2700000,0,0,0.0,0,West,,368,13 Aana,13 Feet / Blacktopped,13 Feet ,Blacktopped,N/A Aana,2 months ago,[],Sale,4449.25,,606.8438500870933,Golfutar,13.0,,2.0,1,0,14.80876270134486,8.400715553357543,0.018002322880371662,15420.826231637042,4151490.7608864177,-34.96312155049813
"Tokha Plotting Land : Land For Sale In Tokha, Kathmandu","NA, Tokha, Kathmandu",Kathmandu,2300000,0,0,0.0,0,East,,415,6 Aana,20 Feet / Blacktopped,20 Feet ,Blacktopped,N/A Aana,2 months ago,[],Sale,2053.5,,1120.0389578767956,Tokha,20.0,,2.0,1,0,14.648420115681892,7.627787788323465,0.020905923344947737,15806.346887427968,3947457.7496899166,-41.73465187358443
"Golfutar Height Bungalow : House For Sale In Golfutar, Kathmandu","Na, Golfutar, Kathmandu",Kathmandu,37000000,5,5,3.0,1,South,2076.0,1.2K,4 Aana,20 Feet / Blacktopped,20 Feet ,Blacktopped,N/A Aana,2 months ago,"['Parking', 'Garage', 'Water Supply', 'Drainage', 'Solar Water', 'Water Well', 'Water Tank']",Sale,1369.0,,27027.027027027027,Golfutar,20.0,2019.0,1.0,0,7,17.426428497635523,7.222566018822171,0.018002322880371662,15420.826231637042,32193941.161499128,14.928457545447896
"Sukedhara New Home : House For Sale In Sukedhara, Kathmandu","Na, Sukedhara, Kathmandu",Kathmandu,45000000,6,6,3.0,3,East,2076.0,198,6 Aana,20 Feet / Blacktopped,20 Feet ,Blacktopped,N/A Aana,2 months ago,"['Parking', 'Garage', 'Water Supply', 'Drainage', 'Water Well', 'Solar Water']",Sale,2053.5,,21913.80569758948,Sukedhara,20.0,2019.0,1.0,0,6,17.622173069956816,7.627787788323465,0.013356562137049941,20452.885317750184,45754631.19338568,-1.649300133567185
"Land For Sale In Birgunj, Parsa","Shreepur-11 Birgunj Nepal, Birgunj, Parsa",Parsa,550000,0,0,0.0,0,South,,164,4.5 Dhur,6 Feet,6 Feet,Unknown,N/A Aana,2 months ago,[],Sale,820.125,,670.6294772138393,Birgunj,6.0,,2.0,1,0,13.217675375388819,6.710675351212637,0.0023228803716608595,381.6066042116382,743827.1236894567,-26.05808762768086
"11 Ana House For Sale At Bagdol : House For Sale In Baghdol, Lalitpur","Enar Chowk, Baghdol, Lalitpur",Lalitpur,39000000,2,1,1.0,2,East,,362,11 Aana,0 Feet,0 Feet,Unknown,N/A Aana,2 months ago,"['Fencing', 'Frontyard', 'Backyard', 'Garden', 'Drainage', 'Water Well', 'Parking', 'Water Tank', 'Lawn']",Sale,3764.75,,10359.253602496845,Baghdol,0.0,,2.0,1,9,17.479072229734946,8.233702323582925,0.0011614401858304297,6238.794076631914,31161622.539721455,25.153945210288814
"House For Sale At Manamaiju : House For Sale In Manamaiju, Kathmandu","Kathmandu, Manmaiju, Manamaiju, Kathmandu",Kathmandu,17000000,5,3,3.0,1,East,,764,3.75 Aana,12 Feet / Paved,12 Feet ,Paved,N/A Aana,2 months ago,"['Balcony', 'Parking', 'Solar Water', 'Drainage', 'Water Supply']",Sale,1283.4375,,13245.678110542975,Manamaiju,12.0,,2.0,1,5,16.648723960844016,7.158076158301139,0.005807200929152149,14828.341855368883,19275515.180497736,-11.805210699634214
"Residential : House For Sale In Goldhunga, Kathmandu","Nagarjun School, Goldhunga, Kathmandu",Kathmandu,16500000,6,3,2.5,1,South East,2076.0,5.7K,0-3-0-0 Aana,10 Feet / Gravelled,10 Feet ,Gravelled,N/A Aana,2 months ago,"['Balcony', 'TV Cable', 'Drainage', 'Water Supply', 'Water Tank', 'Parking', 'Store Room']",Sale,1026.75,,16070.124178232287,Goldhunga,10.0,2019.0,1.0,0,7,16.61887099947687,6.935127225777988,0.005226480836236934,5064.523983442902,17534987.37438286,-5.902413000279032
"Ramkot House : House For Sale In Sitapaila, Kathmandu","Ramkot, Sitapaila, Kathmandu",Kathmandu,20500000,4,4,2.5,1,East,2076.0,7.8K,0-3-3-0 Aana,13 Feet / Blacktopped,13 Feet ,Blacktopped,2300 Sq. Feet,2 months ago,"['Balcony', 'Fencing', 'Modular Kitchen', 'TV Cable', 'Wifi', 'Drainage', 'Water Supply', 'Solar Water', 'Water Tank', 'Parking', 'Store Room']",Sale,1283.4375,2300.0,15972.729486242999,Sitapaila,13.0,2019.0,1.0,0,11,16.835935492889124,7.158076158301139,0.013937282229965157,14791.8188458729,21853562.960591897,-6.1937861713110625
"Ghar Bikrima : House For Sale In Imadol, Lalitpur","Bojopokhari, Imadol, Lalitpur",Lalitpur,25000000,7,6,3.0,3,North East,2020.0,304,4.75 Aana,13 Feet / Blacktopped,13 Feet ,Blacktopped,N/A Aana,2 months ago,"['Backyard', 'Balcony', 'Frontyard', 'Modular Kitchen', 'Drainage', 'Water Supply', 'Solar Water', 'Water Tank', 'Water Well', 'Parking']",Sale,1625.6875,,15378.109261466303,Imadol,13.0,2020.0,0.0,0,10,17.034386422832473,7.394301017474119,0.050522648083623695,16278.8270896379,26056366.095071074,-4.0541574032877135
"2 Storey House On Sale At Gathaghar : House For Sale In Gatthaghar, Bhaktapur","kausaltar, Gatthaghar, Bhaktapur",Bhaktapur,12500000,0,0,2.0,0,East,,1.9K,3 Aana,16 Feet,16 Feet,Unknown,N/A Aana,2 months ago,['Parking'],Sale,1026.75,,12174.336498660823,Gatthaghar,16.0,,2.0,1,1,16.341239282272525,6.935127225777988,0.0017421602787456446,12174.336498660823,12760517.008675227,-2.0415866261383817
"Ghar Bikrima : House For Sale In Imadol, Lalitpur","Imadol, Imadol, Lalitpur",Lalitpur,21000000,4,5,1.0,1,South West,2019.0,621,4 Aana,20 Feet / Gravelled,20 Feet ,Gravelled,2200 Aana,2 months ago,[],Sale,1369.0,752950.0,15339.663988312637,Imadol,20.0,2019.0,1.0,0,0,16.860033043306743,7.222566018822171,0.050522648083623695,16278.8270896379,22068432.385974817,-4.84145120635682
"Land On Sale : Land For Sale In Changunarayan, Bhaktapur","Duwakot, Changunarayan, Bhaktapur",Bhaktapur,3500000,0,0,0.0,0,East,,393,0-12-2-0 Aana,500 Meter,500 Meter,Unknown,0-12-2-0 Aana,2 months ago,[],Sale,4278.125,4278.125,818.1154127100073,Changunarayan,1640.42,,2.0,1,0,15.068273812173887,8.361503828422954,0.003484320557491289,774.2878013148284,2305431.8875484234,51.81537216099974
"House And Land On Sale : Land For Sale In Godawari, Lalitpur","Taukhel, Godawari, Lalitpur",Lalitpur,2000000,0,0,0.0,0,East,,191,3-10-1-0 Ropani,500 Meter,500 Meter,Unknown,3-10-1-0 Ropani,2 months ago,[],Sale,19936.0625,19936.0625,100.32071277866429,Godawari,1640.42,,2.0,1,0,14.508658238524095,9.90033571571277,0.005807200929152149,818.1154127100073,2435803.6127447463,-17.89157428228247
"4 Aana Land : Land For Sale In Budhanilkantha, Kathmandu","Budhanilkantha Mandir, Budhanilkantha, Kathmandu",Kathmandu,2500000,0,0,0.0,0,West,,1.4K,0-4-0-0 Aana,12 Feet / Gravelled,12 Feet ,Gravelled,N/A Aana,2 months ago,"['Drainage', 'Water Supply']",Sale,1369.0,,1826.1504747991235,Budhanilkantha,12.0,,2.0,1,2,14.731801689838349,7.222566018822171,0.11382113821138211,13184.806428049671,3481444.60830192,-28.190728813020556
"Land On Sale : Land For Sale In Teku, Kathmandu","Mayalbari, Teku, Kathmandu",Kathmandu,6000000,0,0,0.0,0,East,,118,2-1-2-0 Aana,300 Meter,300 Meter,Unknown,2-1-2-0 Aana,2 months ago,[],Sale,11465.375,11465.375,523.31476292751,Teku,984.252,,2.0,1,0,15.607270193858982,9.347174118323366,0.0017421602787456446,12783.053323593864,9326596.279650275,-35.66784901913878
"Harmony Residency : House For Sale In Bhaisepati, Lalitpur","Sainbu, Bhaisepati, Lalitpur",Lalitpur,35200000,4,4,0.0,1,East,2020.0,209,0-5-2-0 Aana,20 Feet / Blacktopped,20 Feet ,Blacktopped,2380 Sq. Feet,2 months ago,"['Balcony', 'Fencing', 'TV Cable', 'Water Supply', 'Drainage', 'CCTV', 'Parking']",Sale,1882.375,2380.0,18699.780861943025,Bhaisepati,20.0,2020.0,0.0,0,7,17.376556668977415,7.540820659121453,0.02264808362369338,10000.0,32816743.898465123,7.262317397815768
"Harmony Residency : House For Sale In Bhaisepati, Lalitpur","Sainbu, Bhaisepati, Lalitpur",Lalitpur,37100000,4,4,0.0,1,West,2020.0,380,0-6-0-0 Aana,20 Feet / Blacktopped,20 Feet ,Blacktopped,2380 Sq. Feet,2 months ago,"['Balcony', 'TV Cable', 'Water Supply', 'Drainage', 'Parking']",Sale,2053.5,2380.0,18066.71536401266,Bhaisepati,20.0,2020.0,0.0,0,5,17.429127554531842,7.627787788323465,0.02264808362369338,10000.0,33805890.61149868,9.744187562923909
"3-Storey House For Sale In Gairidhara : House For Sale In Gairidhara, Kathmandu","Gairidhara, Gairidhara, Kathmandu",Kathmandu,55000000,4,5,3.0,4,East,,786,0-5-0-0 Aana,14 Feet / Paved,14 Feet ,Paved,N/A Aana,2 months ago,"['Balcony', 'Modular Kitchen', 'Drainage', 'Water Supply', 'Parking', 'Store Room', 'Security Staff']",Sale,1711.25,,32140.248356464574,Gairidhara,14.0,,2.0,1,7,17.822843761378564,7.445563574078014,0.0011614401858304297,19722.425127830535,45789511.443975836,20.114843477404946
"Harmony Residency : House For Sale In Bhaisepati, Lalitpur","Sainbu, Bhaisepati, Lalitpur",Lalitpur,34500000,4,4,0.0,1,West,2020.0,193,0-5-1-0 Aana,20 Feet / Blacktopped,20 Feet ,Blacktopped,2380 Sq. Feet,2 months ago,"['Balcony', 'Fencing', 'TV Cable', 'Water Supply', 'Drainage', 'CCTV', 'Parking']",Sale,1796.8125,2380.0,19200.667849316498,Bhaisepati,20.0,2020.0,0.0,0,7,17.356469910987094,7.494325927057613,0.02264808362369338,10000.0,32710202.918162234,5.471678321029268
"Land For Sale At Gokarna : Land For Sale In Gokarneshwor, Kathmandu","Gokarna, Gokarneshwor, Kathmandu",Kathmandu,1650000,0,0,0.0,0,West,,433,22 Aana,28 Feet,28 Feet,Unknown,N/A Aana,2 months ago,[],Sale,7529.5,,219.1380569758948,Gokarneshwor,28.0,,2.0,1,0,14.316286451937186,8.926716719651903,0.0040650406504065045,271.3137848272983,1433933.284968996,15.068114904360824
"Budhanilkantha Furnished Bungalow : House For Sale In Budhanilkantha, Kathmandu","Na, Budhanilkantha, Kathmandu",Kathmandu,45000000,5,6,3.0,3,North East,2075.0,559,6 Aana,13 Feet / Paved,13 Feet ,Paved,N/A Aana,2 months ago,"['Garage', 'Balcony', 'Air Condition', 'Garden', 'Modular Kitchen', 'Drainage', 'Solar Water', 'Water Supply', 'Water Tank', 'Parking']",Sale,2053.5,,21913.80569758948,Budhanilkantha,13.0,2018.0,2.0,0,10,17.622173069956816,7.627787788323465,0.11382113821138211,13184.806428049671,40871798.70158368,10.100366094865208
"Sanobharyang 3.1 Ana 1.3 Km : House For Sale In Sanobharyang, Kathmandu","Na, Sanobharyang, Kathmandu",Kathmandu,22500000,6,5,3.0,1,East,2076.0,274,3.1 Aana,14 Feet / Gravelled,14 Feet ,Gravelled,N/A Aana,2 months ago,"['Garage', 'Modular Kitchen', 'Drainage', 'Water Tank', 'Water Supply']",Sale,1060.9750000000001,,21206.90873960272,Sanobharyang,14.0,2019.0,1.0,0,5,16.929025911619092,6.967885661035161,0.0023228803716608595,20717.518537919583,26323757.609683525,-14.52588063748508
"Hetauda Children Park Najik Pragati Path Ma Ghar Jagga Bikrima : House For Sale In Hetauda, Makwanpur","pragati path hetauda-5, Hetauda, Makwanpur",Makwanpur,700000,4,2,1.0,1,North,,183,22 Dhur,4 Meter / Paved,4 Meter ,Paved,10 Dhur,2 months ago,"['Parking', 'Water Supply', 'Garden']",Sale,4009.5,1822.5,174.58535977054495,Hetauda,13.12336,,2.0,1,3,13.45883704259595,8.29667120080698,0.004645760743321719,301.7832647462277,17092630.706242733,-95.90466785347243
"Land Sale In Lele : Land For Sale In Lele, Lalitpur","lele, Lele, Lalitpur",Lalitpur,700000,0,0,0.0,0,East,,240,0-4-1-2 Aana,0 Feet / Paved,0 Feet ,Paved,N/A Aana,2 months ago,[],Sale,1497.34375,,467.4945215485756,Lele,0.0,,2.0,1,0,13.45883704259595,7.312115610382522,0.0005807200929152149,467.4945215485756,850132.3966827005,-17.659884186102275
"Sanobharyang Home : House For Sale In Swayambhu, Kathmandu","na, Swayambhu, Kathmandu",Kathmandu,23500000,6,5,3.0,1,East,2076.0,200,3 Aana,13 Feet / Paved,13 Feet ,Paved,N/A Aana,2 months ago,['Garage'],Sale,1026.75,,22887.752617482347,Swayambhu,13.0,2019.0,1.0,0,1,16.97251102166758,6.935127225777988,0.011033681765389082,13333.333333333334,21521234.850621052,9.194477747738743
"Golfutar Bungalow For Sale : House For Sale In Golfutar, Kathmandu","NA, Golfutar, Kathmandu",Kathmandu,102500000,6,6,3.0,4,East,2076.0,155,19 Aana,13 Feet / Blacktopped,13 Feet ,Blacktopped,N/A Aana,2 months ago,"['Garage', 'Lawn', 'Balcony', 'Fencing', 'Frontyard', 'Garden', 'Modular Kitchen', 'Washing Machine', 'Drainage', 'Water Supply', 'Solar Water', 'Water Tank', 'Kids Playground', 'Security Staff', 'Store Room']",Sale,6502.75,,15762.56199300296,Golfutar,13.0,2019.0,1.0,0,15,18.445373366298835,8.780134212604514,0.018002322880371662,15420.826231637042,109291432.61269456,-6.214057635022449
"Harmony Residency : House For Sale In Bhaisepati, Lalitpur","Sainbu, Bhaisepati, Lalitpur",Lalitpur,28200000,4,4,2.0,1,North East,2020.0,3.1K,0-4-1-0 Aana,40 Feet / Blacktopped,40 Feet ,Blacktopped,2067 Aana,2 months ago,"['Garage', 'Balcony', 'Fencing', 'TV Cable', 'Drainage', 'Water Tank', 'CCTV', 'Parking']",Sale,1454.5625,707430.75,19387.272805396813,Bhaisepati,40.0,2020.0,0.0,0,8,17.154832571369333,7.283147702834008,0.02264808362369338,10000.0,28272811.345454574,-0.25753132422849606
"House For Sale In Kadaghari, Kathmandu","Birendrachowk , kadaghari, Kadaghari, Kathmandu",Kathmandu,13000000,2,1,1.0,2,East,2014.0,256,3-2 Aana,10 Feet / Gravelled,10 Feet ,Gravelled,N/A Aana,2 months ago,"['Drainage', 'Water Supply', 'Parking']",Sale,1197.875,,10852.551393091933,Kadaghari,10.0,2014.0,6.0,0,3,16.380459992348886,7.089138896048115,0.009291521486643438,11930.849768687607,8879950.64878876,46.39721000896804
"Budhanilkantha 4 Ana Home : House For Sale In Budhanilkantha, Kathmandu","Na, Budhanilkantha, Kathmandu",Kathmandu,32500000,5,5,3.0,1,East,2076.0,126,4 Aana,13 Feet / Blacktopped,13 Feet ,Blacktopped,N/A Aana,2 months ago,['Garage'],Sale,1369.0,,23739.956172388604,Budhanilkantha,13.0,2019.0,1.0,0,1,17.296750678069195,7.222566018822171,0.11382113821138211,13184.806428049671,29002477.62214868,12.059391695488534
"House For Sale In Satungal, Kathmandu","Nearby APF Hospital, Satungal, Kathmandu",Kathmandu,26000000,11,9,3.0,1,North,2074.0,7.6K,0-5-0-0 Aana,13 Feet / Blacktopped,13 Feet ,Blacktopped,3200 Sq. Feet,2 months ago,"['Balcony', 'Fencing', 'Modular Kitchen', 'TV Cable', 'Wifi', 'Drainage', 'Solar Water', 'Water Tank', 'Water Well', 'Internet', 'Parking', 'Store Room']",Sale,1711.25,3200.0,15193.571950328707,Satungal,13.0,2017.0,3.0,0,12,17.073607134447293,7.445563574078014,0.003484320557491289,11066.47187728269,29543459.918940723,-11.994058680543917
"Chapali Cheap Home : House For Sale In Chapali, Kathmandu","Na, Chapali, Kathmandu",Kathmandu,24000000,7,8,4.0,1,South East,2065.0,205,5 Aana,13 Feet / Gravelled,13 Feet ,Gravelled,N/A Aana,2 months ago,['Parking'],Sale,1711.25,,14024.835646457268,Chapali,13.0,2008.0,12.0,0,1,16.993564429978885,7.445563574078014,0.008130081300813009,10348.1860238617,26179195.304646336,-8.324149307444785
"House For Sale In Dhapakhel, Lalitpur","Nearby Sumeru Hospital, Dhapakhel, Lalitpur",Lalitpur,17700000,3,4,2.5,1,West,,4.2K,0-2-2-0 Aana,12 Feet / Blacktopped,12 Feet ,Blacktopped,N/A Aana,2 months ago,"['Balcony', 'Fencing', 'Modular Kitchen', 'TV Cable', 'Wifi', 'Drainage', 'Water Supply', 'Solar Water', 'Water Tank', 'Water Well', 'Internet', 'Parking', 'Store Room']",Sale,855.625,,20686.63257852447,Dhapakhel,12.0,,2.0,1,13,16.68907525404123,6.753000249905988,0.005807200929152149,14214.98718796016,18329045.688246157,-3.4319609375492166
"12.5 Anna Jagga On Sale At Lolang Height, Hariyali Samaaj : House For Sale In Balaju, Kathmandu","Lolang Height, Hariyali Samaaj, Balaju, Kathmandu",Kathmandu,2200000,1,1,1.0,2,East,2016.0,699,12.5 Aana,10 Feet / Gravelled,10 Feet ,Gravelled,4 Aana,2 months ago,"['Garden', 'Water Supply', 'Parking']",Sale,4278.125,1369.0,514.2439737034332,Balaju,10.0,2016.0,4.0,0,3,14.603968372873895,8.361503828422954,0.007549361207897794,8249.903321445452,5973387.802974954,-63.16997870280038
"Pasikot Cheap Home 168 Only : House For Sale In Pasikot, Kathmandu","Man, Pasikot, Kathmandu",Kathmandu,16800000,5,5,3.0,1,North East,2074.0,870,3 Aana,14 Feet / Gravelled,14 Feet ,Gravelled,N/A Aana,2 months ago,['Parking'],Sale,1026.75,,16362.308254200147,Pasikot,14.0,2017.0,3.0,0,1,16.636889503897294,6.935127225777988,0.008710801393728223,13391.770148526904,18760510.35311281,-10.45019733584974
"Budhanilkantha 5.5 Ana Home : House For Sale In Budhanilkantha, Kathmandu","NA, Budhanilkantha, Kathmandu",Kathmandu,34000000,6,6,3.0,2,North East,2076.0,280,5.5 Aana,30 Feet / Blacktopped,30 Feet ,Blacktopped,N/A Aana,2 months ago,"['Garage', 'Parking']",Sale,1882.375,,18062.288332558604,Budhanilkantha,30.0,2019.0,1.0,0,2,17.341871111992198,7.540820659121453,0.11382113821138211,13184.806428049671,33770801.63839301,0.6786879507960037
"Beautiful Small Home Budhanilkantha : House For Sale In Budhanilkantha, Kathmandu","Na, Budhanilkantha, Kathmandu",Kathmandu,22500000,5,5,3.0,1,South East,2076.0,384,3.0.2 Aana,14 Feet / Gravelled,14 Feet ,Gravelled,N/A Aana,2 months ago,['Parking'],Sale,1026.75,,21913.80569758948,Budhanilkantha,14.0,2019.0,1.0,0,1,16.929025911619092,6.935127225777988,0.11382113821138211,13184.806428049671,19499286.22621901,15.388839052714603
"Chapali Bungalow 13 Ana : House For Sale In Chapali, Kathmandu","Na, Chapali, Kathmandu",Kathmandu,42500000,5,6,3.0,4,South East,2071.0,204,12 Aana,14 Feet / Gravelled,14 Feet ,Gravelled,N/A Aana,2 months ago,"['Garage', 'Backyard', 'Balcony', 'Frontyard', 'Garden', 'Drainage', 'Solar Water', 'Water Supply', 'Water Tank', 'Store Room']",Sale,4107.0,,10348.1860238617,Chapali,14.0,2014.0,6.0,0,10,17.565014657424058,8.32069157104845,0.008130081300813009,10348.1860238617,57145423.14475597,-25.62833966187881
"Beautiful : House For Sale In Baluwatar, Kathmandu","Chandol, Baluwatar, Kathmandu",Kathmandu,41000000,7,3,2.5,1,North,2066.0,4.5K,0-5-0-0 Aana,10 Feet / Blacktopped,10 Feet ,Blacktopped,N/A Aana,2 months ago,"['Balcony', 'Fencing', 'Modular Kitchen', 'TV Cable', 'Wifi', 'Drainage', 'Water Supply', 'Solar Water', 'Water Tank', 'Water Well', 'Internet', 'Parking', 'Store Room']",Sale,1711.25,,23959.0942293645,Baluwatar,10.0,2009.0,11.0,0,13,17.529082649058825,7.445563574078014,0.02032520325203252,19576.333089846605,36964828.0884582,10.916246930421213
"Land For Sale In Kapan, Kathmandu","Chunikhel, alubari, Kapan, Kathmandu",Kathmandu,1300000,0,0,0.0,0,East,,716,7.2 Aana,0 Feet,0 Feet,Unknown,N/A Aana,2 months ago,[],Sale,2464.2000000000003,,527.5545816086357,Kapan,0.0,,2.0,1,0,14.077875591662238,7.810028219088088,0.023228803716608595,14052.66270131135,2873269.190274739,-54.75537048877431
"House On Rent Or Sale At Matatirtha : House For Sale In Matatirtha, Kathmandu","Matatirtha near bus stop, Matatirtha, Kathmandu",Kathmandu,15000000,3,3,0.0,2,West,,879,8.2 Aana,4 Feet,4 Feet,Unknown,N/A Aana,2 months ago,['Garden'],Sale,2806.45,,5344.830657948654,Matatirtha,4.0,,2.0,1,1,16.52356082573315,7.940031877015006,0.0011614401858304297,3041.4899512495185,18559235.58416667,-19.177705719750325
"House For Sale In Bhaisepati, Lalitpur","Bhaisepati,sainbu,pragatinagar, Bhaisepati, Lalitpur",Lalitpur,37500000,8,6,4.0,1,North West,2007.0,689,0-7-1-0 Aana,12 Feet / Blacktopped,12 Feet ,Blacktopped,0-3-0-0 Aana,2 months ago,"['Balcony', 'Garage', 'Backyard', 'Garden', 'Lawn', 'Microwave', 'Modular Kitchen', 'TV Cable', 'Washing Machine', 'Drainage', 'Wifi', 'Water Supply', 'Water Tank', 'Water Well', 'Parking', 'Internet', 'Store Room']",Sale,2481.3125,1026.75,15112.969446613435,Bhaisepati,12.0,2007.0,13.0,0,17,17.439851517607305,7.8169458643659855,0.02264808362369338,10000.0,37689954.20574481,-0.5039916066437062
"House For Sale In Tinthana, Kathmandu","Bishnu Devi Village Colony, Tinthana, Kathmandu",Kathmandu,16000000,5,3,2.5,1,East,2076.0,7.1K,0-3-0-0 Aana,13 Feet / Blacktopped,13 Feet ,Blacktopped,2000 Sq. Feet,2 months ago,"['Balcony', 'Fencing', 'Microwave', 'Modular Kitchen', 'TV Cable', 'Wifi', 'Drainage', 'Water Supply', 'Solar Water', 'Water Tank', 'Water Well', 'Internet', 'Parking', 'Store Room']",Sale,1026.75,2000.0,15583.150718285853,Tinthana,13.0,2019.0,1.0,0,14,16.588099342704055,6.935127225777988,0.0005807200929152149,15583.150718285853,17636762.27369826,-9.280401063970602
"Land For Sale : Land For Sale In Hetauda, Makwanpur","Sunwood Colony Hetauda, Hetauda, Makwanpur",Makwanpur,500000,0,0,0.0,0,South,,175,10 Dhur,6 Meter / Paved,6 Meter ,Paved,N/A Aana,3 months ago,[],Sale,1822.5,,274.34842249657066,Hetauda,19.68504,,2.0,1,0,13.122365377402328,7.508513010248735,0.004645760743321719,301.7832647462277,898619.7783188117,-44.35911471529949
"Urgent House Sale : House For Sale In Kapan, Kathmandu","Kapan, Kapan, Kathmandu",Kathmandu,15000000,4,4,3.0,2,West,2014.0,789,3.2 Aana,0 Feet,0 Feet,Unknown,N/A Aana,3 months ago,['Garage'],Sale,1095.2,,13696.128560993426,Kapan,0.0,2014.0,6.0,0,1,16.52356082573315,6.999604932612016,0.023228803716608595,14052.66270131135,17077575.962656915,-12.165520254161924
"Flat System : House For Sale In Tikathali, Lalitpur","Imadol, Tikathali, Lalitpur",Lalitpur,21500000,6,4,2.5,3,West,2076.0,17.4K,0-4-0-0 Aana,20 Feet / Concrete,20 Feet ,Concrete,N/A Aana,3 months ago,"['Balcony', 'Fencing', 'Frontyard', 'Modular Kitchen', 'TV Cable', 'Wifi', 'Drainage', 'Water Supply', 'Solar Water', 'Water Tank', 'Internet', 'Parking', 'Store Room']",Sale,1369.0,,15704.894083272462,Tikathali,20.0,2019.0,1.0,0,13,16.88356353960952,7.222566018822171,0.011033681765389082,11687.36303871439,22622339.39316139,-4.961199519005833
"Land For Sale In Butwal, Butwal","Madan path, Butwal, Butwal",Butwal,450000,0,0,0.0,0,North East,,162,20*24 Haat,0 Feet,0 Feet,Unknown,N/A Aana,3 months ago,[],Sale,1080.0,,416.6666666666667,Butwal,0.0,,2.0,1,0,13.017005083966255,6.985641817639208,0.003484320557491289,559.4993141289438,818640.2200891228,-45.03079753997306
"Affordable Home At Jorpati : House For Sale In Jorpati, Kathmandu","Beshigaun, Jorpati, Jorpati, Kathmandu",Kathmandu,23500000,0,0,3.0,0,North East,2050.0,573,3 Aana,0 Feet / Alley,0 Feet ,Alley,N/A Aana,3 months ago,[],Sale,1026.75,,22887.752617482347,Jorpati,0.0,1993.0,27.0,0,0,16.97251102166758,6.935127225777988,0.012195121951219513,6000.0,17317479.05476702,35.70104474029148
"Ravishing : House For Sale In Baluwatar, Kathmandu","opposite of Nepal Rastra Bank, Baluwatar, Kathmandu",Kathmandu,60000000,5,5,2.5,1,South,,4K,0-6-0-0 Aana,13 Feet / Blacktopped,13 Feet ,Blacktopped,N/A Sq. Feet,3 months ago,"['Garden', 'Modular Kitchen', 'TV Cable', 'Wifi', 'Drainage', 'Water Supply', 'Solar Water', 'Water Tank', 'Water Well', 'Intercom', 'Internet', 'Parking', 'Store Room']",Sale,2053.5,,29218.407596785975,Baluwatar,13.0,,2.0,1,13,17.909855136853043,7.627787788323465,0.02032520325203252,19576.333089846605,53640207.1850127,11.856391219839015
"Commercial : Land For Sale In Gaurighat, Kathmandu","Dibya party palace, Gaurighat, Kathmandu",Kathmandu,4200000,0,0,0.0,1,North,,1.7K,0-6-3-0 Aana,13 Feet / Blacktopped,13 Feet ,Blacktopped,N/A Sq. Feet,3 months ago,"['Drainage', 'Water Well', 'Parking']",Sale,2310.1875,,1818.0342504666828,Gaurighat,13.0,,2.0,1,3,15.250595321348806,7.745516740691571,0.005226480836236934,1460.9203798392987,4260712.299819365,-1.4249330991425793
"Commercial : Land For Sale In Gaurighat, Kathmandu","Nearby Dibya Complex, Gaurighat, Kathmandu",Kathmandu,4200000,0,0,0.0,1,South,,1.1K,0-9-0-0 Aana,13 Feet / Gravelled,13 Feet ,Gravelled,N/A Sq. Feet,3 months ago,"['Drainage', 'Water Supply', 'Parking']",Sale,3080.25,,1363.5256878500122,Gaurighat,13.0,,2.0,1,3,15.250595321348806,8.033090637791,0.005226480836236934,1460.9203798392987,4188685.4253997304,0.27012232839590217
"Commercial : Land For Sale In Gaurighat, Kathmandu","nearby Bagmati Road, Gaurighat, Kathmandu",Kathmandu,4500000,0,0,0.0,0,South,,1.1K,0-5-1-3 Aana,20 Feet / Blacktopped,20 Feet ,Blacktopped,N/A Sq. Feet,3 months ago,"['Drainage', 'Water Well', 'Parking']",Sale,1860.984375,,2418.07511145815,Gaurighat,20.0,,2.0,1,3,15.319588176962746,7.529398066287303,0.005226480836236934,1460.9203798392987,4651660.694881985,-3.260355920818783
"Commercial : Land For Sale In Gaurighat, Kathmandu","Nearby Dibya Complex, Gaurighat, Kathmandu",Kathmandu,4200000,0,0,0.0,0,South,,1.2K,0-9-0-0 Aana,13 Feet / Blacktopped,13 Feet ,Blacktopped,N/A Sq. Feet,3 months ago,['Parking'],Sale,3080.25,,1363.5256878500122,Gaurighat,13.0,,2.0,1,1,15.250595321348806,8.033090637791,0.005226480836236934,1460.9203798392987,3386373.1081072753,24.026498732370342
"Commercial : Land For Sale In Gaurighat, Kathmandu","Bagmati road, Gaurighat, Kathmandu",Kathmandu,6000000,0,0,0.0,1,North,,1.9K,0-3-2-1 Aana,26 Feet / Blacktopped,26 Feet ,Blacktopped,N/A Sq. Feet,3 months ago,['Parking'],Sale,1219.265625,,4920.994963669217,Gaurighat,26.0,,2.0,1,1,15.607270193858982,7.106823839438401,0.005226480836236934,1460.9203798392987,4249684.749085569,41.18694336776528
"Commercial : Land For Sale In Gaurighat, Kathmandu","Nearby Hilary School., Gaurighat, Kathmandu",Kathmandu,8000000,0,0,0.0,0,East,,1.4K,1-0-0-0 Ropani,11 Meter / Blacktopped,11 Meter ,Blacktopped,N/A Sq. Feet,3 months ago,"['Drainage', 'Water Supply', 'Parking', 'Security Staff']",Sale,5476.0,,1460.9203798392987,Gaurighat,36.08924,,2.0,1,4,15.894952224644102,8.608312784783722,0.005226480836236934,1460.9203798392987,7268060.906098001,10.070624109491055
"Boutique On Sale : Business For Sale In Kumaripati, Lalitpur","Kumaripati, Kumaripati, Lalitpur",Lalitpur,2300000,1,0,0.0,0,South,,476,650 Sq. Feet,20 Meter / Blacktopped,20 Meter ,Blacktopped,350 Sq. Feet,3 months ago,"['Balcony', 'Water Tank']",Sale,650.0,350.0,3538.4615384615386,Kumaripati,65.6168,,2.0,1,2,14.648420115681892,6.478509642208569,0.0017421602787456446,3538.4615384615386,3243739.3198886765,-29.094178872581693
"Commercial : Land For Sale In Gaurighat, Kathmandu","Nearby Guheshwori Planning, Gaurighat, Kathmandu",Kathmandu,4200000,0,0,0.0,0,West,,1.3K,0-26-0-0 Aana,20 Feet / Blacktopped,20 Feet ,Blacktopped,N/A Aana,3 months ago,"['Drainage', 'Water Well', 'Parking']",Sale,8898.5,,471.9896611788504,Gaurighat,20.0,,2.0,1,3,15.250595321348806,9.093750374366808,0.005226480836236934,1460.9203798392987,4477582.92656946,-6.199392197123026
"Land Sale : Land For Sale In Birtamod Road, Itahari","Tarahara bhuwanipur, Birtamod Road, Itahari",Itahari,130000,0,0,0.0,0,East,,499,12.5 Dhur,20 Feet / Gravelled,20 Feet ,Gravelled,N/A Aana,3 months ago,[],Sale,2278.125,,57.06447187928669,Birtamod Road,20.0,,2.0,1,0,11.775297421715827,7.731546876359369,0.0017421602787456446,78.87517146776406,193623.3459369066,-32.85933606252145
"Uniform Showroom And Factory : Business For Sale In Samakhusi, Kathmandu","townplanning, Samakhusi, Kathmandu",Kathmandu,750000,0,0,0.0,0,East,,124,4 Aana,0 Feet,0 Feet,Unknown,N/A Aana,3 months ago,[],Sale,1369.0,,547.8451424397371,Samakhusi,0.0,,2.0,1,0,13.527829818844937,7.222566018822171,0.018002322880371662,19104.343428667755,2546036.7285317644,-70.54245166241155
"Karyabinayak Colony House For Sale : House For Sale In Bhaisepati, Lalitpur","bhaisepati, Bhaisepati, Lalitpur",Lalitpur,30000000,4,4,0.0,1,East,,236,3 Aana,0 Feet,0 Feet,Unknown,N/A Aana,3 months ago,"['Modular Kitchen', 'Swimming Pool', 'Solar Water', 'TV Cable', 'Garden', 'Balcony']",Sale,1026.75,,29218.407596785975,Bhaisepati,0.0,,2.0,1,6,17.216707972959764,6.935127225777988,0.02264808362369338,10000.0,26217337.78189359,14.428094299943838
"Pasikot 21 Ana Home : House For Sale In Pasikot, Kathmandu","Na, Pasikot, Kathmandu",Kathmandu,81000000,6,6,3.0,6,East,2072.0,167,21 Aana,15 Feet / Gravelled,15 Feet ,Gravelled,N/A Aana,3 months ago,"['Lawn', 'Garage', 'Backyard', 'Balcony', 'Fencing', 'Frontyard', 'Garden', 'Store Room', 'Kids Playground', 'Maintenance', 'Parking', 'Water Supply', 'Drainage', 'Solar Water', 'Water Tank']",Sale,7187.25,,11269.957215903161,Pasikot,15.0,2015.0,5.0,0,15,18.20995972498239,8.880203027487838,0.008710801393728223,13391.770148526904,84922355.32316604,-4.61875475337418
"Pasikot 12 Ana Home : House For Sale In Pasikot, Kathmandu","Na, Pasikot, Kathmandu",Kathmandu,55000000,5,5,2.0,6,North,2069.0,179,12 Aana,22 Feet / Blacktopped,22 Feet ,Blacktopped,N/A Aana,3 months ago,"['Garage', 'Lawn', 'Backyard', 'Fencing', 'Garden', 'Frontyard', 'Water Well', 'Water Tank', 'Solar Water', 'Drainage']",Sale,4107.0,,13391.770148526904,Pasikot,22.0,2012.0,8.0,0,10,17.822843761378564,8.32069157104845,0.008710801393728223,13391.770148526904,58091230.81838137,-5.321338134573032
"House For Sale In Thankot, Kathmandu","Thankot, Thankot, Kathmandu",Kathmandu,13000000,6,2,3.0,1,West,2001.0,178,0-3-0-0 Aana,23 Feet / Blacktopped,23 Feet ,Blacktopped,0-2-2-0 Aana,3 months ago,"['Electricity Backup', 'Water Supply', 'Water Tank', 'Water Well', 'Balcony']",Sale,1026.75,855.625,12661.309958607257,Thankot,23.0,2001.0,19.0,0,5,16.380459992348886,6.935127225777988,0.005807200929152149,4704.1636230825425,13921891.416437699,-6.621883398323401
"House On Rent At Bafal : House For Sale In Bafal, Kathmandu","Bafal, Bafal, Kathmandu",Kathmandu,30000000,4,3,0.0,1,East,,509,3 Aana,0 Feet,0 Feet,Unknown,N/A Aana,3 months ago,[],Sale,1026.75,,29218.407596785975,Bafal,0.0,,2.0,1,0,17.216707972959764,6.935127225777988,0.004645760743321719,16881.74661147634,24690829.312668756,21.50260171539533
"House For Sale : House For Sale In Nagarjun, Kathmandu","Sitapaila, Nagarjun, Kathmandu",Kathmandu,17500000,5,4,3.0,1,North,,253,3.25 Aana,15 Feet,15 Feet,Unknown,1969.43 Sq. Feet,3 months ago,"['Backyard', 'Fencing', 'Frontyard', 'Modular Kitchen', 'TV Cable', 'Washing Machine', 'Wifi', 'Drainage', 'Parking', 'Water Tank', 'Internet', 'Solar Water', 'Electricity Backup', 'Water Supply', 'Cafeteria', 'CCTV']",Sale,1112.3125,1969.43,15732.98870596168,Nagarjun,15.0,,2.0,1,16,16.677711496036597,7.015095084552704,0.0029036004645760743,2921.8407596785974,18941373.71638972,-7.609657768076862
"4.5 Anna Land On Sale At Checkpost : Land For Sale In Chandragiri, Kathmandu","checkpost, Chandragiri, Kathmandu",Kathmandu,1450000,0,0,0.0,0,South East,,264,4.5 Aana,13 Feet,13 Feet,Unknown,N/A Aana,3 months ago,[],Sale,1540.125,,941.4820225631037,Chandragiri,13.0,,2.0,1,0,14.187074804051692,7.340267948188717,0.008130081300813009,1241.7823228634038,1728830.1214517837,-16.12825447636442
"Modern European Design : House For Sale In Naxal, Kathmandu","Nearby Bhatbhateni, Naxal, Kathmandu",Kathmandu,65000000,6,5,2.0,1,East,,1.9K,0-12-0-0 Aana,12 Feet / Blacktopped,12 Feet ,Blacktopped,N/A Aana,3 months ago,"['Garage', 'Balcony', 'Fencing', 'Garden', 'Modular Kitchen', 'Wifi', 'Drainage', 'Water Supply', 'Solar Water', 'Water Tank', 'Water Well', 'Intercom', 'Internet', 'Kids Playground', 'Parking', 'Store Room']",Sale,4107.0,,15826.637448259069,Naxal,12.0,,2.0,1,16,17.989897843244528,8.32069157104845,0.0040650406504065045,15826.637448259069,65135594.453699924,-0.20817258956054838
"1.5 Storey House On Sale At Matairtha : House For Sale In Chandragiri, Kathmandu","matatirtha, Chandragiri, Kathmandu",Kathmandu,9500000,3,1,0.0,1,South,2076.0,713,3 Aana,13 Feet / Gravelled,13 Feet ,Gravelled,2076 Aana,3 months ago,[],Sale,1026.75,710511.0,9252.495738982225,Chandragiri,13.0,2019.0,1.0,0,0,16.066802461833923,6.935127225777988,0.008130081300813009,1241.7823228634038,9283293.584659796,2.3343699449331314
"House For Sale In Thapathali, Kathmandu","Nearby Norvic Hospital, Thapathali, Kathmandu",Kathmandu,9000000,6,3,3.0,1,East,2064.0,8.2K,0-6-1-2 Aana,10 Feet / Paved,10 Feet ,Paved,3000 Sq. Feet,3 months ago,"['Fencing', 'Frontyard', 'Garden', 'TV Cable', 'Drainage', 'Solar Water', 'Water Well', 'Internet', 'Parking', 'Store Room']",Sale,2181.84375,3000.0,4124.951660722726,Thapathali,10.0,2007.0,13.0,0,10,16.012735246411598,7.688383778175172,0.0023228803716608595,2939.028058264942,13385244.68154196,-32.76178199109908
"Hattigauda Plotting : Land For Sale In Hattigauda, Kathmandu","Hattigauda, Hattigauda, Kathmandu",Kathmandu,2900000,0,0,0.0,0,East,,573,14 Aana,20 Feet / Gravelled,20 Feet ,Gravelled,N/A Aana,3 months ago,[],Sale,4791.5,,605.2384430762809,Hattigauda,20.0,,2.0,1,0,14.88022163978423,8.4748074749198,0.022067363530778164,14609.203798392988,3559305.7833609446,-18.523437532202756
"Dahal Niwas For Sale. : House For Sale In Gairigaun, Kathmandu","104, Panchashil Galli,, Gairigaun, Kathmandu",Kathmandu,80000000,16,10,4.0,2,South,2010.0,226,0-9-0-0 Aana,8 Feet / Paved,8 Feet ,Paved,0-7-0-0 Aana,3 months ago,"['Air Condition', 'Balcony', 'Modular Kitchen', 'TV Cable', 'Wifi', 'Water Supply', 'Water Well', 'Water Tank', 'Parking', 'Intercom', 'Store Room', 'Drainage', 'Washing Machine', 'Microwave']",Sale,3080.25,2395.75,25971.917863809755,Gairigaun,8.0,2010.0,10.0,0,14,18.197537205138154,8.033090637791,0.0005807200929152149,25971.917863809755,70039083.83856118,14.2219395450668
"House On Sale At Imadole : House For Sale In Imadol, Lalitpur","imadole, Imadol, Lalitpur",Lalitpur,20000000,3,3,0.0,1,East,,280,3 Aana,0 Feet,0 Feet,Unknown,N/A Aana,3 months ago,['Parking'],Sale,1026.75,,19478.938397857317,Imadol,0.0,,2.0,1,1,16.811242881518265,6.935127225777988,0.050522648083623695,16278.8270896379,18639082.419963155,7.3014194013072835
"Urgent Land Sale : Land For Sale In Dharan, Dharan","Dharan 20, Dharan, Dharan",Dharan,1600000,0,0,0.0,0,East,,216,7 Kattha,0 Meter / Gravelled,0 Meter ,Gravelled,7 Kattha,3 months ago,[],Sale,25515.0,25515.0,62.708210856359,Dharan,0.0,,2.0,1,0,14.285514812209815,10.147060985361845,0.005807200929152149,452.55765420374473,1566232.8759220964,2.1559453001536366
"Bhaktapur Land Sale 24 Anna (NEGOTIABLE) : Land For Sale In Kharipati, Bhaktapur","Bageshwori, Kharipati, Bhaktapur",Bhaktapur,1500000,0,0,0.0,0,South,,164,1.5 Ropani,20 Feet / Gravelled,20 Feet ,Gravelled,N/A Aana,3 months ago,[],Sale,8214.0,,182.61504747991233,Kharipati,20.0,,2.0,1,0,14.220976332738882,9.01371703047137,0.0005807200929152149,182.61504747991233,943428.7342228034,58.99452132287448
"Comercial Co Residential : Land For Sale In Koteshwor, Kathmandu","Balkumari-8, Koteshwor, Kathmandu",Kathmandu,4100000,0,0,0.0,0,South East,,137,16 Aana,18 Feet / Blacktopped,18 Feet ,Blacktopped,16 Aana,3 months ago,[],Sale,5476.0,5476.0,748.7216946676406,Koteshwor,18.0,,2.0,1,0,15.226497775576945,8.608312784783722,0.004645760743321719,1823.906416811822,2554713.7638190007,60.487646720585076
"Residential And Personal : House For Sale In Bafal, Kathmandu","Gandakbasti, Bafal, Kathmandu",Kathmandu,31000000,7,3,3.0,1,South,2014.0,187,0-4-0-0 Aana,10 Feet / Blacktopped,10 Feet ,Blacktopped,0-4-0-0 Aana,3 months ago,"['Garage', 'Balcony', 'Modular Kitchen', 'TV Cable', 'Wifi', 'Drainage', 'Solar Water', 'Water Well', 'Water Tank', 'Parking', 'Electricity Backup', 'Internet']",Sale,1369.0,1369.0,22644.26588750913,Bafal,10.0,2014.0,6.0,0,12,17.249497794707484,7.222566018822171,0.004645760743321719,16881.74661147634,28595964.788140878,8.406903665149661
"House For Sale In Butwal, Butwal","Bu. Na. Pa. 11, rupandehi, Butwal, Butwal",Butwal,900000,0,2,2.0,4,East,2014.0,195,16 Dhur,50 Feet / Blacktopped,50 Feet ,Blacktopped,1400 Sq. Feet,3 months ago,"['Lawn', 'Garage', 'Backyard', 'Balcony', 'Fencing', 'Garden', 'Frontyard', 'TV Cable', 'Wifi', 'Drainage', 'Water Supply', 'Parking', 'Internet', 'Kids Playground', 'Store Room']",Sale,2916.0,1400.0,308.641975308642,Butwal,50.0,2014.0,6.0,0,15,13.710151153416941,7.978310969867722,0.003484320557491289,559.4993141289438,24810002.643991172,-96.37243085817254
"Prime Location House Is For Sale : House For Sale In Gwarko, Lalitpur","Imadol, Gwarko, Lalitpur",Lalitpur,17500000,3,3,0.0,1,North West,2016.0,1.6K,0-0-3 Aana,13 Feet / Blacktopped,13 Feet ,Blacktopped,0-0-3 Aana,3 months ago,[],Sale,64.171875,64.171875,272705.1375700024,Gwarko,13.0,2016.0,4.0,0,0,16.677711496036597,4.177028010837273,0.0017421602787456446,20035.479494938954,19735222.023753054,-11.326054609686025
"Beautiful Designed House In Peaceful Area Is On Sale : House For Sale In Imadol, Lalitpur","Imadol, Imadol, Lalitpur",Lalitpur,19500000,5,3,3.0,1,North East,,1K,0-3-0-0 Aana,20 Feet,20 Feet,Unknown,1798 Sq. Feet,3 months ago,"['Modular Kitchen', 'Water Supply', 'Solar Water', 'TV Cable', 'Water Well', 'Water Tank', 'Internet', 'Wifi', 'Parking', 'Balcony', 'Drainage']",Sale,1026.75,1798.0,18991.964937910885,Imadol,20.0,,2.0,1,11,16.785925074816024,6.935127225777988,0.050522648083623695,16278.8270896379,19163768.635783095,1.7545158815426576
"4 Ropani Land For Sale At Budhanilkantha : Land For Sale In Budhanilkantha, Kathmandu","Budhanilkantha, Budhanilkantha, Kathmandu",Kathmandu,3500000,0,0,0.0,0,East,,325,0-64-0-0 Aana,20 Feet / Blacktopped,20 Feet ,Blacktopped,N/A Aana,3 months ago,[],Sale,21904.0,,159.7881665449233,Budhanilkantha,20.0,,2.0,1,0,15.068273812173887,9.994470200248,0.11382113821138211,13184.806428049671,3971163.2596903616,-11.864615702732378
"Fully Furnished Brand New Bungalow For Sale In Dhapasi, Kunwar Colony : House For Sale In Budhanilkantha, Kathmandu","Dhapasi, Kunwar Colony, Budhanilkantha, Kathmandu",Kathmandu,65000000,5,4,2.0,1,East,2076.0,459,0-8-0-0 Aana,20 Feet / Blacktopped,20 Feet ,Blacktopped,N/A Aana,3 months ago,"['Lawn', 'Garage', 'Air Condition', 'Backyard', 'Balcony', 'Microwave', 'Garden', 'Frontyard', 'Fencing', 'Deck', 'Modular Kitchen', 'Washing Machine', 'Wifi', 'Drainage', 'CCTV', 'Parking', 'Water Tank', 'Water Well', 'Solar Water', 'Water Supply', 'Cafeteria', 'Electricity Backup', 'Intercom', 'Internet', 'Kids Playground']",Sale,2738.0,,23739.956172388604,Budhanilkantha,20.0,2019.0,1.0,0,25,17.989897843244528,7.915348169263078,0.11382113821138211,13184.806428049671,57245599.65493436,13.54584525589337
"6 Bhk 20 Anna Bungalow For Sale At Budhanilkantha : House For Sale In Budhanilkantha, Kathmandu","6 Bhk 20 Anna Bungalow For Sale At Budhanilkantha, Budhanilkantha, Kathmandu",Kathmandu,150000000,6,6,2.0,4,East,,537,0-20-0-0 Aana,18 Feet / Blacktopped,18 Feet ,Blacktopped,N/A Aana,3 months ago,"['Lawn', 'Garage', 'Air Condition', 'Backyard', 'Balcony', 'Garden', 'Frontyard', 'Fencing', 'Deck', 'Modular Kitchen', 'Wifi', 'Drainage', 'Parking', 'Water Tank', 'Water Well', 'Solar Water', 'Cafeteria', 'Electricity Backup', 'Internet', 'Kids Playground']",Sale,6845.0,,21913.80569758948,Budhanilkantha,18.0,,2.0,1,20,18.826145858727198,8.831419819090131,0.11382113821138211,13184.806428049671,128044341.91275892,17.146917824920557
"10 Anna Land For Sale At Budhanilkantha In Great Residential Community : Land For Sale In Budhanilkantha, Kathmandu","Budhanilkantha In Great Residential Community, Budhanilkantha, Kathmandu",Kathmandu,3500000,0,0,0.0,0,East,,258,0-10-0-0 Aana,16 Feet / Blacktopped,16 Feet ,Blacktopped,N/A Aana,3 months ago,[],Sale,3422.5,,1022.6442658875092,Budhanilkantha,16.0,,2.0,1,0,15.068273812173887,8.138418698561118,0.11382113821138211,13184.806428049671,3557340.6483287495,-1.6118964697881348
"6 Ropani Exceptionally Beautiful Bungalow For Sale At Budhanilkantha : House For Sale In Budhanilkantha, Kathmandu","Budhanilkantha, Budhanilkantha, Kathmandu",Kathmandu,250000000,5,7,2.0,20,East,,848,0-96-0-0 Aana,18 Feet / Blacktopped,18 Feet ,Blacktopped,N/A Aana,3 months ago,"['Lawn', 'Garage', 'Air Condition', 'Backyard', 'Balcony', 'Microwave', 'Gym', 'Garden', 'Frontyard', 'Fencing', 'Deck', 'Modular Kitchen', 'Swimming Pool', 'TV Cable', 'Washing Machine', 'Wifi', 'Drainage', 'CCTV', 'Parking', 'Water Tank', 'Water Well', 'Solar Water', 'Water Supply', 'Cafeteria', 'Electricity Backup', 'Intercom', 'Internet', 'Kids Playground', 'Jacuzzi']",Sale,32856.0,,7608.960311663014,Budhanilkantha,18.0,,2.0,1,29,19.33697147982652,10.399920091014481,0.11382113821138211,13184.806428049671,198550689.8548004,25.912430816948728
"South Face Perfect Piece Of 8 Anna Land For Sale At Budhanilkantha : Land For Sale In Budhanilkantha, Kathmandu","Budhanilkantha, Budhanilkantha, Kathmandu",Kathmandu,3500000,0,0,0.0,0,South,,178,0-8-0-0 Aana,15 Feet / Blacktopped,15 Feet ,Blacktopped,N/A Aana,3 months ago,[],Sale,2738.0,,1278.3053323593865,Budhanilkantha,15.0,,2.0,1,0,15.068273812173887,7.915348169263078,0.11382113821138211,13184.806428049671,3960814.3222056376,-11.634332859840457
"6 Anna New House For Sale At Pasikot, 400 Meters From Main Highway : House For Sale In Budhanilkantha, Kathmandu","Pasikot, 400 Meters From Main Highway, Budhanilkantha, Kathmandu",Kathmandu,37000000,6,6,3.0,2,East,2075.0,259,0-6-0-0 Aana,16 Feet / Blacktopped,16 Feet ,Blacktopped,N/A Aana,3 months ago,"['Lawn', 'Garage', 'Air Condition', 'Backyard', 'Balcony', 'Microwave', 'Garden', 'Frontyard', 'Fencing', 'Deck', 'Modular Kitchen', 'TV Cable', 'Washing Machine', 'Wifi', 'Drainage', 'Parking', 'Water Tank', 'Water Well', 'Solar Water', 'Water Supply', 'Electricity Backup', 'Intercom', 'Internet', 'Kids Playground']",Sale,2053.5,,18018.018018018018,Budhanilkantha,16.0,2018.0,2.0,0,24,17.426428497635523,7.627787788323465,0.11382113821138211,13184.806428049671,38512977.24088966,-3.9284868355576417
"Brand New Beautiful House For Sale At Sundarbasti, Bhangal. : House For Sale In Budhanilkantha, Kathmandu","Sundarbasti, Bhangal, Budhanilkantha, Kathmandu",Kathmandu,19000000,4,3,2.0,1,East,2076.0,347,0-3-0-0 Aana,15 Feet / Blacktopped,15 Feet ,Blacktopped,N/A Aana,3 months ago,"['Lawn', 'Backyard', 'Balcony', 'Garden', 'Frontyard', 'Fencing', 'Deck', 'Modular Kitchen', 'Wifi', 'Drainage', 'Washing Machine', 'Water Supply', 'Water Well', 'Water Tank', 'Parking', 'Internet']",Sale,1026.75,,18504.99147796445,Budhanilkantha,15.0,2019.0,1.0,0,16,16.759949589762293,6.935127225777988,0.11382113821138211,13184.806428049671,19248898.108544894,-1.293051202938228
"12 Anna House Opposite Rastra Bank At Baluwatar, Beside Subisu Office : House For Sale In Baluwatar, Kathmandu","Opposite Rastra Bank At Baluwatar, Beside Subisu Office, BLOCK 1, Baluwatar, Kathmandu",Kathmandu,105000000,6,5,3.0,3,East,,309,0-12-0-0 Aana,16 Feet / Blacktopped,16 Feet ,Blacktopped,N/A Aana,3 months ago,"['Lawn', 'Garage', 'Air Condition', 'Backyard', 'Balcony', 'Microwave', 'Garden', 'Frontyard', 'Fencing', 'Deck', 'Modular Kitchen', 'TV Cable', 'Washing Machine', 'Wifi', 'Drainage', 'Parking', 'Water Tank', 'Water Well', 'Solar Water', 'Water Supply', 'Intercom', 'Internet', 'Kids Playground']",Sale,4107.0,,25566.106647187728,Baluwatar,16.0,,2.0,1,23,18.46947091764561,8.32069157104845,0.02032520325203252,19576.333089846605,91828737.36633074,14.343290577028597
"10 Anna Land For Sale Beside Sher Bahadur Deuba House, Budhanilkantha : Land For Sale In Budhanilkantha, Kathmandu","Land For Sale Beside Sher Bahadur Deuba House, Budhanilkantha., Budhanilkantha, Kathmandu",Kathmandu,4500000,0,0,0.0,0,East,,174,0-10-0-0 Aana,25 Feet / Blacktopped,25 Feet ,Blacktopped,N/A Aana,3 months ago,[],Sale,3422.5,,1314.828341855369,Budhanilkantha,25.0,,2.0,1,0,15.319588176962746,8.138418698561118,0.11382113821138211,13184.806428049671,3707036.3603797327,21.390770484350995
"6 Anna Purba Mohada Land For Sale At Deuba Chowk, 150 Mtr From Highway : Land For Sale In Budhanilkantha, Kathmandu","Deuba Chowk, 150 Mtr From Highway, Budhanilkantha, Kathmandu",Kathmandu,3400000,0,0,0.0,0,East,,93,0-6-0-0 Aana,16 Feet / Blacktopped,16 Feet ,Blacktopped,N/A Aana,3 months ago,[],Sale,2053.5,,1655.7097638178718,Budhanilkantha,16.0,,2.0,1,0,15.039286283703994,7.627787788323465,0.11382113821138211,13184.806428049671,3528801.57634158,-3.650009034373443
"Dhapasi Bungalow : House For Sale In Dhapasi, Kathmandu","Na, Dhapasi, Kathmandu",Kathmandu,65000000,5,6,3.0,3,South East,2076.0,197,8 Aana,22 Feet / Blacktopped,22 Feet ,Blacktopped,4.5 Aana,3 months ago,"['Garage', 'Lawn', 'Balcony', 'Water Supply', 'Solar Water', 'Drainage', 'Water Tank', 'Maintenance', 'Security Staff', 'Store Room']",Sale,2738.0,1540.125,23739.956172388604,Dhapasi,22.0,2019.0,1.0,0,10,17.989897843244528,7.915348169263078,0.015098722415795587,15555.54898371399,57850091.18862034,12.359373450367386
"House For Sale In Imadol, Lalitpur","Bhandhari marga., Imadol, Lalitpur",Lalitpur,19500000,5,3,2.5,1,West,2076.0,1.4K,0-3-1-0 Aana,20 Feet / Blacktopped,20 Feet ,Blacktopped,2000 Aana,3 months ago,"['Balcony', 'Fencing', 'Modular Kitchen', 'TV Cable', 'Wifi', 'Drainage', 'Water Supply', 'Solar Water', 'Water Tank', 'Water Well', 'Parking', 'Store Room']",Sale,1112.3125,684500.0,17531.044558071586,Imadol,20.0,2019.0,1.0,0,12,16.785925074816024,7.015095084552704,0.050522648083623695,16278.8270896379,19612818.969820004,-0.5752307712298195
"Brand New House For Sale (2 Crore 45 Lakhs) Negotiable. : House For Sale In Sitapaila, Kathmandu","Nagarjun, Aadeswor, Sitapaila, Kathmandu",Kathmandu,24000000,8,5,3.0,1,West,2019.0,699,0-4-0-0 Aana,14 Feet / Paved,14 Feet ,Paved,0-4-0-0 Aana,3 months ago,"['Jacuzzi', 'Balcony', 'Drainage', 'Water Supply', 'Water Tank', 'Modular Kitchen']",Sale,1369.0,1369.0,17531.044558071586,Sitapaila,14.0,2019.0,1.0,0,6,16.993564429978885,7.222566018822171,0.013937282229965157,14791.8188458729,27383088.059016608,-12.35466230735301
"Rose Village Bakot House Sale : House For Sale In Madhyapur Thimi, Bhaktapur","Rose Village Balkot, Madhyapur Thimi, Bhaktapur",Bhaktapur,35000000,3,4,0.0,3,East,2072.0,978,0-4-3-0 Aana,30 Feet / Blacktopped,30 Feet ,Blacktopped,2500 Sq. Feet,3 months ago,"['Lawn', 'Garage', 'Balcony', 'Fencing']",Sale,1625.6875,2500.0,21529.352966052822,Madhyapur Thimi,30.0,2015.0,5.0,0,4,17.370858648025116,7.394301017474119,0.004645760743321719,2027.7777777777778,30928005.476719595,13.166043074926097
"House For Sale In Imadol, Lalitpur","Ochu Height, Imadol, Lalitpur",Lalitpur,23500000,6,4,3.0,1,West,2072.0,7.5K,0-4-0-0 Aana,13 Feet / Gravelled,13 Feet ,Gravelled,N/A Aana,3 months ago,"['Balcony', 'Fencing', 'Garden', 'Modular Kitchen', 'TV Cable', 'Wifi', 'Drainage', 'Water Supply', 'Solar Water', 'Water Well', 'Internet', 'Parking', 'Store Room']",Sale,1369.0,,17165.81446311176,Imadol,13.0,2015.0,5.0,0,13,16.97251102166758,7.222566018822171,0.050522648083623695,16278.8270896379,23444383.777689308,0.23722620666028715
"House For Sale In Jorpati, Kathmandu","104 Continental Homes, Narayantar, Jorpati-6, Jorpati, Kathmandu",Kathmandu,24000000,4,4,2.0,1,South,2010.0,609,0-3-3-3 Aana,18 Feet / Blacktopped,18 Feet ,Blacktopped,1704 Sq. Feet,3 months ago,"['Balcony', 'Backyard', 'Garden', 'Water Tank', 'Parking', 'Security Staff', 'Store Room']",Sale,1347.609375,1704.0,17809.315106612405,Jorpati,18.0,2010.0,10.0,0,7,16.993564429978885,7.206829247929885,0.012195121951219513,6000.0,25485947.790488064,-5.830459211105556
"Premium Land For Sale In Pokhara : Land For Sale In Pokhara, Pokhara","Habeli Marg, Chinnedanda, Pokhara, Kaski, Pokhara, Pokhara",Pokhara,700000,0,0,0.0,0,West,,783,22*40 Haat,18 Feet / Soil Stabilized,18 Feet ,Soil Stabilized,0-5-0-0 Aana,3 months ago,[],Sale,1980.0,1711.25,353.5353535353535,Pokhara,18.0,,2.0,1,0,13.45883704259595,7.591357046698551,0.011033681765389082,3638.0896618566194,1181768.532955787,-40.76674234596591
"Modern, Earthquake-Resistant House For Sale : House For Sale In Tikathali, Lalitpur","Mahalaxmi, Tikathali, Lalitpur",Lalitpur,40000000,4,4,3.0,2,South,2006.0,1.4K,0-9-1-2 Aana,150 Meter / Paved,150 Meter ,Paved,N/A Sq. Feet,3 months ago,"['Garage', 'Balcony', 'Microwave', 'Garden', 'Fencing', 'Modular Kitchen', 'Drainage', 'Water Tank', 'Water Well', 'Solar Water', 'Electricity Backup', 'Wifi']",Sale,3208.59375,,12466.520574628683,Tikathali,492.126,2006.0,14.0,0,12,17.50439003707821,8.07389965048257,0.011033681765389082,11687.36303871439,42387723.469268635,-5.6330542757262
"Personal : Land For Sale In Kapan, Kathmandu","Budhanilkantha Municipality-11, Paiyutar, Kapan, Kathmandu",Kathmandu,3000000,0,0,0.0,0,South,,237,12.02 Aana,21 Feet,21 Feet,Unknown,N/A Aana,3 months ago,[],Sale,4113.845,,729.2447819497331,Kapan,21.0,,2.0,1,0,14.914123179965662,8.32235644533006,0.023228803716608595,14052.66270131135,3746899.1843310865,-19.933794521467124
"Beautiful 4BHK Bungalow : House For Sale In Balkot, Bhaktapur","Rose Village, Balkot, Bhaktapur",Bhaktapur,39999999,4,3,3.0,2,South,2071.0,20.6K,0-5-0-2 Aana,28 Feet / Blacktopped,28 Feet ,Blacktopped,2390.65 Aana,3 months ago,"['Lawn', 'Garage', 'Backyard', 'Balcony', 'Fencing', 'Frontyard', 'Garden', 'Gym', 'Microwave', 'Modular Kitchen', 'Swimming Pool', 'TV Cable', 'Wifi', 'Drainage', 'Water Supply', 'Solar Water', 'Water Tank', 'Water Well', 'CCTV', 'Cafeteria', 'Electricity Backup', 'Intercom', 'Internet', 'Kids Playground', 'Maintenance', 'Parking', 'Security Staff', 'Store Room']",Sale,1754.03125,818199.9625,22804.61023713232,Balkot,28.0,2014.0,6.0,0,28,17.50439001207821,7.470241942009243,0.0029036004645760743,15096.177258339421,36338831.63398399,10.075082773415566
"House For Sale In Shantinagar, Kathmandu","New Baneshwor, Shantinagar, Kathmandu",Kathmandu,43500000,7,3,3.0,1,West,,1.9K,0-7-3-0 Aana,13 Feet / Blacktopped,13 Feet ,Blacktopped,N/A Aana,3 months ago,"['Fencing', 'Garden', 'TV Cable', 'Wifi', 'Drainage', 'Water Supply', 'Water Tank', 'Water Well', 'Internet', 'Parking']",Sale,2652.4375,,16400.009425292774,Shantinagar,13.0,,2.0,1,10,17.588271519047417,7.883611248193683,0.0029036004645760743,19104.343428667755,42706584.29934503,1.857829919371793
"Land : Land For Sale In Damak, Jhapa","krishnamandir, Damak, Jhapa",Jhapa,430000,0,0,0.0,0,South,,583,4920 Sq. Feet,32 Feet / Blacktopped,32 Feet ,Blacktopped,N/A Sq. Feet,3 months ago,[],Sale,4920.0,,87.39837398373983,Damak,32.0,,2.0,1,0,12.971542813248437,8.501267040865978,0.0029036004645760743,502.9721079103795,634871.4711488982,-32.26975544800455
"LAND : Land For Sale In Dharan, Dharan","DHARAN PATNALI, Dharan, Dharan",Dharan,2000000,0,0,0.0,0,East,,205,18 Dhur,12 Feet / Paved,12 Feet ,Paved,N/A Aana,3 months ago,[],Sale,3280.5,,609.6631611034903,Dharan,12.0,,2.0,1,0,14.508658238524095,8.096055913913778,0.005807200929152149,452.55765420374473,1512023.6506098143,32.2730632681162
"Buddhanilkantha 10 Ana : Land For Sale In Budhanilkantha, Kathmandu","Na, Budhanilkantha, Kathmandu",Kathmandu,3500000,0,0,0.0,0,North East,,678,10 Aana,15 Feet / Blacktopped,15 Feet ,Blacktopped,N/A Aana,3 months ago,[],Sale,3422.5,,1022.6442658875092,Budhanilkantha,15.0,,2.0,1,0,15.068273812173887,8.138418698561118,0.11382113821138211,13184.806428049671,3498966.021179796,0.029550982031404868
"Land For Sale : Land For Sale In Imadol, Lalitpur","Sitapakha, Imadol, Lalitpur",Lalitpur,2700000,0,0,0.0,0,South East,,490,8 Aana,14 Feet / Gravelled,14 Feet ,Gravelled,N/A Aana,3 months ago,[],Sale,2738.0,,986.1212563915267,Imadol,14.0,,2.0,1,0,14.80876270134486,7.915348169263078,0.050522648083623695,16278.8270896379,3589263.6781863933,-24.77565756984804
"Brand New Modern House For Sale At Basundhara Chowk, Inside Ring Road. : House For Sale In Basundhara, Kathmandu","Basundhara Chowk, Inside Ring Road, Basundhara, Kathmandu",Kathmandu,22500000,4,3,2.0,1,East,2076.0,1.1K,0-2.5-0-0 Aana,16 Feet / Blacktopped,16 Feet ,Blacktopped,N/A Aana,3 months ago,"['Lawn', 'Air Condition', 'Garage', 'Balcony', 'Fencing', 'Garden', 'Frontyard', 'Microwave', 'Drainage', 'Wifi', 'Washing Machine', 'Modular Kitchen', 'Water Supply', 'Water Well', 'Water Tank', 'Kids Playground', 'Internet']",Sale,855.625,,26296.566837107377,Basundhara,16.0,2019.0,1.0,0,17,16.929025911619092,6.753000249905988,0.02148664343786295,17666.944128289193,21907489.950786084,2.7046003469359374
"Exclusive Semi Bungalow For Sale At Golfutar Chowk 30 Mtr From Highway : House For Sale In Golfutar, Kathmandu","Golfutar Chowk, 30 Meter From Highway, Golfutar, Kathmandu",Kathmandu,45000000,0,4,3.0,2,East,,589,0-6-0-0 Aana,20 Feet / Blacktopped,20 Feet ,Blacktopped,N/A Aana,3 months ago,"['Lawn', 'Garage', 'Air Condition', 'Backyard', 'Balcony', 'Microwave', 'Garden', 'Frontyard', 'Fencing', 'Deck', 'Modular Kitchen', 'TV Cable', 'Washing Machine', 'Wifi', 'Drainage', 'Water Tank', 'Water Well', 'Water Supply', 'Internet', 'Kids Playground']",Sale,2053.5,,21913.80569758948,Golfutar,20.0,,2.0,1,20,17.622173069956816,7.627787788323465,0.018002322880371662,15420.826231637042,43109929.27848506,4.384304853077596
"Townplanning 13 Ana Bungalow : House For Sale In Samakhusi, Kathmandu","Na, Samakhusi, Kathmandu",Kathmandu,85000000,5,6,3.0,4,East,2069.0,259,13 Aana,20 Feet / Blacktopped,20 Feet ,Blacktopped,N/A Aana,3 months ago,['Parking'],Sale,4449.25,,19104.343428667755,Samakhusi,20.0,2012.0,8.0,0,1,18.258161826219297,8.400715553357543,0.018002322880371662,19104.343428667755,75086596.38058722,13.202627495811992
"Siddarth Colony Under Construction Home : House For Sale In Budhanilkantha, Kathmandu","Na, Budhanilkantha, Kathmandu",Kathmandu,160000000,6,6,3.0,5,East,2076.0,292,21 Aana,20 Feet / Blacktopped,20 Feet ,Blacktopped,N/A Aana,3 months ago,['Parking'],Sale,7187.25,,22261.643883265504,Budhanilkantha,20.0,2019.0,1.0,0,1,18.8906843794481,8.880203027487838,0.11382113821138211,13184.806428049671,105983013.76206666,50.967588409216425
"Baluwatar 2 Ropani Land : Land For Sale In Baluwatar, Kathmandu","Na, Baluwatar, Kathmandu",Kathmandu,7500000,0,0,0.0,0,East,,362,2-0-0-0 Aana,15 Feet / Blacktopped,15 Feet ,Blacktopped,N/A Aana,3 months ago,[],Sale,10952.0,,684.8064280496712,Baluwatar,15.0,,2.0,1,0,15.830413711839864,9.301368670323747,0.02032520325203252,19576.333089846605,6035332.497130444,24.268215604789724
"Samakhusi 11 Ana Flat Home : House For Sale In Samakhusi, Kathmandu","Na, Samakhusi, Kathmandu",Kathmandu,61000000,12,8,4.0,4,East,2069.0,199,11 Aana,13 Feet / Blacktopped,13 Feet ,Blacktopped,N/A Aana,3 months ago,"['Parking', 'Drainage', 'Solar Water', 'Water Tank']",Sale,3764.75,,16202.935121854041,Samakhusi,13.0,2012.0,8.0,0,4,17.926384438531027,8.233702323582925,0.018002322880371662,19104.343428667755,64242939.92659803,-5.0479320066972475
"Golfutar Home : House For Sale In Golfutar, Kathmandu","Na, Golfutar, Kathmandu",Kathmandu,45000000,6,6,3.0,2,East,2075.0,210,6 Aana,15 Feet / Blacktopped,15 Feet ,Blacktopped,N/A Aana,3 months ago,"['Garage', 'Parking', 'Drainage', 'Solar Water', 'Water Tank', 'Water Supply']",Sale,2053.5,,21913.80569758948,Golfutar,15.0,2018.0,2.0,0,6,17.622173069956816,7.627787788323465,0.018002322880371662,15420.826231637042,41928139.67296034,7.326488489592388
"Mitrapark Bungalow : House For Sale In Chabahil, Kathmandu","Na, Chabahil, Kathmandu",Kathmandu,49500000,5,5,3.0,2,East,2073.0,284,4.5 Aana,14 Feet / Blacktopped,14 Feet ,Blacktopped,N/A Aana,3 months ago,['Garage'],Sale,1540.125,,32140.248356464574,Chabahil,14.0,2016.0,4.0,0,1,17.71748324774094,7.340267948188717,0.0156794425087108,4515.572083139651,40226087.55317609,23.054472882962934
"Dhaneswor House For Sale : House For Sale In Baniyatar, Kathmandu","Na, Baniyatar, Kathmandu",Kathmandu,24000000,6,6,3.0,1,North East,2076.0,153,3.5 Aana,15 Feet / Blacktopped,15 Feet ,Blacktopped,N/A Aana,3 months ago,['Garage'],Sale,1197.875,,20035.479494938954,Baniyatar,15.0,2019.0,1.0,0,1,16.993564429978885,7.089138896048115,0.004645760743321719,19028.487947406866,24578446.491602335,-2.353470516535582
"Basundhara Semi Bungalow : House For Sale In Basundhara, Kathmandu","Na, Basundhara, Kathmandu",Kathmandu,45000000,6,6,3.0,4,South West,2072.0,268,8 Anand Aana,20 Feet / Blacktopped,20 Feet ,Blacktopped,N/A Aana,3 months ago,"['Garage', 'Parking']",Sale,2738.0,,16435.35427319211,Basundhara,20.0,2015.0,5.0,0,2,17.622173069956816,7.915348169263078,0.02148664343786295,17666.944128289193,46600291.1974192,-3.434079822891371
"Basundhara Home : House For Sale In Basundhara, Kathmandu","Na, Basundhara, Kathmandu",Kathmandu,60000000,7,7,3.0,4,South,2066.0,265,10 ana Aana,15 Feet / Blacktopped,15 Feet ,Blacktopped,N/A Aana,3 months ago,"['Garage', 'Parking']",Sale,3422.5,,17531.044558071586,Basundhara,15.0,2009.0,11.0,0,2,17.909855136853043,8.138418698561118,0.02148664343786295,17666.944128289193,54946765.031324044,9.196601411921536
"Basundhara Beautiful Home : House For Sale In Basundhara, Kathmandu","Na, Basundhara, Kathmandu",Kathmandu,22500000,5,5,3.0,1,East,2075.0,237,2.5 Aana,14 Feet / Paved,14 Feet ,Paved,N/A Aana,3 months ago,['Garage'],Sale,855.625,,26296.566837107377,Basundhara,14.0,2018.0,2.0,0,1,16.929025911619092,6.753000249905988,0.02148664343786295,17666.944128289193,21854805.28318602,2.9521869833832914
"South Facing Bungalow For Sale At Dhapasi Height With Great View In 22 Feet Road : House For Sale In Dhapasi, Kathmandu","Dhapasi Height, 700 meter out from ring road., Dhapasi, Kathmandu",Kathmandu,69000000,5,5,3.0,0,South,,97,0-12-0-0 Aana,22 Feet / Blacktopped,22 Feet ,Blacktopped,N/A Aana,3 months ago,"['Lawn', 'Garage', 'Air Condition', 'Backyard', 'Balcony', 'Microwave', 'Gym', 'Garden', 'Frontyard', 'Fencing', 'Deck', 'Modular Kitchen', 'TV Cable', 'Washing Machine', 'Wifi', 'Drainage', 'CCTV', 'Water Tank', 'Water Well', 'Solar Water', 'Water Supply', 'Electricity Backup', 'Internet', 'Kids Playground']",Sale,4107.0,,16800.584368151936,Dhapasi,22.0,,2.0,1,24,18.049617077054286,8.32069157104845,0.015098722415795587,15555.54898371399,65033554.3840275,6.099075551907203
"Sitapaila Housing : Land For Sale In Sitapaila, Kathmandu","Na, Sitapaila, Kathmandu",Kathmandu,68000000,0,0,0.0,0,East,,214,8 Aana,30 Feet / Blacktopped,30 Feet ,Blacktopped,N/A Aana,3 months ago,[],Sale,2738.0,,24835.646457268078,Sitapaila,30.0,,2.0,1,0,18.035018277846262,7.915348169263078,0.013937282229965157,14791.8188458729,5110733.677706593,1230.5330367070612
"18 Anna Land For Sale At Budhanilkantha, Opposite Park Village Resort : Land For Sale In Budhanilkantha, Kathmandu","Budhanilkantha, Opposite Park Village Resort, Main Road bata only 30 meters., Budhanilkantha, Kathmandu",Kathmandu,3700000,0,0,0.0,0,East,,126,0-18-0-0 Aana,16 Feet / Blacktopped,16 Feet ,Blacktopped,N/A Aana,3 months ago,[],Sale,6160.5,,600.6006006006006,Budhanilkantha,16.0,,2.0,1,0,15.123843647884687,8.726075533378177,0.11382113821138211,13184.806428049671,3524471.1499495697,4.980289030112839
"Budhanilkantha 17 Ana Bungalow : House For Sale In Budhanilkantha, Kathmandu","Na, Budhanilkantha, Kathmandu",Kathmandu,62000000,5,6,3.0,4,South West,2075.0,219,17 Aana,14 Feet / Gravelled,14 Feet ,Gravelled,N/A Aana,3 months ago,"['Garage', 'Lawn', 'Balcony', 'Modular Kitchen', 'Drainage', 'Solar Water', 'Water Supply', 'Water Tank', 'Parking']",Sale,5818.25,,10656.12512353371,Budhanilkantha,14.0,2018.0,2.0,0,9,17.9426449591384,8.668926666442168,0.11382113821138211,13184.806428049671,87972515.27184038,-29.523442852104136
"Parkvillage Budhanilkantha : Land For Sale In Budhanilkantha, Kathmandu","Na, Budhanilkantha, Kathmandu",Kathmandu,3700000,0,0,0.0,0,East,,108,18 ana Aana,15 Feet / Gravelled,15 Feet ,Gravelled,N/A Aana,3 months ago,[],Sale,6160.5,,600.6006006006006,Budhanilkantha,15.0,,2.0,1,0,15.123843647884687,8.726075533378177,0.11382113821138211,13184.806428049671,3212177.729373036,15.18665253688123
"Dhapasi Exclusive Bungalow : House For Sale In Dhapasi, Kathmandu","Na, Dhapasi, Kathmandu",Kathmandu,69000000,7,7,3.0,4,South East,,88,12 Aana,20 Feet / Blacktopped,20 Feet ,Blacktopped,N/A Aana,3 months ago,"['Frontyard', 'Lawn', 'Garage', 'Water Supply', 'Solar Water', 'Drainage', 'Water Tank', 'Parking', 'Store Room']",Sale,4107.0,,16800.584368151936,Dhapasi,20.0,,2.0,1,9,18.049617077054286,8.32069157104845,0.015098722415795587,15555.54898371399,68047848.47668467,1.3992382487178303
"Golfutar 6 Ana Exclusive Bungalow : House For Sale In Golfutar, Kathmandu","Na, Golfutar, Kathmandu",Kathmandu,45000000,6,7,3.0,2,East,2075.0,191,6 Aana,15 Feet / Blacktopped,15 Feet ,Blacktopped,2600 Aana,3 months ago,"['Garage', 'Parking', 'Water Supply', 'Solar Water', 'Drainage', 'Washing Machine', 'Water Tank']",Sale,2053.5,889850.0,21913.80569758948,Golfutar,15.0,2018.0,2.0,0,7,17.622173069956816,7.627787788323465,0.018002322880371662,15420.826231637042,42284941.870820284,6.420862862893766
"East Face 12 Anna Bungalow For Sale At Naxal, 400 Mtr From Bhatbhateni : House For Sale In Naxal, Kathmandu","Naxal, 400 meter from Bhatbhateni., Naxal, Kathmandu",Kathmandu,65000000,6,5,2.0,0,East,,437,0-12-0-0 Aana,16 Feet / Blacktopped,16 Feet ,Blacktopped,N/A Aana,3 months ago,"['Lawn', 'Garage', 'Air Condition', 'Backyard', 'Balcony', 'Microwave', 'Gym', 'Garden', 'Frontyard', 'Fencing', 'Deck', 'Modular Kitchen', 'TV Cable', 'Washing Machine', 'Wifi', 'Drainage', 'CCTV', 'Water Tank', 'Water Well', 'Solar Water', 'Water Supply', 'Electricity Backup', 'Internet', 'Kids Playground']",Sale,4107.0,,15826.637448259069,Naxal,16.0,,2.0,1,24,17.989897843244528,8.32069157104845,0.0040650406504065045,15826.637448259069,66284720.68761572,-1.938185262438245
"VIP Semi-Bungalow On Sale In Akashedhara Height , 1 Km From Ringroad Sukhedhara : House For Sale In Sukedhara, Kathmandu","Akashedhara Height, Sukedhara, Kathmandu",Kathmandu,42000000,8,7,4.0,4,South East,,243,0-6-0-0 Aana,20 Feet / Paved,20 Feet ,Paved,0-4-0-0 Aana,3 months ago,"['Lawn', 'Garage', 'Backyard', 'Balcony', 'Modular Kitchen', 'TV Cable', 'Solar Water', 'Water Supply', 'Drainage']",Sale,2053.5,1369.0,20452.885317750184,Sukedhara,20.0,,2.0,1,9,17.553180200057167,7.627787788323465,0.013356562137049941,20452.885317750184,42300208.03184062,-0.7097081688455218
"1.5 Storey : House For Sale In Imadol, Lalitpur","Boje Pokhari, Imadol, Lalitpur",Lalitpur,13000000,2,1,1.35,1,North East,2076.0,2.7K,0-3-2-0 Aana,10 Feet / Gravelled,10 Feet ,Gravelled,N/A Aana,3 months ago,[],Sale,1197.875,,10852.551393091933,Imadol,10.0,2019.0,1.0,0,0,16.380459992348886,7.089138896048115,0.050522648083623695,16278.8270896379,12038415.963495664,7.987629264682054
"1.5 Storey House : House For Sale In Imadol, Lalitpur","Boje Pokhari, Imadol, Lalitpur",Lalitpur,12700000,2,1,1.5,1,North,2076.0,178,0-3-0-3 Aana,10 Feet / Gravelled,10 Feet ,Gravelled,N/A Aana,3 months ago,"['Balcony', 'Fencing', 'Modular Kitchen', 'Wifi', 'Drainage', 'Water Supply', 'Water Tank', 'Parking']",Sale,1090.921875,,11641.530242484137,Imadol,10.0,2019.0,1.0,0,8,16.357112630168974,6.995694610705232,0.050522648083623695,16278.8270896379,11750889.346304214,8.076926143418177
"1.5 Storey : House For Sale In Imadol, Lalitpur","Nearby Green hill city, Imadol, Lalitpur",Lalitpur,11000000,2,1,1.5,1,West,2076.0,1.6K,0-2-2-0 Aana,16 Feet / Gravelled,16 Feet ,Gravelled,N/A Aana,3 months ago,[],Sale,855.625,,12856.099342585829,Imadol,16.0,2019.0,1.0,0,0,16.213405921671733,6.753000249905988,0.050522648083623695,16278.8270896379,10683903.865024365,2.958620172635872
"Land For Sale In Mahendra Highway : Land For Sale In Bharatpur, Chitwan","haakim chowk, Bharatpur, Chitwan",Chitwan,3050000,0,0,0.0,0,South,,482,26 Dhur,50 Meter / Blacktopped,50 Meter ,Blacktopped,26 Dhur,3 months ago,[],Sale,4738.5,4738.5,643.6636066265696,Bharatpur,164.042,,2.0,1,0,14.930652476452392,8.463686923893096,0.008710801393728223,6858.710562414266,5915734.9287728,-48.4425851272428
"House For Sale In Imadol, Lalitpur","nearby Pawan prakriti school., Imadol, Lalitpur",Lalitpur,12000000,2,1,1.5,1,West,2076.0,3.8K,0-3-0-0 Aana,13 Feet / Gravelled,13 Feet ,Gravelled,N/A Aana,3 months ago,"['Fencing', 'Modular Kitchen', 'Wifi', 'Drainage', 'Water Tank', 'Water Well', 'Parking', 'Store Room']",Sale,1026.75,,11687.36303871439,Imadol,13.0,2019.0,1.0,0,8,16.300417291085605,6.935127225777988,0.050522648083623695,16278.8270896379,11803837.158199303,1.661856557080987
"One And Half Storied : House For Sale In Tikathali, Lalitpur","Nearby Panityanki, Tikathali, Lalitpur",Lalitpur,12500000,2,1,1.5,1,East,2076.0,2.6K,0-3-3-1 Aana,13 Feet / Gravelled,13 Feet ,Gravelled,N/A Aana,3 months ago,"['Fencing', 'Modular Kitchen', 'TV Cable', 'Wifi', 'Drainage', 'Water Supply', 'Water Tank', 'Water Well', 'Internet', 'Parking', 'Store Room']",Sale,1304.828125,,9579.805769438024,Tikathali,13.0,2019.0,1.0,0,11,16.341239282272525,7.17459269704103,0.011033681765389082,11687.36303871439,12739108.542238621,-1.8769644786824535
"House For Sale In Budhanilkantha, Kathmandu","Akasedhara, Sagarmatha chwok, Budhanilkantha, Kathmandu",Kathmandu,19000000,8,4,3.0,1,North,2073.0,6.1K,0-3-2-0 Aana,10 Feet / Gravelled,10 Feet ,Gravelled,2100 Sq. Feet,3 months ago,"['Balcony', 'Fencing', 'TV Cable', 'Wifi', 'Drainage', 'Water Supply', 'Water Tank', 'Water Well', 'Parking', 'Store Room']",Sale,1197.875,2100.0,15861.421266826672,Budhanilkantha,10.0,2016.0,4.0,0,10,16.759949589762293,7.089138896048115,0.11382113821138211,13184.806428049671,20560127.014203135,-7.588119534112722
"1.5 Storey House : House For Sale In Tikathali, Lalitpur","Nearby, Buddha party palace, Tikathali, Lalitpur",Lalitpur,11500000,2,1,1.5,1,South,2076.0,902,0-2-3-2 Aana,13 Feet / Gravelled,13 Feet ,Gravelled,N/A Aana,3 months ago,"['Fencing', 'Drainage', 'Water Tank', 'Water Well', 'Parking']",Sale,983.96875,,11687.36303871439,Tikathali,13.0,2019.0,1.0,0,5,16.257857680289998,6.892609914780487,0.011033681765389082,11687.36303871439,11554334.033798382,-0.4702480786815185
"10 Dhur Graderi On Sale : Land For Sale In Bharatpur, Chitwan","Bharatpur-15, Bharatpur, Chitwan",Chitwan,400000,0,0,0.0,0,South,,250,1/2 Kattha,26 Feet / Blacktopped,26 Feet ,Blacktopped,200 Sq. Meter,3 months ago,[],Sale,1822.5,2152.7799999999997,219.4787379972565,Bharatpur,26.0,,2.0,1,0,12.899222326086994,7.508513010248735,0.008710801393728223,6858.710562414266,2533249.189646804,-84.21000185711026
"One And Half Storied : House For Sale In Tikathali, Lalitpur","nearby Pawan prakriti school., Tikathali, Lalitpur",Lalitpur,15000000,2,1,1.5,1,North East,2076.0,5.2K,0-4-0-2 Aana,16 Feet / Blacktopped,16 Feet ,Blacktopped,N/A Aana,3 months ago,"['Fencing', 'Modular Kitchen', 'TV Cable', 'Drainage', 'Water Tank', 'Water Well', 'Parking']",Sale,1411.78125,,10624.875489740354,Tikathali,16.0,2019.0,1.0,0,7,16.52356082573315,7.253315558244075,0.011033681765389082,11687.36303871439,13257164.036698062,13.146370961975537
"One And Half Storied : House For Sale In Tikathali, Lalitpur","Panityanki, Tikathali, Lalitpur",Lalitpur,11000000,2,1,1.5,1,East,2076.0,2.1K,0-3-0-0 Aana,13 Feet / Gravelled,13 Feet ,Gravelled,N/A Aana,3 months ago,"['Fencing', 'Drainage', 'Water Tank', 'Water Well', 'Parking']",Sale,1026.75,,10713.416118821524,Tikathali,13.0,2019.0,1.0,0,5,16.213405921671733,6.935127225777988,0.011033681765389082,11687.36303871439,11467979.307428792,-4.080747748870124
"Land For Sale In Changunarayan, Bhaktapur","Sudal, Changunarayan, Bhaktapur",Bhaktapur,1500000,0,0,0.0,0,North,,542,6 Aana,12 Feet,12 Feet,Unknown,N/A Aana,3 months ago,[],Sale,2053.5,,730.4601899196493,Changunarayan,12.0,,2.0,1,0,14.220976332738882,7.627787788323465,0.003484320557491289,774.2878013148284,1509868.3103606962,-0.6535874879272552
"Baluwatar Russian Embassy : Land For Sale In Baluwatar, Kathmandu","Na, Baluwatar, Kathmandu",Kathmandu,7500000,0,0,0.0,0,East,,300,2 -0-0-0 Aana,15 Feet / Blacktopped,15 Feet ,Blacktopped,N/A Aana,3 months ago,[],Sale,10952.0,,684.8064280496712,Baluwatar,15.0,,2.0,1,0,15.830413711839864,9.301368670323747,0.02032520325203252,19576.333089846605,6035332.497130444,24.268215604789724
"Beautiful Piece Of 4 Anna Square Land For Sale At Golfutar : Land For Sale In Golfutar, Kathmandu","Golfutar, Golfutar, Kathmandu",Kathmandu,4500000,0,0,0.0,0,East,,498,0-4-0-0 Aana,16 Feet / Blacktopped,16 Feet ,Blacktopped,N/A Aana,3 months ago,[],Sale,1369.0,,3287.070854638422,Golfutar,16.0,,2.0,1,0,15.319588176962746,7.222566018822171,0.018002322880371662,15420.826231637042,4713908.45002413,-4.537815112277686
"Golfutar Land : Land For Sale In Golfutar, Kathmandu","Na, Golfutar, Kathmandu",Kathmandu,4600000,0,0,0.0,0,East,,134,4-5 Aana,13 Feet / Blacktopped,13 Feet ,Blacktopped,N/A Aana,3 months ago,[],Sale,1796.8125,,2560.089046575533,Golfutar,13.0,,2.0,1,0,15.341567078850604,7.494325927057613,0.018002322880371662,15420.826231637042,4356562.257725544,5.587840317047338
"Sundarbasti 4 Ana Home : House For Sale In Bhangal, Kathmandu","Na, Bhangal, Kathmandu",Kathmandu,23000000,5,5,3.0,1,West,2073.0,199,4 Aana,13 Feet / Gravelled,13 Feet ,Gravelled,N/A Aana,3 months ago,['Garage'],Sale,1369.0,,16800.584368151936,Bhangal,13.0,2016.0,4.0,0,1,16.951004817371683,7.222566018822171,0.012775842044134728,17531.044558071586,27825258.86333754,-17.341290109955754
"East Facing 5.5 Anna Brand New House For Sale At Baluwatar : House For Sale In Baluwatar, Kathmandu","Baluwatar, Baluwatar, Kathmandu",Kathmandu,60000000,7,4,4.0,4,East,2076.0,448,0-5.5-0-0 Aana,14 Feet / Blacktopped,14 Feet ,Blacktopped,N/A Aana,3 months ago,"['Lawn', 'Garage', 'Air Condition', 'Backyard', 'Balcony', 'Microwave', 'Garden', 'Frontyard', 'Fencing', 'Deck', 'Modular Kitchen', 'TV Cable', 'Washing Machine', 'Wifi', 'Drainage', 'Cafeteria', 'CCTV', 'Water Tank', 'Water Well', 'Solar Water', 'Water Supply', 'Electricity Backup', 'Intercom', 'Internet', 'Kids Playground']",Sale,1882.375,,31874.626469221064,Baluwatar,14.0,2019.0,1.0,0,25,17.909855136853043,7.540820659121453,0.02032520325203252,19576.333089846605,44529470.160999805,34.74222752497453
"Baluwatar Luxury Home : House For Sale In Baluwatar, Kathmandu","Na, Baluwatar, Kathmandu",Kathmandu,60000000,5,6,4.0,4,East,2076.0,254,5.5 Aana,13 Feet / Paved,13 Feet ,Paved,N/A Aana,3 months ago,['Garage'],Sale,1882.375,,31874.626469221064,Baluwatar,13.0,2019.0,1.0,0,1,17.909855136853043,7.540820659121453,0.02032520325203252,19576.333089846605,45613445.79494178,31.540160920387176
"4 Anna 3.5 Floor House For Sale At Basundhara : House For Sale In Basundhara, Kathmandu","Basundhara, Basundhara, Kathmandu",Kathmandu,25500000,7,4,3.0,1,East,,306,0-4-0-0 Aana,14 Feet / Blacktopped,14 Feet ,Blacktopped,N/A Aana,3 months ago,"['Lawn', 'Garage', 'Backyard', 'Balcony', 'Frontyard', 'Garden', 'Fencing', 'Deck', 'Modular Kitchen', 'Wifi', 'Drainage', 'Washing Machine', 'Water Supply', 'Solar Water', 'Water Tank', 'Kids Playground', 'Internet']",Sale,1369.0,,18626.73484295106,Basundhara,14.0,,2.0,1,17,17.05418904934434,7.222566018822171,0.02148664343786295,17666.944128289193,27373760.50539274,-6.845097168960776
"South Facing 7 Anna Modern House For Sale At Samakhusi Chowk : House For Sale In Samakhusi, Kathmandu","Samakhusi Chowk, Samakhusi, Kathmandu",Kathmandu,55000000,5,4,2.0,2,South East,,295,0-7-0-0 Aana,14 Feet / Blacktopped,14 Feet ,Blacktopped,N/A Aana,3 months ago,"['Lawn', 'Garage', 'Air Condition', 'Backyard', 'Balcony', 'Microwave', 'Garden', 'Frontyard', 'Fencing', 'Deck', 'Modular Kitchen', 'TV Cable', 'Washing Machine', 'Wifi', 'Drainage', 'Water Tank', 'Solar Water', 'Water Supply', 'Electricity Backup', 'Intercom', 'Internet', 'Kids Playground']",Sale,2395.75,,22957.320254617553,Samakhusi,14.0,,2.0,1,22,17.822843761378564,7.781868931957106,0.018002322880371662,19104.343428667755,51781191.47174052,6.2161731639878095
"कान्तिपुर कोलोनीमा ( Lalitpur) नयाँ घर बिक्रिमा !! 192 Lakh (Negotiable ) : House For Sale In Nakhipot, Lalitpur","Kantipur Colony, Nakhipot, Lalitpur",Lalitpur,22200000,4,5,0.0,1,South West,2019.0,227,0-3-1-0 Aana,0 Feet,0 Feet,Unknown,N/A Aana,3 months ago,[],Sale,1112.3125,,19958.41995841996,Nakhipot,0.0,2019.0,1.0,0,0,16.915602891887552,7.015095084552704,0.003484320557491289,12575.075075075074,22167090.54530482,0.14846086647194467
"Brand New House For Sale At Kapan, Kharibot. : House For Sale In Kapan, Kathmandu","Kapan, Kharibot, Kapan, Kathmandu",Kathmandu,24000000,5,3,2.0,1,East,2076.0,237,0-3.3-0-0 Aana,13 Feet / Blacktopped,13 Feet ,Blacktopped,N/A Aana,3 months ago,"['Lawn', 'Garage', 'Backyard', 'Balcony', 'Garden', 'Frontyard', 'Fencing', 'Deck', 'Modular Kitchen', 'Washing Machine', 'Drainage', 'Water Tank', 'Solar Water', 'Water Supply', 'Internet']",Sale,1129.425,,21249.75097948071,Kapan,13.0,2019.0,1.0,0,15,16.993564429978885,7.030348947190871,0.023228803716608595,14052.66270131135,19713902.766244173,21.741495251233804
"Samakhusi Luxury Bungalow : House For Sale In Samakhusi, Kathmandu","Na, Samakhusi, Kathmandu",Kathmandu,55000000,5,6,3.0,2,South,2073.0,138,7 Aana,14 Feet / Blacktopped,14 Feet ,Blacktopped,N/A Aana,3 months ago,['Garage'],Sale,2395.75,,22957.320254617553,Samakhusi,14.0,2016.0,4.0,0,1,17.822843761378564,7.781868931957106,0.018002322880371662,19104.343428667755,50107987.60880341,9.76293925309649
"Basundhara House For Sale : House For Sale In Basundhara, Kathmandu","Na, Basundhara, Kathmandu",Kathmandu,25500000,7,6,4.0,1,South West,2075.0,122,3.75 Aana,14 Feet / Blacktopped,14 Feet ,Blacktopped,N/A Aana,3 months ago,['Garage'],Sale,1283.4375,,19868.517165814465,Basundhara,14.0,2018.0,2.0,0,1,17.05418904934434,7.158076158301139,0.02148664343786295,17666.944128289193,24943436.86610419,2.2313009104696726
"5 Anna Land For Sale At Dhapasi, Near Krishna Mandi : Land For Sale In Dhapasi, Kathmandu","Dhapasi, Near Krishna Mandir, Dhapasi, Kathmandu",Kathmandu,2700000,0,0,0.0,0,East,,498,0-5-0-0 Aana,15 Feet / Gravelled,15 Feet ,Gravelled,N/A Aana,3 months ago,[],Sale,1711.25,,1577.7940102264427,Dhapasi,15.0,,2.0,1,0,14.80876270134486,7.445563574078014,0.015098722415795587,15555.54898371399,3503351.794111153,-22.93094845517717
"East Facing 4 Anna Brand New Family Home For Sale At Mandikatar. : House For Sale In Mandikatar, Kathmandu","Mandikatar Faat, Mandikatar, Kathmandu",Kathmandu,27500000,6,3,2.0,1,East,2076.0,654,0-4-0-0 Aana,15 Feet / Blacktopped,15 Feet ,Blacktopped,N/A Aana,3 months ago,"['Lawn', 'Garage', 'Backyard', 'Balcony', 'Garden', 'Frontyard', 'Fencing', 'Modular Kitchen', 'TV Cable', 'Wifi', 'Drainage', 'Water Tank', 'Water Well', 'Solar Water', 'Water Supply', 'Intercom', 'Internet']",Sale,1369.0,,20087.65522279036,Mandikatar,15.0,2019.0,1.0,0,17,17.129696599000436,7.222566018822171,0.008130081300813009,18691.53373076651,27933196.730713908,-1.5508312023506667
"3 To 5 Anna Plot Lands At Chapali, Budhanilkantha, 4 Km From Ring Road : Land For Sale In Budhanilkantha, Kathmandu","Chapali, 4 Km From Ring Road, Budhanilkantha, Kathmandu",Kathmandu,2650000,0,0,0.0,0,East,,433,3 to 5 Anna Aana,20 Feet / Soil Stabilized,20 Feet ,Soil Stabilized,N/A Aana,3 months ago,[],Sale,1026.75,,2580.9593377160945,Budhanilkantha,20.0,,2.0,1,0,14.790070575320824,6.935127225777988,0.11382113821138211,13184.806428049671,2953902.89268334,-10.288181559254744
"Modern Bungalow For Sale At Rudreshwor Chowk, Budhanilkantha. 50 Meters From Main Highway. : House For Sale In Budhanilkantha, Kathmandu","Rudreshwor Chowk, 50 Meters From Main Highway., Budhanilkantha, Kathmandu",Kathmandu,63000000,5,4,2.0,2,East,,534,0-10-0-0 Aana,16 Feet / Blacktopped,16 Feet ,Blacktopped,N/A Aana,3 months ago,"['Lawn', 'Garage', 'Air Condition', 'Backyard', 'Balcony', 'Microwave', 'Garden', 'Frontyard', 'Fencing', 'Deck', 'Modular Kitchen', 'TV Cable', 'Washing Machine', 'Wifi', 'Drainage', 'CCTV', 'Water Tank', 'Water Well', 'Solar Water', 'Water Supply', 'Electricity Backup', 'Internet', 'Kids Playground']",Sale,3422.5,,18407.596785975165,Budhanilkantha,16.0,,2.0,1,23,17.958645300228824,8.138418698561118,0.11382113821138211,13184.806428049671,59021511.24177061,6.74074362808545
"10 Anna Land For Sale At Budhanilkantha, Rudreshwor Chowk, 20 Meters From Main Highway. : Land For Sale In Budhanilkantha, Kathmandu","20 Meters From Main Highway, Budhanilkantha, Kathmandu",Kathmandu,3500000,0,0,0.0,0,West,,452,0-10-0-0 Aana,14 Feet / Blacktopped,14 Feet ,Blacktopped,N/A Aana,3 months ago,[],Sale,3422.5,,1022.6442658875092,Budhanilkantha,14.0,,2.0,1,0,15.068273812173887,8.138418698561118,0.11382113821138211,13184.806428049671,3429187.9340144433,2.0649806119741947
"17 Anna 5 BHK New Bungalow Sale At Budhanilkantha Near Park Village : House For Sale In Budhanilkantha, Kathmandu","Budhanilkantha Near Park Village., Budhanilkantha, Kathmandu",Kathmandu,60000000,5,5,2.0,0,East,2075.0,581,0-17-0- Aana,20 Feet / Blacktopped,20 Feet ,Blacktopped,N/A Aana,3 months ago,"['Lawn', 'Garage', 'Air Condition', 'Backyard', 'Balcony', 'Microwave', 'Garden', 'Frontyard', 'Fencing', 'Deck', 'Modular Kitchen', 'TV Cable', 'Washing Machine', 'Wifi', 'Drainage', 'CCTV', 'Water Tank', 'Water Well', 'Solar Water', 'Water Supply', 'Electricity Backup', 'Intercom', 'Internet', 'Kids Playground']",Sale,1454.5625,,41249.51660722726,Budhanilkantha,20.0,2018.0,2.0,0,24,17.909855136853043,7.283147702834008,0.11382113821138211,13184.806428049671,48241110.74133709,24.37524567316169
"Brand New Semi Bungalow In 33 Feet Road, Beside Deuba Residence, Deuba Chowk, Budhanilkantha. : House For Sale In Budhanilkantha, Kathmandu","Beside Deuba House, Rudreshwor, Budhanilkantha, Kathmandu",Kathmandu,34500000,6,4,3.0,2,East,2076.0,459,0-6-0-0 Aana,30 Feet / Blacktopped,30 Feet ,Blacktopped,N/A Aana,3 months ago,"['Garage', 'Lawn', 'Backyard', 'Balcony', 'Garden', 'Frontyard', 'Fencing', 'Modular Kitchen', 'Washing Machine', 'Wifi', 'Drainage', 'Water Tank', 'Water Well', 'Solar Water', 'Water Supply', 'Intercom', 'Internet']",Sale,2053.5,,16800.584368151936,Budhanilkantha,30.0,2019.0,1.0,0,17,17.356469910987094,7.627787788323465,0.11382113821138211,13184.806428049671,35649475.943154484,-3.2243838450455815
"5.2 Anna 3 Bhk East Facing Bungalow For Sale In Baluwatar, Tudaldevi. : House For Sale In Baluwatar, Kathmandu","Baluwatar, Tudaldevi., Baluwatar, Kathmandu",Kathmandu,39500000,3,3,2.0,2,East,,1.2K,0-5.2-0-0 Aana,15 Feet / Blacktopped,15 Feet ,Blacktopped,N/A Aana,3 months ago,"['Lawn', 'Garage', 'Backyard', 'Balcony', 'Garden', 'Frontyard', 'Fencing', 'Deck', 'Modular Kitchen', 'Wifi', 'Water Tank', 'Solar Water', 'Water Supply', 'Internet']",Sale,1779.7,,22194.751924481654,Baluwatar,15.0,,2.0,1,14,17.491811255187805,7.4847618244072684,0.02032520325203252,19576.333089846605,35341562.41052827,11.766422607940296
"9 Anna Brand New Bungalow For Sale At Budhanilkantha, Taulung. : House For Sale In Budhanilkantha, Kathmandu","Budhanilkantha, Taulung., Budhanilkantha, Kathmandu",Kathmandu,38000000,0,3,2.0,3,East,2076.0,476,0-9-0-0 Aana,16 Feet / Blacktopped,16 Feet ,Blacktopped,N/A Aana,3 months ago,"['Lawn', 'Garage', 'Backyard', 'Balcony', 'Garden', 'Frontyard', 'Fencing', 'Modular Kitchen', 'TV Cable', 'Drainage', 'Water Supply', 'Solar Water', 'Water Tank', 'Internet']",Sale,3080.25,,12336.660985309634,Budhanilkantha,16.0,2019.0,1.0,0,14,17.453096744006448,8.033090637791,0.11382113821138211,13184.806428049671,43969962.930587806,-13.577366303474383
"One And Half Storied : House For Sale In Imadol, Lalitpur","Setipakha, Imadol, Lalitpur",Lalitpur,12000000,4,1,1.5,0,North East,,984,0-5-1-0 Aana,4 Feet / Concrete,4 Feet ,Concrete,N/A Aana,3 months ago,"['Fencing', 'TV Cable', 'Drainage', 'Water Supply', 'Water Well']",Sale,1796.8125,,6678.493164979652,Imadol,4.0,,2.0,1,5,16.300417291085605,7.494325927057613,0.050522648083623695,16278.8270896379,19597922.04703223,-38.76901861737329
"House For Sale In Chakupat, Lalitpur","dathulan road house, Chakupat, Lalitpur",Lalitpur,8700000,0,2,3.0,0,South,2060.0,555,1 Aana,1 Feet / Concrete,1 Feet ,Concrete,1 Aana,3 months ago,"['Wifi', 'TV Cable', 'Store Room']",Sale,342.25,342.25,25420.014609203798,Chakupat,1.0,2003.0,17.0,0,3,15.978833698567334,5.83845904464808,0.0011614401858304297,13772.494853575934,9030730.785296787,-3.6622815269309066
"House For Sale In Tikathali : House For Sale In Tikathali, Lalitpur","Tikathali, Tikathali, Lalitpur",Lalitpur,12500000,2,1,1.0,1,East,2019.0,319,3 Aana,13 Feet,13 Feet,Unknown,N/A Aana,3 months ago,[],Sale,1026.75,,12174.336498660823,Tikathali,13.0,2019.0,1.0,0,0,16.341239282272525,6.935127225777988,0.011033681765389082,11687.36303871439,6737206.168951861,85.53684845813001
"House For Sale In Tikathali : House For Sale In Tikathali, Lalitpur","Tikathali, Tikathali, Lalitpur",Lalitpur,130000,2,1,1.0,1,East,2019.0,378,3 Aana,15 Feet,15 Feet,Unknown,N/A Aana,3 months ago,"['Water Tank', 'Water Well', 'Parking']",Sale,1026.75,,126.61309958607256,Tikathali,15.0,2019.0,1.0,0,3,11.775297421715827,6.935127225777988,0.011033681765389082,11687.36303871439,920296.2831169448,-85.87411441457702
"Fully Furnished House For Sale At Imadol, Sital Height : House For Sale In Imadol, Lalitpur","imadol, Imadol, Lalitpur",Lalitpur,23500000,4,4,3.0,1,West,2016.0,465,3.75 Aana,13 Feet / Blacktopped,13 Feet ,Blacktopped,N/A Aana,3 months ago,"['Solar Water', 'Water Well', 'Water Tank', 'Internet', 'Microwave', 'Garden', 'Garage', 'Balcony', 'Backyard', 'Modular Kitchen', 'Washing Machine', 'Wifi', 'Kids Playground']",Sale,1283.4375,,18310.202093985878,Imadol,13.0,2016.0,4.0,0,13,16.97251102166758,7.158076158301139,0.050522648083623695,16278.8270896379,22275805.48097998,5.495624030589106
"House For Sale In Imadol, Lalitpur","Krishna Mandir Area, Imadol, Lalitpur",Lalitpur,27000000,6,4,3.0,0,East,,973,0-3-2-0 Aana,13 Feet / Blacktopped,13 Feet ,Blacktopped,N/A Aana,3 months ago,"['Balcony', 'Fencing', 'Modular Kitchen', 'Drainage', 'Water Tank']",Sale,1197.875,,22539.914431806323,Imadol,13.0,,2.0,1,5,17.11134746100564,7.089138896048115,0.050522648083623695,16278.8270896379,23249616.673385665,16.130946928288413
"4BHK Apartment In Sale- 1340 Sq Feet. : Apartment For Sale In Pepsicola, Kathmandu","Suncity, Pepsicola, Pepsicola, Kathmandu",Kathmandu,15200000,4,2,0.0,1,South,,1K,1340 Sq. Feet,20 Feet / Blacktopped,20 Feet ,Blacktopped,1340 Sq. Feet,3 months ago,"['Lawn', 'Garden', 'Gym', 'TV Cable', 'Wifi', 'Water Supply', 'CCTV', 'Electricity Backup', 'Maintenance', 'Security Staff', 'Parking', 'Lift', 'Swimming Pool', 'Intercom']",Sale,1340.0,1340.0,11343.283582089553,Pepsicola,20.0,,2.0,1,14,16.536806051605975,7.201170883281678,0.009291521486643438,3246.4897329762193,15651503.31467842,-2.8847281031144587
"Chapali Plotting Land : Land For Sale In Chapali, Kathmandu","Na, Chapali, Kathmandu",Kathmandu,2650000,0,0,0.0,0,East,,369,3.3 Aana,20 Feet / Gravelled,20 Feet ,Gravelled,N/A Aana,3 months ago,[],Sale,1129.425,,2346.326670650995,Chapali,20.0,,2.0,1,0,14.790070575320824,7.030348947190871,0.008130081300813009,10348.1860238617,4570290.445264739,-42.01681421044793
"Sano Bharyang Brand New Home : House For Sale In Sano Bharyang, Kathmandu","Na, Sano Bharyang, Kathmandu",Kathmandu,235000000,5,5,3.0,1,East,2076.0,650,3 Aana,13 Feet / Gravelled,13 Feet ,Gravelled,N/A Aana,3 months ago,['Garage'],Sale,1026.75,,228877.52617482346,Sano Bharyang,13.0,2019.0,1.0,0,1,19.275096076363752,6.935127225777988,0.0017421602787456446,22887.752617482347,99575986.14164424,136.00067557023098
"Budhanilkantha Mandikatar : House For Sale In Mandikatar, Kathmandu","Na, Mandikatar, Kathmandu",Kathmandu,27600000,7,6,3.0,1,East,2076.0,832,4 Aana,13 Feet / Gravelled,13 Feet ,Gravelled,N/A Aana,3 months ago,"['Garage', 'Store Room', 'Parking']",Sale,1369.0,,20160.701241782324,Mandikatar,13.0,2019.0,1.0,0,3,17.133326366919263,7.222566018822171,0.008130081300813009,18691.53373076651,27922332.867149618,-1.1543908909159926
"22 Anna Land Covered Bungalow For Sale At Budhanilkanta. : House For Sale In Budhanilkantha, Kathmandu","Narayanthan, Budhanilkantha, Kathmandu",Kathmandu,70000000,5,4,0.0,10,East,,671,0-22-0-0 Aana,16 Feet / Blacktopped,16 Feet ,Blacktopped,N/A Aana,3 months ago,"['Lawn', 'Garage', 'Air Condition', 'Backyard', 'Balcony', 'Microwave', 'Gym', 'Garden', 'Frontyard', 'Fencing', 'Deck', 'Modular Kitchen', 'TV Cable', 'Washing Machine', 'Wifi', 'Drainage', 'CCTV', 'Water Tank', 'Water Well', 'Solar Water', 'Water Supply', 'Electricity Backup', 'Internet', 'Kids Playground']",Sale,7529.5,,9296.76605352281,Budhanilkantha,16.0,,2.0,1,24,18.064005814299346,8.926716719651903,0.11382113821138211,13184.806428049671,80279888.80347274,-12.805061089008454
"Classical Traditional Style Bungalow At Chabahil Mitrapark Inside Ringroad. : House For Sale In Chabahil, Kathmandu","Chabahil Inside Ring Road, MITRAPARK, Chabahil, Kathmandu",Kathmandu,50000000,4,4,2.0,2,East,,473,0-4.5-0-0 Aana,16 Feet / Blacktopped,16 Feet ,Blacktopped,N/A Aana,3 months ago,"['Lawn', 'Garage', 'Air Condition', 'Backyard', 'Balcony', 'Microwave', 'Garden', 'Frontyard', 'Fencing', 'Deck', 'Modular Kitchen', 'TV Cable', 'Washing Machine', 'Wifi', 'Drainage', 'Water Tank', 'Water Well', 'Solar Water', 'Water Supply', 'Intercom', 'Internet']",Sale,1540.125,,32464.897329762196,Chabahil,16.0,,2.0,1,21,17.72753358339242,7.340267948188717,0.0156794425087108,4515.572083139651,34289717.10717745,45.81630943095213
"Brand New House At Dhungedhara, Banasthali, 300 Meter From Ring Road : House For Sale In Banasthali, Kathmandu","Dhungedhara, Banasthali, Banasthali, Kathmandu",Kathmandu,22500000,4,3,2.0,1,East,2076.0,805,0-3-0-0 Aana,15 Feet / Blacktopped,15 Feet ,Blacktopped,N/A Aana,3 months ago,"['Garage', 'Backyard', 'Garden', 'Frontyard', 'Fencing', 'Drainage', 'Water Tank', 'Solar Water', 'Water Supply', 'Electricity Backup', 'Internet']",Sale,1026.75,,21913.80569758948,Banasthali,15.0,2019.0,1.0,0,11,16.929025911619092,6.935127225777988,0.005226480836236934,20071.775653444278,22655909.520174168,-0.6881627066674898
"Brand New House At Sano Bharayang, Swayambhu, 500 Meter From Ring Road : House For Sale In Swayambhu, Kathmandu","Sano Bharayang, Swayambhu, Swayambhu, Kathmandu",Kathmandu,23500000,0,3,2.0,1,East,2076.0,192,0-3-0-0 Aana,16 Feet / Blacktopped,16 Feet ,Blacktopped,N/A Aana,3 months ago,"['Lawn', 'Garage', 'Backyard', 'Microwave', 'Garden', 'Frontyard', 'Fencing', 'Deck', 'TV Cable', 'Wifi', 'Drainage', 'Water Tank', 'Water Well', 'Solar Water', 'Water Supply', 'Electricity Backup', 'Internet']",Sale,1026.75,,22887.752617482347,Swayambhu,16.0,2019.0,1.0,0,17,16.97251102166758,6.935127225777988,0.011033681765389082,13333.333333333334,23232688.473487023,1.150583699420025
"Budhanilkantha : House For Sale In Budhanilkantha, Kathmandu","Na, Budhanilkantha, Kathmandu",Kathmandu,70000000,6,7,3.0,10,East,2068.0,177,22 Aana,15 Feet / Blacktopped,15 Feet ,Blacktopped,N/A Aana,3 months ago,"['Parking', 'Garage']",Sale,7529.5,,9296.76605352281,Budhanilkantha,15.0,2011.0,9.0,0,2,18.064005814299346,8.926716719651903,0.11382113821138211,13184.806428049671,73569241.54931986,-4.851540500016015
"Siddarthcolony Home : House For Sale In Budhanilkantha, Kathmandu","Na, Budhanilkantha, Kathmandu",Kathmandu,160000000,10,10,4.0,5,East,2076.0,360,21 Aana,20 Feet / Blacktopped,20 Feet ,Blacktopped,N/A Aana,3 months ago,['Parking'],Sale,7187.25,,22261.643883265504,Budhanilkantha,20.0,2019.0,1.0,0,1,18.8906843794481,8.880203027487838,0.11382113821138211,13184.806428049671,111337236.60487102,43.70753656104303
"Baluwatar Home : House For Sale In Baluwatar, Kathmandu","Na, Baluwatar, Kathmandu",Kathmandu,42500000,6,6,3.0,0,South East,,711,6 Aana,15 Feet / Blacktopped,15 Feet ,Blacktopped,N/A Aana,3 months ago,"['Garage', 'Parking']",Sale,2053.5,,20696.3720477234,Baluwatar,15.0,,2.0,1,2,17.565014657424058,7.627787788323465,0.02032520325203252,19576.333089846605,45450889.80778966,-6.492479729811404
"Bhangal New Home : House For Sale In Budhanilkantha, Kathmandu","Na, Budhanilkantha, Kathmandu",Kathmandu,18000000,5,5,3.0,1,North,2076.0,580,3.1 Aana,13 Feet / Gravelled,13 Feet ,Gravelled,N/A Aana,3 months ago,['Garage'],Sale,1060.9750000000001,,16965.526991682178,Budhanilkantha,13.0,2019.0,1.0,0,1,16.705882371415992,6.967885661035161,0.11382113821138211,13184.806428049671,19082561.27816738,-5.673039705660223
"Budhanilkantha Bhangal : House For Sale In Bhangal, Kathmandu","Na, Bhangal, Kathmandu",Kathmandu,27500000,6,6,3.0,2,East,2076.0,118,4 Aana,14 Feet / Gravelled,14 Feet ,Gravelled,N/A Aana,3 months ago,['Garage'],Sale,1369.0,,20087.65522279036,Bhangal,14.0,2019.0,1.0,0,1,17.129696599000436,7.222566018822171,0.012775842044134728,17531.044558071586,27466808.77125448,0.12084122703128349
"House For Sale In Shantinagar, Kathmandu","Prayag Marga-34, Shantinagar, Kathmandu",Kathmandu,33000000,5,3,2.5,1,West,,7.5K,0-5-0-0 Aana,15 Feet / Blacktopped,15 Feet ,Blacktopped,N/A Aana,3 months ago,"['Balcony', 'Fencing', 'Garden', 'TV Cable', 'Wifi', 'Drainage', 'Water Supply', 'Solar Water', 'Water Tank', 'Water Well', 'Internet', 'Kids Playground', 'Parking', 'Store Room']",Sale,1711.25,,19284.149013878745,Shantinagar,15.0,,2.0,1,14,17.312018149733785,7.445563574078014,0.0029036004645760743,19104.343428667755,33418748.26454914,-1.2530339593639155
"Hepali Height Breathtaking Bungalow : House For Sale In Budhanilkantha, Kathmandu","Na, Budhanilkantha, Kathmandu",Kathmandu,145000000,5,6,3.0,4,East,2076.0,493,20 Aana,18 Feet / Blacktopped,18 Feet ,Blacktopped,N/A Aana,3 months ago,"['Garage', 'Lawn', 'Balcony', 'Backyard', 'Garden', 'Store Room', 'Parking', 'Security Staff']",Sale,6845.0,,21183.345507669834,Budhanilkantha,18.0,2019.0,1.0,0,8,18.7922443072814,8.831419819090131,0.11382113821138211,13184.806428049671,125721320.73339878,15.334454931063812
"House For Sale In Satdobato, Lalitpur","Tutepani, Satdobato, Lalitpur",Lalitpur,3700000,5,4,3.0,9,South,,1.7K,1-5-2-0 Ropani,8 Feet / Blacktopped,8 Feet ,Blacktopped,N/A Aana,3 months ago,"['Lawn', 'Garage', 'Balcony', 'Garden', 'Frontyard', 'Water Tank', 'Water Well', 'Solar Water', 'Water Supply']",Sale,7358.375,,502.82840980515397,Satdobato,8.0,,2.0,1,9,15.123843647884687,8.903730289638883,0.0023228803716608595,11040.704521399502,11320988.021445239,-67.31734020925448
"Brand New : House For Sale In Imadol, Lalitpur","Nayabasti, Imadol, Lalitpur",Lalitpur,21000000,4,5,2.5,1,South West,2076.0,4.5K,0-4-0-0 Aana,20 Feet / Gravelled,20 Feet ,Gravelled,N/A Aana,3 months ago,"['Balcony', 'Fencing', 'Modular Kitchen', 'TV Cable', 'Drainage', 'Water Supply', 'Water Tank', 'Water Well', 'Electricity Backup', 'Parking', 'Store Room']",Sale,1369.0,,15339.663988312637,Imadol,20.0,2019.0,1.0,0,11,16.860033043306743,7.222566018822171,0.050522648083623695,16278.8270896379,22881368.817689396,-8.222273906248676
"House For Sale In Bhaisepati, Lalitpur","Fulbari Marga, Bhaisepati, Lalitpur",Lalitpur,28500000,5,4,3.0,1,South East,2073.0,6.4K,0-4-3-1 Aana,13 Feet / Blacktopped,13 Feet ,Blacktopped,2450 Aana,3 months ago,"['Balcony', 'Fencing', 'Garden', 'Modular Kitchen', 'TV Cable', 'Wifi', 'Drainage', 'Water Supply', 'Solar Water', 'Water Tank', 'Water Well', 'Electricity Backup', 'Internet', 'Parking', 'Store Room']",Sale,1647.078125,838512.5,17303.368654720005,Bhaisepati,13.0,2016.0,4.0,0,15,17.1654146803266,7.407365115292393,0.02264808362369338,10000.0,28286196.694791984,0.7558573798908121
"House On Sale At Green Viallage Society , Ramkot : House For Sale In Ramkot, Kathmandu","solti dobato, Ramkot, Kathmandu",Kathmandu,17500000,4,2,0.0,0,North East,,536,5 Aana,20 Feet,20 Feet,Unknown,N/A Aana,3 months ago,[],Sale,1711.25,,10226.442658875092,Ramkot,20.0,,2.0,1,0,16.677711496036597,7.445563574078014,0.004645760743321719,10774.28780131483,17406233.704465672,0.5386937641212489
"2storey House On Sale At Green Viallage Society , Ramkot : House For Sale In Ramkot, Kathmandu","solti dobato, Ramkot, Kathmandu",Kathmandu,15500000,4,2,2.0,1,North East,,872,4 Aana,0 Feet,0 Feet,Unknown,N/A Aana,3 months ago,[],Sale,1369.0,,11322.132943754565,Ramkot,0.0,,2.0,1,0,16.5563506464056,7.222566018822171,0.004645760743321719,10774.28780131483,15478837.081956077,0.1367216279354253
"House On Sale At Green Viallage Society , Ramkot : House For Sale In Ramkot, Kathmandu","ramkot, Ramkot, Kathmandu",Kathmandu,15500000,4,2,0.0,1,North East,,497,4 Aana,20 Feet,20 Feet,Unknown,N/A Aana,3 months ago,[],Sale,1369.0,,11322.132943754565,Ramkot,20.0,,2.0,1,0,16.5563506464056,7.222566018822171,0.004645760743321719,10774.28780131483,15961188.953802848,-2.8894398477311882
"Land For Sale In Budhanilkantha, Kathmandu","ganesh chowk, Budhanilkantha, Kathmandu",Kathmandu,3200000,0,0,0.0,0,East,,309,10 Aana,13 Feet / Blacktopped,13 Feet ,Blacktopped,N/A Aana,3 months ago,[],Sale,3422.5,,934.9890430971512,Budhanilkantha,13.0,,2.0,1,0,14.978661680269907,8.138418698561118,0.11382113821138211,13184.806428049671,3534570.9116419065,-9.465672637657988
"Land For Sale In Basbari : Land For Sale In Basbari, Kathmandu","Basbari, Basbari, Kathmandu",Kathmandu,3000000,0,0,0.0,0,North,,604,3 Aana,20 Feet / Blacktopped,20 Feet ,Blacktopped,N/A Aana,3 months ago,[],Sale,1026.75,,2921.8407596785974,Basbari,20.0,,2.0,1,0,14.914123179965662,6.935127225777988,0.0040650406504065045,14297.16255221372,6684638.475356538,-55.1209835646349
"Hattigauda Ma Sasto Jagga Bikrima : Land For Sale In Budhanilkantha, Kathmandu","hattigauda, Budhanilkantha, Kathmandu",Kathmandu,2300000,0,0,0.0,0,East,,867,5.5 Aana,13 Feet,13 Feet,Unknown,N/A Aana,3 months ago,[],Sale,1882.375,,1221.8606813201409,Budhanilkantha,13.0,,2.0,1,0,14.648420115681892,7.540820659121453,0.11382113821138211,13184.806428049671,3024347.83731952,-23.9505465734229
"Furnished Office With MOE Consultancy License : Office Space For Sale In Chabahil, Kathmandu","Kumari building, Chabahil, Kathmandu",Kathmandu,2000000,0,0,0.0,0,East,,1.8K,1400 Sq. Feet,20 Feet / Blacktopped,20 Feet ,Blacktopped,1400 Sq. Feet,4 months ago,"['Wifi', 'Drainage', 'Water Supply', 'Water Well', 'CCTV', 'Electricity Backup', 'Intercom', 'Internet', 'Lift', 'Parking', 'Security Staff']",Sale,1400.0,1400.0,1428.5714285714287,Chabahil,20.0,,2.0,1,11,14.508658238524095,7.244941546337007,0.0156794425087108,4515.572083139651,20264052.77422882,-90.13030600402139
"Budhanilkantha Chapali Home For Sale : House For Sale In Chapali, Kathmandu","Na, Chapali, Kathmandu",Kathmandu,42000000,7,6,3.0,3,East,2076.0,839,8.5 Aana,13 Feet / Gravelled,13 Feet ,Gravelled,N/A Aana,4 months ago,"['Frontyard', 'Garage', 'Solar Water', 'Water Supply', 'Water Well', 'Water Tank', 'Store Room']",Sale,2909.125,,14437.33081252954,Chapali,13.0,2019.0,1.0,0,7,17.553180200057167,7.975951314569445,0.008130081300813009,10348.1860238617,47422214.23486783,-11.433911980603124
"16ana Land At Tokha : Land For Sale In Tokha, Kathmandu","Tokha, Tokha, Kathmandu",Kathmandu,2500000,0,0,0.0,0,North East,,509,16 Aana,0 Feet,0 Feet,Unknown,16 Aana,4 months ago,[],Sale,5476.0,5476.0,456.53761869978086,Tokha,0.0,,2.0,1,0,14.731801689838349,8.608312784783722,0.020905923344947737,15806.346887427968,2255452.45940693,10.842504774291434
"Land : Land For Sale In Pepsicola, Kathmandu","pepsicola, Pepsicola, Kathmandu",Kathmandu,4000000,0,0,0.0,0,East,,507,0-5-0-0 Aana,13 Feet / Blacktopped,13 Feet ,Blacktopped,N/A Aana,4 months ago,[],Sale,1711.25,,2337.472607742878,Pepsicola,13.0,,2.0,1,0,15.201805169084134,7.445563574078014,0.009291521486643438,3246.4897329762193,4271495.897851803,-6.355991070677196
"Imadol Ko 20 Feet Ko Batoko Ghar Bikrima : House For Sale In Imadol, Lalitpur","imadol -4 lalitpur, Imadol, Lalitpur",Lalitpur,19000000,4,3,3.0,2,West,2076.0,869,0-3-1-0 Aana,0 Feet / Blacktopped,0 Feet ,Blacktopped,N/A Aana,4 months ago,[],Sale,1112.3125,,17081.530595044107,Imadol,0.0,2019.0,1.0,0,0,16.759949589762293,7.015095084552704,0.050522648083623695,16278.8270896379,18687765.482217606,1.670796426033393
"House For Sale In Gwarko, Lalitpur","Gwarko Colony, Gwarko, Lalitpur",Lalitpur,21000000,3,2,2.5,1,South,,8K,0-3-0-1 Aana,13 Feet / Blacktopped,13 Feet ,Blacktopped,N/A Aana,4 months ago,"['Balcony', 'Fencing', 'Frontyard', 'Modular Kitchen', 'TV Cable', 'Wifi', 'Drainage', 'Water Supply', 'Solar Water', 'Water Tank', 'Water Well', 'Electricity Backup', 'Internet', 'Kids Playground', 'Parking', 'Security Staff', 'Store Room']",Sale,1048.140625,,20035.479494938954,Gwarko,13.0,,2.0,1,17,16.860033043306743,6.955726655655604,0.0017421602787456446,20035.479494938954,20746201.35842136,1.2233499385930624
"Land On Sale : Land For Sale In Soltimode, Kathmandu","Chauni Road, Soltimode, Kathmandu",Kathmandu,3000000,0,0,0.0,0,North East,,285,0-4-1-0 Aana,15 Feet,15 Feet,Unknown,N/A Aana,4 months ago,[],Sale,1454.5625,,2062.475830361363,Soltimode,15.0,,2.0,1,0,14.914123179965662,7.283147702834008,0.0005807200929152149,2062.475830361363,3416748.501693406,-12.197224978275619
"Land On Sale : Land For Sale In Boudha, Kathmandu","Tinchuli Chowk, Boudha, Kathmandu",Kathmandu,3000000,0,0,0.0,0,South East,,243,5.2 Aana,15 Feet / Blacktopped,15 Feet ,Blacktopped,N/A Aana,4 months ago,[],Sale,1779.7,,1685.677361353037,Boudha,15.0,,2.0,1,0,14.914123179965662,7.4847618244072684,0.004645760743321719,5222.242512783054,4153781.9946917477,-27.77666223615498
"Land On Sale : Land For Sale In Budhanilkantha, Kathmandu","Ganesh Chowk, Budhanilkantha, Kathmandu",Kathmandu,2500000,0,0,0.0,0,North East,,434,4 Aana,15 Feet / Gravelled,15 Feet ,Gravelled,N/A Aana,4 months ago,[],Sale,1369.0,,1826.1504747991235,Budhanilkantha,15.0,,2.0,1,0,14.731801689838349,7.222566018822171,0.11382113821138211,13184.806428049671,3148226.362508766,-20.59020819558241
"Basundhara Bungalow For Sale : House For Sale In Basundhara, Kathmandu","Na, Basundhara, Kathmandu",Kathmandu,85000000,7,8,3.0,4,East,2067.0,672,14 Aana,14 Feet / Blacktopped,14 Feet ,Blacktopped,N/A Aana,4 months ago,"['Garage', 'Air Condition', 'Balcony', 'Frontyard', 'Garden', 'Modular Kitchen', 'Washing Machine', 'Drainage', 'Wifi', 'Solar Water', 'Water Supply', 'Water Tank', 'Water Well', 'Parking', 'Store Room']",Sale,4791.5,,17739.7474694772,Basundhara,14.0,2010.0,10.0,0,15,18.258161826219297,8.4748074749198,0.02148664343786295,17666.944128289193,72206141.61494185,17.71851825747005
"Land At Ramkot : Land For Sale In Ramkot, Kathmandu","green village, Ramkot, Kathmandu",Kathmandu,13000000,0,0,0.0,0,South East,,171,0-10-0-0 Aana,13 Feet / Gravelled,13 Feet ,Gravelled,N/A Aana,4 months ago,[],Sale,3422.5,,3798.392987582177,Ramkot,13.0,,2.0,1,0,16.380459992348886,8.138418698561118,0.004645760743321719,10774.28780131483,4760959.607791121,173.05419644237304
"Polting Land At Dahachowk : Land For Sale In Dahachowk, Khahare, Kathmandu","dahachowk, Dahachowk, khahare, Kathmandu",Kathmandu,1050000,0,0,0.0,0,South,,438,0-4-0-0 Aana,13 Feet / Gravelled,13 Feet ,Gravelled,N/A Aana,4 months ago,[],Sale,1369.0,,766.9831994156318,khahare,13.0,,2.0,1,0,13.864301674514206,7.222566018822171,0.0005807200929152149,766.9831994156318,1446163.5736027057,-27.394105399555645
"Plotting Land For Sale At Gumti Chowk : Land For Sale In Budhanilkantha, Kathmandu","gumti chowk, Budhanilkantha, Kathmandu",Kathmandu,2600000,0,0,0.0,0,East,,460,4 Aana,22 Feet / Blacktopped,22 Feet ,Blacktopped,N/A Aana,4 months ago,[],Sale,1369.0,,1899.1964937910884,Budhanilkantha,22.0,,2.0,1,0,14.77102238760702,7.222566018822171,0.11382113821138211,13184.806428049671,3858535.770799354,-32.616926356461626
"House On SALE!! : House For Sale In Kapan, Kathmandu","Kapan height, Kapan, Kathmandu",Kathmandu,17000000,8,3,10.0,2,North,,706,3.5 Aana,10 Feet / Soil Stabilized,10 Feet ,Soil Stabilized,3 Aana,4 months ago,[],Sale,1197.875,1026.75,14191.79797558176,Kapan,10.0,,2.0,1,0,16.648723960844016,7.089138896048115,0.023228803716608595,14052.66270131135,19517593.358271144,-12.899097301892711
"2.5 Storey New : House For Sale In Gothatar, Kathmandu","Buddhachwok, Gothatar, Kathmandu",Kathmandu,18500000,3,3,2.5,1,East,2075.0,10.6K,0-3-0-0 Aana,14 Feet / Gravelled,14 Feet ,Gravelled,1026 Aana,4 months ago,"['Lawn', 'Balcony', 'Fencing', 'Modular Kitchen', 'TV Cable', 'Wifi', 'Drainage', 'Water Supply', 'Water Tank', 'Water Well', 'Electricity Backup', 'Internet', 'Parking']",Sale,1026.75,351148.5,18018.018018018018,Gothatar,14.0,2018.0,2.0,0,13,16.733281344102608,6.935127225777988,0.004645760743321719,14261.365612716963,18501847.821931735,-0.009987229110944846
"Land For Sale In Budhanilkantha, Kathmandu","deuba chowk, Budhanilkantha, Kathmandu",Kathmandu,3200000,0,0,0.0,0,East,,421,7 Aana,13 Feet,13 Feet,Unknown,N/A Aana,4 months ago,[],Sale,2395.75,,1335.6986329959302,Budhanilkantha,13.0,,2.0,1,0,14.978661680269907,7.781868931957106,0.11382113821138211,13184.806428049671,3038218.1561008883,5.324892275238564
"Akasedharama Naya Ghar : House For Sale In Kapan, Kathmandu","Na, Kapan, Kathmandu",Kathmandu,17000000,4,5,3.0,1,West,2076.0,1.2K,3 Aana,16 Feet / Gravelled,16 Feet ,Gravelled,N/A Aana,4 months ago,['Garage'],Sale,1026.75,,16557.09763817872,Kapan,16.0,2019.0,1.0,0,1,16.648723960844016,6.935127225777988,0.023228803716608595,14052.66270131135,18832439.15878821,-9.730227419495465
"Budhanilkantha Mandikatar Height Home : House For Sale In Mandikatar, Kathmandu","Na, Mandikatar, Kathmandu",Kathmandu,32500000,8,6,3.0,1,South East,2076.0,862,4 Aana,20 Feet / Blacktopped,20 Feet ,Blacktopped,N/A Aana,4 months ago,"['Drainage', 'Water Supply', 'Solar Water', 'Store Room']",Sale,1369.0,,23739.956172388604,Mandikatar,20.0,2019.0,1.0,0,4,17.296750678069195,7.222566018822171,0.008130081300813009,18691.53373076651,31031119.660186008,4.733571833370281
"Budhanilkantha Family Bungalow : House For Sale In Budhanilkantha, Kathmandu","NA, Budhanilkantha, Kathmandu",Kathmandu,29800000,5,5,3.0,2,East,2076.0,641,4 Aana,15 Feet / Paved,15 Feet ,Paved,N/A Aana,4 months ago,"['Balcony', 'Modular Kitchen', 'Water Supply', 'Drainage', 'Solar Water', 'Water Tank', 'Water Well', 'Store Room']",Sale,1369.0,,21767.71365960555,Budhanilkantha,15.0,2019.0,1.0,0,8,17.21001898503268,7.222566018822171,0.11382113821138211,13184.806428049671,29629109.696618248,0.57676489483333
"Beautiful Semi Bungalow For Sale : House For Sale In Hattigauda, Kathmandu","Na, Hattigauda, Kathmandu",Kathmandu,33500000,5,5,3.0,1,North West,2076.0,837,5.5 ana Aana,14 Feet / Gravelled,14 Feet ,Gravelled,N/A Aana,4 months ago,"['Garage', 'Balcony', 'Drainage', 'Solar Water', 'Water Tank', 'Water Well']",Sale,1882.375,,17796.666445315095,Hattigauda,14.0,2019.0,1.0,0,6,17.32705602664604,7.540820659121453,0.022067363530778164,14609.203798392988,33406582.208812654,0.27963887656457825
"House For Sale At Bhangal Budhanilkantha : House For Sale In Budhanilkantha, Kathmandu","Sundar Basti Bhangal, Budhanilkantha, Kathmandu",Kathmandu,29900000,7,6,3.0,2,South West,2019.0,472,5 Aana,20 Feet / Blacktopped,20 Feet ,Blacktopped,2700 Sq. Feet,4 months ago,"['Balcony', 'Backyard', 'Garden', 'Modular Kitchen', 'Drainage', 'Water Supply', 'Solar Water', 'Water Well', 'Water Tank', 'Store Room']",Sale,1711.25,2700.0,17472.60774287801,Budhanilkantha,20.0,2019.0,1.0,0,10,17.21336907180573,7.445563574078014,0.11382113821138211,13184.806428049671,31233278.87082224,-4.268776507060144
"New Homes At Basundhara Chauki : House For Sale In Basundhara, Kathmandu","Na, Basundhara, Kathmandu",Kathmandu,49000000,6,6,3.0,2,South,2074.0,498,5.3 Aana,14 Feet / Blacktopped,14 Feet ,Blacktopped,N/A Aana,4 months ago,[],Sale,1813.925,,27013.244759292695,Basundhara,14.0,2017.0,3.0,0,0,17.707330876483063,7.503799423531111,0.02148664343786295,17666.944128289193,41032849.77928982,19.416516921355477
"Brand New : House For Sale In Buddhanagar, Kathmandu","buddhanagar, Buddhanagar, Kathmandu",Kathmandu,29900000,5,3,2.5,1,South,2076.0,4.6K,0-3-0-0 Aana,10 Feet / Concrete,10 Feet ,Concrete,N/A Aana,4 months ago,"['Balcony', 'Fencing', 'Modular Kitchen', 'TV Cable', 'Wifi', 'Drainage', 'Water Supply', 'Water Tank', 'Water Well', 'Electricity Backup', 'Internet', 'Parking', 'Store Room']",Sale,1026.75,,29121.012904796688,Buddhanagar,10.0,2019.0,1.0,0,13,17.21336907180573,6.935127225777988,0.0005807200929152149,29121.012904796688,28999389.79491446,3.1056177783557217
"Grandy Home : House For Sale In Tokha, Kathmandu","Na, Tokha, Kathmandu",Kathmandu,21000000,6,6,3.0,1,East,2074.0,550,3 Aana,13 Feet / Paved,13 Feet ,Paved,N/A Aana,4 months ago,['Garage'],Sale,1026.75,,20452.885317750184,Tokha,13.0,2017.0,3.0,0,1,16.860033043306743,6.935127225777988,0.020905923344947737,15806.346887427968,21048578.291090555,-0.23079131720320376
"Golfutar Height Bungalow : House For Sale In Golfutar, Kathmandu","Na, Golfutar, Kathmandu",Kathmandu,100000000,6,6,3.0,5,East,2069.0,589,19 Aana,13 Feet / Blacktopped,13 Feet ,Blacktopped,N/A Aana,4 months ago,"['Garage', 'Balcony', 'Backyard', 'Frontyard', 'Garden', 'Fencing', 'Microwave', 'Modular Kitchen', 'Washing Machine', 'Water Supply', 'Drainage', 'Solar Water', 'Water Tank', 'Store Room', 'Parking', 'Security Staff', 'Kids Playground']",Sale,6502.75,,15378.109261466303,Golfutar,13.0,2012.0,8.0,0,17,18.420680753952364,8.780134212604514,0.018002322880371662,15420.826231637042,97865198.11285137,2.181369811040415
"Ganeschok Home : House For Sale In Hattigauda, Kathmandu","Na, Hattigauda, Kathmandu",Kathmandu,45000000,5,5,3.0,1,North,,179,6 ana Aana,13 Feet / Blacktopped,13 Feet ,Blacktopped,N/A Aana,4 months ago,"['Drainage', 'Water Tank', 'Solar Water', 'Water Supply']",Sale,2053.5,,21913.80569758948,Hattigauda,13.0,,2.0,1,4,17.622173069956816,7.627787788323465,0.022067363530778164,14609.203798392988,37458806.90265904,20.131962870407488
"Beautiful Shaped Land Italitar Hattigauda : Land For Sale In Hattigauda, Kathmandu","Na, Hattigauda, Kathmandu",Kathmandu,3500000,0,0,0.0,0,East,,378,19 Aana,15 Feet / Blacktopped,15 Feet ,Blacktopped,N/A Aana,4 months ago,[],Sale,6502.75,,538.2338241513206,Hattigauda,15.0,,2.0,1,0,15.068273812173887,8.780134212604514,0.022067363530778164,14609.203798392988,3783530.133137411,-7.493798731881639
"Grandy Tokhama Naya Ghar : House For Sale In Tokha, Kathmandu","Na, Tokha, Kathmandu",Kathmandu,33500000,6,6,3.0,1,South East,2076.0,87,4 Aana,14 Feet / Blacktopped,14 Feet ,Blacktopped,N/A Aana,4 months ago,"['Balcony', 'Drainage', 'Solar Water', 'Water Tank']",Sale,1369.0,,24470.416362308253,Tokha,14.0,2019.0,1.0,0,4,17.32705602664604,7.222566018822171,0.020905923344947737,15806.346887427968,28570760.798667356,17.252740436518447
"Hattigauda Brand New Semi Bungalow : House For Sale In Hattigauda, Kathmandu","Na, Hattigauda, Kathmandu",Kathmandu,28500000,5,5,3.0,1,North,2076.0,143,4 Aana,15 Feet / Gravelled,15 Feet ,Gravelled,N/A Aana,4 months ago,"['Garage', 'Solar Water', 'Drainage', 'Water Tank', 'Water Well']",Sale,1369.0,,20818.11541271001,Hattigauda,15.0,2019.0,1.0,0,5,17.1654146803266,7.222566018822171,0.022067363530778164,14609.203798392988,28112675.315403935,1.3777581829212693
"Basundhara Indreni Colony Home : House For Sale In Basundhara, Kathmandu","Na, Basundhara, Kathmandu",Kathmandu,50000000,5,5,3.0,3,East,2071.0,551,11 Aana,16 Feet / Blacktopped,16 Feet ,Blacktopped,N/A Aana,4 months ago,"['Frontyard', 'Garden', 'Garage', 'Store Room']",Sale,3764.75,,13281.094362175443,Basundhara,16.0,2014.0,6.0,0,4,17.72753358339242,8.233702323582925,0.02148664343786295,17666.944128289193,54034077.851353355,-7.4658030853251915
"Nayabazar Home : House For Sale In Naya Bazar, Kathmandu","Na, Naya Bazar, Kathmandu",Kathmandu,35000000,5,5,3.0,2,East,2069.0,310,5 Aana,20 Feet / Blacktopped,20 Feet ,Blacktopped,N/A Aana,4 months ago,"['Modular Kitchen', 'Drainage', 'Solar Water', 'Water Supply', 'Water Tank', 'Water Well']",Sale,1711.25,,20452.885317750184,Naya Bazar,20.0,2012.0,8.0,0,6,17.370858648025116,7.445563574078014,0.005807200929152149,9203.798392987583,33397687.243643746,4.797675793138061
"Pasikot Bungalow : House For Sale In Budhanilkantha, Kathmandu","Na, Budhanilkantha, Kathmandu",Kathmandu,49000000,5,5,3.0,2,West,2076.0,490,8.5 Aana,13 Feet / Gravelled,13 Feet ,Gravelled,N/A Aana,4 months ago,"['Garage', 'Air Condition', 'Balcony', 'Frontyard', 'Garden', 'Modular Kitchen', 'Washing Machine', 'Wifi', 'Drainage', 'Water Supply', 'Solar Water', 'Water Well', 'Internet', 'Store Room', 'Parking']",Sale,2909.125,,16843.552614617798,Budhanilkantha,13.0,2019.0,1.0,0,15,17.707330876483063,7.975951314569445,0.11382113821138211,13184.806428049671,46377811.1230776,5.653972909509732
"7 Ana Bungalow Urgent For Sale : House For Sale In Thulo Bharyang, Kathmandu","Na, Thulo Bharyang, Kathmandu",Kathmandu,39000000,5,5,3.0,3,East,2070.0,151,7 Aana,15 Feet / Blacktopped,15 Feet ,Blacktopped,N/A Aana,4 months ago,"['Garage', 'Frontyard', 'Garden', 'Modular Kitchen', 'Water Supply', 'Drainage', 'Solar Water', 'Water Well', 'Water Tank', 'Store Room']",Sale,2395.75,,16278.8270896379,Thulo Bharyang,15.0,2013.0,7.0,0,10,17.479072229734946,7.781868931957106,0.003484320557491289,17823.228634039446,40064145.25346999,-2.656103722511894
"Dhumbarahi 32 Ana Land : Land For Sale In Dhumbarahi, Kathmandu","Na, Dhumbarahi, Kathmandu",Kathmandu,6500000,0,0,0.0,0,East,,146,32 Aana,20 Feet / Blacktopped,20 Feet ,Blacktopped,N/A Aana,4 months ago,[],Sale,10952.0,,593.4989043097152,Dhumbarahi,20.0,,2.0,1,0,15.687312888712007,9.301368670323747,0.008130081300813009,16950.42235582776,6858439.783533855,-5.226258374308667
"Grandy Home : House For Sale In Tokha, Kathmandu","Na, Tokha, Kathmandu",Kathmandu,29000000,6,6,3.0,1,East,2074.0,316,4 Aana,13 Feet / Blacktopped,13 Feet ,Blacktopped,N/A Aana,4 months ago,"['Water Supply', 'Solar Water', 'Drainage', 'Water Tank', 'Water Well', 'Store Room']",Sale,1369.0,,21183.345507669834,Tokha,13.0,2017.0,3.0,0,6,17.182806422433504,7.222566018822171,0.020905923344947737,15806.346887427968,27484815.882641725,5.51280432013082
"Hattigaudama Brand New Family Bungalows : House For Sale In Budhanilkantha, Kathmandu","Na, Budhanilkantha, Kathmandu",Kathmandu,44500000,5,5,3.0,1,South,2076.0,410,5 Aana,16 Feet / Blacktopped,16 Feet ,Blacktopped,N/A Aana,4 months ago,"['Balcony', 'Water Supply', 'Drainage', 'Solar Water', 'Water Tank', 'Store Room', 'Parking']",Sale,1711.25,,26004.382761139517,Budhanilkantha,16.0,2019.0,1.0,0,7,17.61099976960838,7.445563574078014,0.11382113821138211,13184.806428049671,36094585.9988479,23.287187727878052
"Maharajganj Lands : Land For Sale In Maharajgunj, Kathmandu","Na, Maharajgunj, Kathmandu",Kathmandu,5500000,0,0,0.0,0,South,,487,5 Aana,15 Feet / Blacktopped,15 Feet ,Blacktopped,N/A Aana,4 months ago,[],Sale,1711.25,,3214.024835646457,Maharajgunj,15.0,,2.0,1,0,15.520258832020865,7.445563574078014,0.011614401858304297,20270.270270270274,5940322.683636441,-7.412437119777675
"Golfutar 8 Ana For Sale : Land For Sale In Golfutar, Kathmandu","Na, Golfutar, Kathmandu",Kathmandu,3700000,0,0,0.0,0,East,,359,8 Aana,16 Feet / Blacktopped,16 Feet ,Blacktopped,N/A Aana,4 months ago,[],Sale,2738.0,,1351.3513513513512,Golfutar,16.0,,2.0,1,0,15.123843647884687,7.915348169263078,0.018002322880371662,15420.826231637042,4413386.2085883105,-16.164146414380944
"Basundhara Beautiful Bungalow : House For Sale In Basundhara, Kathmandu","Na, Basundhara, Kathmandu",Kathmandu,29800000,5,5,3.0,1,East,,581,4.1 Aana,16 Feet / Blacktopped,16 Feet ,Blacktopped,N/A Aana,4 months ago,"['Balcony', 'Garage', 'Parking', 'Store Room', 'Solar Water', 'Water Supply', 'Water Well']",Sale,1403.225,,21236.79381424932,Basundhara,16.0,,2.0,1,7,17.21001898503268,7.247240828156326,0.02148664343786295,17666.944128289193,29198106.4999679,2.0614127838487146
"Baluwatar 16 Ana Land : Land For Sale In Baluwatar, Kathmandu","Na, Baluwatar, Kathmandu",Kathmandu,5700000,0,0,0.0,0,East,,371,16 Aana,12 Feet / Blacktopped,12 Feet ,Blacktopped,N/A Aana,4 months ago,[],Sale,5476.0,,1040.9057706355004,Baluwatar,12.0,,2.0,1,0,15.555976908243359,8.608312784783722,0.02032520325203252,19576.333089846605,5432988.792982394,4.914628341632056
"3.5 Ana Land On Sale In Kalanki : Land For Sale In Chandragiri, Kathmandu","Bishnudevi , Kalanki, Chandragiri, Kathmandu",Kathmandu,2000000,0,0,0.0,0,South East,,509,0-3-1-3 Aana,12 Feet / Gravelled,12 Feet ,Gravelled,N/A Aana,4 months ago,[],Sale,1176.484375,,1699.9800783584567,Chandragiri,12.0,,2.0,1,0,14.508658238524095,7.071135556163465,0.008130081300813009,1241.7823228634038,1718281.975294923,16.39533142729519
"Sale-Imperial Apartment Sanepa : Apartment For Sale In Sanepa, Lalitpur","Sanepa, Sanepa, Lalitpur",Lalitpur,45000000,3,2,13.0,1,South,2015.0,1.7K,1800 Sq. Feet,20 Feet / Blacktopped,20 Feet ,Blacktopped,1800 Sq. Feet,4 months ago,"['Jacuzzi', 'Lawn', 'Garage', 'Air Condition', 'Balcony', 'Microwave', 'Gym', 'Garden', 'Frontyard', 'Deck', 'Modular Kitchen', 'Swimming Pool', 'TV Cable', 'Washing Machine', 'Wifi', 'Drainage', 'Cafeteria', 'CCTV', 'Water Tank', 'Water Well', 'Solar Water', 'Water Supply', 'Electricity Backup', 'Intercom', 'Internet', 'Kids Playground', 'Lift', 'Maintenance']",Sale,1800.0,1800.0,25000.0,Sanepa,20.0,2015.0,5.0,0,28,17.622173069956816,7.496097345175956,0.009872241579558653,3756.652405301054,34407593.9608586,30.785082069938145
"५ रोपनी, १८ लाख प्रति आना, चोभार/ : Land For Sale In Machhegaun, Kirtipur","Chobhar, Machhegaun, Kirtipur",Kirtipur,1800000,0,0,0.0,0,South,,391,5-0-0-0 Ropani,20 Feet / Blacktopped,20 Feet ,Blacktopped,N/A Aana,4 months ago,[],Sale,27380.0,,65.74141709276844,Machhegaun,20.0,,2.0,1,0,14.403297778421795,10.217604621184988,0.003484320557491289,1344.046749452155,2032969.8211062863,-11.459580889376433
"टुक्रा जग्गा चोभार हाइट मा बिक्रीमा : Land For Sale In Machhegaun, Kirtipur","Chobhar Height, Machhegaun, Kirtipur",Kirtipur,2000000,0,0,0.0,0,East,,389,"4,5,6,7,8 aana Aana",13 Feet / Blacktopped,13 Feet ,Blacktopped,N/A Aana,4 months ago,[],Sale,1369.0,,1460.9203798392987,Machhegaun,13.0,,2.0,1,0,14.508658238524095,7.222566018822171,0.003484320557491289,1344.046749452155,1770754.8404435301,12.946182854937144
"Brand New : House For Sale In Bhimsengola, Baneshwor, Kathmandu","Bhimsengola, Bhimsengola, Baneshwor, Kathmandu",Kathmandu,38700000,6,5,3.0,3,East,2076.0,3.8K,0-4-0-0 Aana,15 Feet / Blacktopped,15 Feet ,Blacktopped,N/A Aana,4 months ago,"['Balcony', 'Fencing', 'Modular Kitchen', 'TV Cable', 'Wifi', 'Drainage', 'Water Supply', 'Solar Water', 'Water Tank', 'Water Well', 'Electricity Backup', 'Internet', 'Parking', 'Store Room']",Sale,1369.0,,28268.80934989043,Baneshwor,15.0,2019.0,1.0,0,14,17.471350183839803,7.222566018822171,0.009291521486643438,6726.190476190476,34868989.360446855,10.9868703103245
"Brand New House On Sale At Bhimsengola : House For Sale In Old Baneshwor, Kathmandu","Bhimsengola, Old Baneshwor, Kathmandu",Kathmandu,39000000,6,5,3.0,3,East,2019.0,859,0-4-0-0 Aana,13 Feet / Blacktopped,13 Feet ,Blacktopped,2300 Sq. Feet,4 months ago,[],Sale,1369.0,2300.0,28487.947406866326,Old Baneshwor,13.0,2019.0,1.0,0,0,17.479072229734946,7.222566018822171,0.0023228803716608595,11476.240301660317,34098535.276978016,14.374414276765899
"Dhapakhel : Land For Sale In Dhapakhel, Lalitpur","Dhapakhel, Dhapakhel, Lalitpur",Lalitpur,1200000,0,0,0.0,0,South East,,2K,3.3 Aana,20 Feet / Soil Stabilized,20 Feet ,Soil Stabilized,N/A Aana,4 months ago,[],Sale,1129.425,,1062.4875489740355,Dhapakhel,20.0,,2.0,1,0,13.997832948091215,7.030348947190871,0.005807200929152149,14214.98718796016,1979769.5211846174,-39.38688381857872
"House For Sale In Syuchatar, Kathmandu","Green Village Society, Syuchatar, Kathmandu",Kathmandu,15000000,4,2,1.5,1,South,2072.0,11.8K,0-4-3-0 Aana,18 Feet / Concrete,18 Feet ,Concrete,151 Sq. Feet,4 months ago,"['Balcony', 'Fencing', 'Frontyard', 'Garden', 'Modular Kitchen', 'TV Cable', 'Wifi', 'Drainage', 'Water Supply', 'Water Tank', 'Water Well', 'Electricity Backup', 'Internet', 'Parking', 'Security Staff', 'Store Room']",Sale,1625.6875,151.0,9226.865556879782,Syuchatar,18.0,2015.0,5.0,0,16,16.52356082573315,7.394301017474119,0.0029036004645760743,9889.307186604485,17187382.029648025,-12.726673706762421
"Commercial Building : House For Sale In Thulo Bharyang, Kathmandu","Nearby ekdhara chwok, Thulo Bharyang, Kathmandu",Kathmandu,155000000,9,6,5.5,31,North,2075.0,5.1K,0-14-2-0 Aana,20 Feet / Blacktopped,20 Feet ,Blacktopped,24000 Aana,4 months ago,"['Balcony', 'Fencing', 'Gym', 'TV Cable', 'Wifi', 'Drainage', 'Water Supply', 'Solar Water', 'Water Tank', 'Water Well', 'CCTV', 'Electricity Backup', 'Intercom', 'Internet', 'Maintenance', 'Parking', 'Security Staff', 'Store Room']",Sale,4962.625,8214000.0,31233.470189667765,Thulo Bharyang,20.0,2018.0,2.0,0,18,18.858935681335133,8.509891599554717,0.003484320557491289,17823.228634039446,123914205.10283491,25.086546672649323
"2 Storey Beautiful House For Sale At Tinkune : House For Sale In Tinkune, Kathmandu","Subidhanagar,Tinkune, Tinkune, Kathmandu",Kathmandu,32500000,4,3,2.0,4,East,,393,5.75 Aana,11 Feet / Blacktopped,11 Feet ,Blacktopped,N/A Aana,4 months ago,"['Lawn', 'Backyard', 'Frontyard', 'TV Cable', 'Wifi', 'Drainage', 'Water Supply', 'Water Tank', 'Internet', 'Parking', 'Store Room']",Sale,1967.9375,,16514.75211992251,Tinkune,11.0,,2.0,1,11,17.296750678069195,7.585249336134321,0.0017421602787456446,16514.75211992251,34162932.02054324,-4.867650175761456
"Luxurious Bungalow : House For Sale In Dhobighat, Lalitpur","Dhobighat, Dhobighat, Lalitpur",Lalitpur,90000000,4,2,2.5,3,South,,11.3K,0-20-0-0 Aana,16 Feet / Blacktopped,16 Feet ,Blacktopped,N/A Aana,4 months ago,"['Lawn', 'Balcony', 'Fencing', 'Frontyard', 'Garden', 'Modular Kitchen', 'TV Cable', 'Washing Machine', 'Wifi', 'Drainage', 'Water Supply', 'Solar Water', 'Water Tank', 'Water Well', 'CCTV', 'Electricity Backup', 'Internet', 'Kids Playground', 'Maintenance', 'Parking', 'Store Room']",Sale,6845.0,,13148.283418553689,Dhobighat,16.0,,2.0,1,21,18.31532023940565,8.831419819090131,0.004645760743321719,12685.252820387956,89579377.27633621,0.46955307845716193
"Land In Chabahil For Sale : Land For Sale In Chabahil, Kathmandu","Ganeshthan Temple, Chabahil, Kathmandu",Kathmandu,4500000,0,0,0.0,0,East,,649,0-6-0-0 Aana,15 Feet / Blacktopped,15 Feet ,Blacktopped,N/A Aana,4 months ago,[],Sale,2053.5,,2191.3805697589482,Chabahil,15.0,,2.0,1,0,15.319588176962746,7.627787788323465,0.0156794425087108,4515.572083139651,4409373.648029148,2.055311234768219
"New House On Sale In Imadol Height : House For Sale In Imadol, Lalitpur","Ochu Height, Imadol, Lalitpur",Lalitpur,19000000,0,4,3.0,1,South East,2074.0,705,3.1.2 Aana,13 Feet / Gravelled,13 Feet ,Gravelled,3 Aana,4 months ago,"['Backyard', 'Frontyard', 'Balcony', 'TV Cable', 'Solar Water', 'Drainage', 'Water Well', 'Water Tank']",Sale,1060.9750000000001,1026.75,17908.056268997854,Imadol,13.0,2017.0,3.0,0,8,16.759949589762293,6.967885661035161,0.050522648083623695,16278.8270896379,19090289.068455227,-0.47295809996099153
"2.5 Storey : House For Sale In Sitapaila, Kathmandu","near Aadeshwor Planning, Sitapaila, Kathmandu",Kathmandu,21000000,6,5,2.5,1,East,,8K,0-4-0-0 Aana,14 Feet / Concrete,14 Feet ,Concrete,2200 Aana,4 months ago,"['Balcony', 'Fencing', 'Modular Kitchen', 'TV Cable', 'Wifi', 'Drainage', 'Water Supply', 'Solar Water', 'Water Tank', 'Water Well', 'Electricity Backup', 'Internet', 'Parking', 'Store Room']",Sale,1369.0,752950.0,15339.663988312637,Sitapaila,14.0,,2.0,1,14,16.860033043306743,7.222566018822171,0.013937282229965157,14791.8188458729,24624373.800044008,-14.718643525617411
"House For Sale In Imadol, Lalitpur","Opposite of green hill city, Imadol, Lalitpur",Lalitpur,21500000,5,3,2.5,1,South,2076.0,1.2K,0-3-1-0 Aana,20 Feet / Blacktopped,20 Feet ,Blacktopped,N/A Sq. Feet,4 months ago,"['Balcony', 'Fencing', 'Modular Kitchen', 'Swimming Pool', 'TV Cable', 'Wifi', 'Water Supply', 'Water Tank', 'Water Well', 'Electricity Backup', 'Internet', 'Parking', 'Store Room']",Sale,1112.3125,,19329.10041018149,Imadol,20.0,2019.0,1.0,0,13,16.88356353960952,7.015095084552704,0.050522648083623695,16278.8270896379,19970228.29543848,7.6602614748823115
"House For Sale In Imadol, Lalitpur","Opposite of Green Hill city, Imadol, Lalitpur",Lalitpur,22500000,6,3,2.5,1,South,2076.0,903,0-3-2-0 Aana,20 Feet / Blacktopped,20 Feet ,Blacktopped,N/A Sq. Feet,4 months ago,"['Balcony', 'Fencing', 'Modular Kitchen', 'TV Cable', 'Wifi', 'Water Supply', 'Solar Water', 'Water Tank', 'Electricity Backup', 'Internet', 'Parking', 'Store Room']",Sale,1197.875,,18783.26202650527,Imadol,20.0,2019.0,1.0,0,12,16.929025911619092,7.089138896048115,0.050522648083623695,16278.8270896379,21049974.97869748,6.888488099249253
"Royal Durbar Style Classical Bungalow At Golfutar, Budhanilkantha : House For Sale In Golfutar, Kathmandu","Golfutar, Budhanilkantha, Golfutar, Kathmandu",Kathmandu,35000000,4,4,2.0,2,East,,2.4K,0-7-0-0 Aana,20 Feet / Gravelled,20 Feet ,Gravelled,N/A Aana,4 months ago,"['Lawn', 'Garage', 'Air Condition', 'Backyard', 'Balcony', 'Microwave', 'Gym', 'Garden', 'Frontyard', 'Fencing', 'Deck', 'Modular Kitchen', 'TV Cable', 'Washing Machine', 'Wifi', 'Drainage', 'CCTV', 'Water Tank', 'Water Well', 'Solar Water', 'Electricity Backup', 'Water Supply', 'Internet', 'Kids Playground']",Sale,2395.75,,14609.203798392988,Golfutar,20.0,,2.0,1,24,17.370858648025116,7.781868931957106,0.018002322880371662,15420.826231637042,38157021.20647933,-8.27376222424629
"14 Anna 5 Bhk Bungalow For Sale Mandikatar Height Near Hams Hospital : House For Sale In Mandikatar, Kathmandu","Mandikatar Height Near Hams Hospital, Mandikatar, Kathmandu",Kathmandu,60000000,5,4,2.0,2,East,,756,0-14-0-0 Aana,16 Feet / Blacktopped,16 Feet ,Blacktopped,N/A Aana,4 months ago,"['Lawn', 'Garage', 'Air Condition', 'Backyard', 'Balcony', 'Microwave', 'Garden', 'Frontyard', 'Fencing', 'Deck', 'Modular Kitchen', 'TV Cable', 'Wifi', 'Drainage', 'Water Tank', 'Water Well', 'Solar Water', 'Water Supply', 'Electricity Backup', 'Internet', 'Kids Playground']",Sale,4791.5,,12522.174684336847,Mandikatar,16.0,,2.0,1,21,17.909855136853043,8.4748074749198,0.008130081300813009,18691.53373076651,67841764.19643916,-11.558903706768222
"Attractive 11 Anna House For Sale At Dhumbarahi, Inside Ring Road. : House For Sale In Dhumbarahi, Kathmandu","Dhumbarahi, Inside Ring Road, Dhumbarahi, Kathmandu",Kathmandu,75000000,0,4,2.0,0,East,,357,0-11-0-0 Aana,18 Feet / Blacktopped,18 Feet ,Blacktopped,N/A Aana,4 months ago,"['Lawn', 'Garage', 'Air Condition', 'Backyard', 'Balcony', 'Microwave', 'Garden', 'Frontyard', 'Fencing', 'Deck', 'Modular Kitchen', 'TV Cable', 'Washing Machine', 'Wifi', 'Water Tank', 'Water Well', 'Solar Water', 'Electricity Backup', 'Water Supply', 'Internet']",Sale,3764.75,,19921.641543263166,Dhumbarahi,18.0,,2.0,1,20,18.132998684833918,8.233702323582925,0.008130081300813009,16950.42235582776,58255022.17890558,28.744264777154026
"House For Sale In Basundhara, Kathmandu","Basundhara, Shree Tol, Basundhara, Kathmandu",Kathmandu,36500000,4,3,2.0,1,East,2076.0,359,0-5-0-0 Aana,15 Feet / Gravelled,15 Feet ,Gravelled,N/A Aana,4 months ago,"['Lawn', 'Garage', 'Air Condition', 'Backyard', 'Balcony', 'Microwave', 'Garden', 'Frontyard', 'Fencing', 'Deck', 'Modular Kitchen', 'TV Cable', 'Wifi', 'Drainage', 'Water Tank', 'Water Well', 'Solar Water', 'Electricity Backup', 'Water Supply', 'Internet']",Sale,1711.25,,21329.437545653764,Basundhara,15.0,2019.0,1.0,0,20,17.41282284594998,7.445563574078014,0.02148664343786295,17666.944128289193,33702059.43335014,8.301986922143808
"5 Anna Fully Furnished Bungalow For Sale At Hattigauda, Very Near Highway. : House For Sale In Hattigauda, Kathmandu","Hattigauda, Near Highway, Hattigauda, Kathmandu",Kathmandu,37500000,4,3,2.0,1,South East,,1.6K,0-5-0-0 Aana,15 Feet / Blacktopped,15 Feet ,Blacktopped,N/A Aana,4 months ago,"['Lawn', 'Garage', 'Air Condition', 'Backyard', 'Balcony', 'Microwave', 'Garden', 'Frontyard', 'Fencing', 'Deck', 'Modular Kitchen', 'TV Cable', 'Washing Machine', 'Wifi', 'Drainage', 'Water Tank', 'Internet', 'Water Well', 'Solar Water', 'Water Supply', 'Electricity Backup']",Sale,1711.25,,21913.80569758948,Hattigauda,15.0,,2.0,1,21,17.439851517607305,7.445563574078014,0.022067363530778164,14609.203798392988,33763765.258978084,11.065811861810698
"16 Anna Land For Sale At Baluwatar Near Alice Restaurant. : Land For Sale In Baluwatar, Kathmandu","Baluwatar Near Alice Restaurant, Baluwatar, Kathmandu",Kathmandu,5700000,0,0,0.0,0,East,,261,1-0-0-0 Ropani,15 Feet / Blacktopped,15 Feet ,Blacktopped,N/A Aana,4 months ago,[],Sale,5476.0,,1040.9057706355004,Baluwatar,15.0,,2.0,1,0,15.555976908243359,8.608312784783722,0.02032520325203252,19576.333089846605,5362404.954130817,6.2955902949687434
"3.1 Anna Brand New House For Sale At Greenland Tokha Near Grande : House For Sale In Tokha, Kathmandu","Greenland Tokha Near Grande, Tokha, Kathmandu",Kathmandu,25000000,4,3,2.0,1,East,2076.0,221,0-3.1-0-0 Aana,12 Feet / Gravelled,12 Feet ,Gravelled,N/A Aana,4 months ago,"['Garage', 'Backyard', 'Balcony', 'Microwave', 'Garden', 'Frontyard', 'Fencing', 'Deck', 'Modular Kitchen', 'Washing Machine', 'TV Cable', 'Wifi', 'Drainage', 'Water Tank', 'Water Well', 'Solar Water', 'Water Supply', 'Electricity Backup', 'Internet', 'Kids Playground']",Sale,1060.9750000000001,,23563.23193289191,Tokha,12.0,2019.0,1.0,0,20,17.034386422832473,6.967885661035161,0.020905923344947737,15806.346887427968,21616209.19718249,15.653951032536085
"East Facing 6 Anna Land At Rudreshwor, Budhanilkantha, (Road - 20 Ft.) : Land For Sale In Budhanilkantha, Kathmandu","Rudreshwor, Budhanilkantha, (road - 20 Ft.), Budhanilkantha, Kathmandu",Kathmandu,3500000,0,0,0.0,0,South East,,135,0-6-0-0 Aana,20 Feet / Blacktopped,20 Feet ,Blacktopped,N/A Aana,4 months ago,[],Sale,2053.5,,1704.4071098125153,Budhanilkantha,20.0,,2.0,1,0,15.068273812173887,7.627787788323465,0.11382113821138211,13184.806428049671,3519477.1791536002,-0.5534111506381273
"Brand New House For Sale At Bhangal, Budhanilkantha In 20 Feet Road. : House For Sale In Budhanilkantha, Kathmandu","Bhangal sangyukta buspark , budhanilkantha, Budhanilkantha, Kathmandu",Kathmandu,24000000,4,3,2.0,1,East,2076.0,198,0-4-0-0 Aana,14 Feet / Blacktopped,14 Feet ,Blacktopped,N/A Aana,4 months ago,"['Lawn', 'Garage', 'Air Condition', 'Backyard', 'Balcony', 'Microwave', 'Garden', 'Frontyard', 'Fencing', 'Deck', 'Modular Kitchen', 'Washing Machine', 'Wifi', 'Drainage', 'Water Tank', 'Water Well', 'Solar Water', 'Water Supply', 'Electricity Backup', 'Internet', 'Kids Playground']",Sale,1369.0,,17531.044558071586,Budhanilkantha,14.0,2019.0,1.0,0,21,16.993564429978885,7.222566018822171,0.11382113821138211,13184.806428049671,26418490.46023773,-9.154536909963808
"4.75 Brand New Attractive House For Sale At Basundhara : House For Sale In Basundhara, Kathmandu","Basundhara, Shree Tol, Basundhara, Kathmandu",Kathmandu,35500000,4,3,3.0,1,East,2076.0,151,0-4.75-0-0 Aana,15 Feet / Gravelled,15 Feet ,Gravelled,N/A Aana,4 months ago,"['Lawn', 'Garage', 'Air Condition', 'Backyard', 'Balcony', 'Microwave', 'Garden', 'Frontyard', 'Fencing', 'Deck', 'Modular Kitchen', 'TV Cable', 'Washing Machine', 'Wifi', 'Drainage', 'Water Tank', 'Water Well', 'Solar Water', 'Water Supply', 'Electricity Backup', 'Internet', 'Kids Playground']",Sale,1625.6875,,21836.915151282148,Basundhara,15.0,2019.0,1.0,0,22,17.385043282614657,7.394301017474119,0.02148664343786295,17666.944128289193,32419891.415985856,9.50067520119879
"CLassical Durbar Style 1 Ropani Bungalow For Sale At Chapali : House For Sale In Chapali, Kathmandu","Chapali, Chapali, Kathmandu",Kathmandu,110000000,4,4,0.0,0,East,,436,1-0-0-0 Ropani,16 Feet / Blacktopped,16 Feet ,Blacktopped,N/A Aana,4 months ago,"['Lawn', 'Garage', 'Air Condition', 'Backyard', 'Balcony', 'Microwave', 'Gym', 'Washing Machine', 'Garden', 'Frontyard', 'Fencing', 'Deck', 'Modular Kitchen', 'TV Cable', 'Wifi', 'Drainage', 'Cafeteria', 'CCTV', 'Water Tank', 'Water Well', 'Solar Water', 'Water Supply', 'Electricity Backup', 'Internet', 'Kids Playground']",Sale,5476.0,,20087.65522279036,Chapali,16.0,,2.0,1,25,18.5159909328476,8.608312784783722,0.008130081300813009,10348.1860238617,99229383.64646852,10.854261064348348
"5 Anna New House For Sale At Bishalnagar, (1 Floor Underground) : House For Sale In Hadigaun, Kathmandu","Bishalnagar, Hadigaun, Kathmandu",Kathmandu,55000000,4,3,0.0,2,East,,125,0-5-0-0 Aana,15 Feet / Blacktopped,15 Feet ,Blacktopped,N/A Aana,4 months ago,"['Lawn', 'Garage', 'Air Condition', 'Backyard', 'Balcony', 'Microwave', 'Garden', 'Frontyard', 'Fencing', 'Modular Kitchen', 'Deck', 'TV Cable', 'Washing Machine', 'Wifi', 'Drainage', 'CCTV', 'Water Tank', 'Water Well', 'Solar Water', 'Water Supply', 'Parking', 'Electricity Backup', 'Internet', 'Kids Playground']",Sale,1711.25,,32140.248356464574,Hadigaun,15.0,,2.0,1,24,17.822843761378564,7.445563574078014,0.0017421602787456446,24348.672997321646,45710893.432513736,20.32142859163415
"5.5 Anna New Family Bungalow For Sale At Hattigauda : House For Sale In Hattigauda, Kathmandu","Hattigauda, Hattigauda, Kathmandu",Kathmandu,35500000,4,4,2.0,2,East,,297,0-5.5-0-0 Aana,15 Feet / Blacktopped,15 Feet ,Blacktopped,N/A Aana,4 months ago,"['Lawn', 'Garage', 'Air Condition', 'Backyard', 'Balcony', 'Microwave', 'Frontyard', 'Fencing', 'Deck', 'Modular Kitchen', 'TV Cable', 'Washing Machine', 'Wifi', 'Drainage', 'CCTV', 'Water Tank', 'Water Well', 'Solar Water', 'Water Supply', 'Electricity Backup', 'Internet', 'Kids Playground']",Sale,1882.375,,18859.15399428913,Hattigauda,15.0,,2.0,1,22,17.385043282614657,7.540820659121453,0.022067363530778164,14609.203798392988,36853901.71843989,-3.6736998128001885
"5 BHK Attractive Semi Bungalow For Sale At Baniyatar, Tokha : House For Sale In Tokha, Kathmandu","Baniyatar, Tokha, Tokha, Kathmandu",Kathmandu,29500000,4,3,2.0,1,East,2076.0,110,0-4-0-0 Aana,13 Feet / Blacktopped,13 Feet ,Blacktopped,N/A Aana,4 months ago,"['Lawn', 'Garage', 'Air Condition', 'Backyard', 'Balcony', 'Microwave', 'Garden', 'Frontyard', 'Fencing', 'Deck', 'Modular Kitchen', 'TV Cable', 'Washing Machine', 'Wifi', 'Drainage', 'Water Tank', 'Water Well', 'Solar Water', 'Water Supply', 'Electricity Backup', 'Internet']",Sale,1369.0,,21548.575602629655,Tokha,13.0,2019.0,1.0,0,21,17.19990085520835,7.222566018822171,0.020905923344947737,15806.346887427968,27174966.334078144,8.555792258723796
"8.2 Anna Full Furnished Bungalow For Sale At Pasikot, Budhanilkantha : House For Sale In Pasikot, Kathmandu","Pasikot, Budhanilkantha, Highway bata 800 meter west., Pasikot, Kathmandu",Kathmandu,49500000,0,4,2.0,3,East,,290,0-8.2--0 Aana,16 Feet / Blacktopped,16 Feet ,Blacktopped,N/A Aana,4 months ago,"['Lawn', 'Garage', 'Air Condition', 'Backyard', 'Balcony', 'Microwave', 'Garden', 'Frontyard', 'Fencing', 'Deck', 'Modular Kitchen', 'TV Cable', 'Washing Machine', 'Wifi', 'Drainage', 'Water Tank', 'Water Well', 'Solar Water', 'Water Supply', 'Electricity Backup', 'Internet', 'Kids Playground']",Sale,701.6125,,70551.76468492224,Pasikot,16.0,,2.0,1,22,17.71748324774094,6.554805530735238,0.008710801393728223,13391.770148526904,27454224.259575367,80.30012260403096
"Classical 17.3 Anna Bungalow For Sale At Sukedhara Chowk Inside Colony : House For Sale In Sukedhara, Kathmandu","Sukedhara Chowk , Colony Bhitra, Sukedhara, Kathmandu",Kathmandu,95000000,0,4,2.0,0,East,,390,0-17.3-0- Aana,15 Feet / Blacktopped,15 Feet ,Blacktopped,N/A Aana,4 months ago,"['Lawn', 'Garage', 'Air Condition', 'Backyard', 'Balcony', 'Microwave', 'Garden', 'Frontyard', 'Fencing', 'Deck', 'Modular Kitchen', 'TV Cable', 'Washing Machine', 'Wifi', 'Drainage', 'Water Tank', 'Water Well', 'Solar Water', 'Water Supply', 'Electricity Backup', 'Internet', 'Kids Playground']",Sale,1480.23125,,64179.16119525243,Sukedhara,15.0,,2.0,1,22,18.36938746009113,7.300628946575477,0.013356562137049941,20452.885317750184,62405037.24341611,52.23130086349359
"4.5 Anna Attractive Brand New House For Sale At Jyotinagar, Baluwakhani : House For Sale In Kapan, Kathmandu","Jyotinagar, Baluwakhani, Kapan, Kathmandu",Kathmandu,28000000,4,3,2.0,2,South East,2076.0,275,0-4.5-0-0 Aana,14 Feet / Blacktopped,14 Feet ,Blacktopped,N/A Aana,4 months ago,"['Lawn', 'Garage', 'Backyard', 'Balcony', 'Microwave', 'Garden', 'Frontyard', 'Deck', 'Fencing', 'Modular Kitchen', 'Drainage', 'Wifi', 'Water Supply', 'Solar Water', 'Water Well', 'Water Tank', 'Electricity Backup', 'Internet']",Sale,1540.125,,18180.34250466683,Kapan,14.0,2019.0,1.0,0,18,17.147715103853763,7.340267948188717,0.023228803716608595,14052.66270131135,27580622.052486207,1.5205528965797512
"7 Anna 4 BHK Bungalow For Sale In Siddhartha Colony, Budhanilkantha : House For Sale In Budhanilkantha, Kathmandu","Siddhartha Colony, Budhanilkantha, Budhanilkantha, Kathmandu",Kathmandu,45000000,4,4,0.0,3,East,,151,0-7-0-0 Aana,16 Feet / Blacktopped,16 Feet ,Blacktopped,N/A Aana,4 months ago,"['Lawn', 'Garage', 'Air Condition', 'Backyard', 'Balcony', 'Microwave', 'Garden', 'Frontyard', 'Fencing', 'Deck', 'Modular Kitchen', 'TV Cable', 'Washing Machine', 'Wifi', 'Drainage', 'Water Tank', 'Water Well', 'Solar Water', 'Water Supply', 'Electricity Backup', 'Internet', 'Kids Playground']",Sale,2395.75,,18783.26202650527,Budhanilkantha,16.0,,2.0,1,22,17.622173069956816,7.781868931957106,0.11382113821138211,13184.806428049671,41214574.198984206,9.18467768886738
"Magnificent 21 Anna Bungalow For Sale Pasikot, 800 Meters From Main Highway : House For Sale In Pasikot, Kathmandu","Pasikot, 800 M From Main Highway, Pasikot, Kathmandu",Kathmandu,80000000,0,4,0.0,0,East,,132,0-21-0-0 Aana,16 Feet / Blacktopped,16 Feet ,Blacktopped,N/A Aana,4 months ago,"['Lawn', 'Garage', 'Backyard', 'Balcony', 'Microwave', 'Garden', 'Frontyard', 'Fencing', 'Deck', 'Modular Kitchen', 'TV Cable', 'Washing Machine', 'Wifi', 'Drainage', 'Water Tank', 'Water Well', 'Solar Water', 'Water Supply', 'Electricity Backup', 'Internet', 'Kids Playground']",Sale,7187.25,,11130.821941632752,Pasikot,16.0,,2.0,1,21,18.197537205138154,8.880203027487838,0.008710801393728223,13391.770148526904,68479537.93140265,16.823218170860947
"5 BHK Beautiful Bungalow For Sale At Dhapasi Height : House For Sale In Dhapasi, Kathmandu","Dhapasi Height, Dhapasi, Kathmandu",Kathmandu,35000000,4,4,2.0,2,East,,305,0-5-0-0 Aana,15 Feet / Blacktopped,15 Feet ,Blacktopped,2500 Sq. Feet,4 months ago,"['Lawn', 'Garage', 'Backyard', 'Balcony', 'Garden', 'Microwave', 'Frontyard', 'Fencing', 'Deck', 'Modular Kitchen', 'TV Cable', 'Washing Machine', 'Wifi', 'Drainage', 'Water Tank', 'Water Well', 'Solar Water', 'Water Supply', 'Electricity Backup', 'Internet', 'Kids Playground']",Sale,1711.25,2500.0,20452.885317750184,Dhapasi,15.0,,2.0,1,21,17.370858648025116,7.445563574078014,0.015098722415795587,15555.54898371399,34403772.337643534,1.7330299029565788
"12 Anna 6 BHK Fully Furnished Bungalow On Sale At Chapali : House For Sale In Chapali, Kathmandu","Location: Kathmandu > Chapali (Budhanilkantha), Chapali, Kathmandu",Kathmandu,57500000,4,4,2.0,4,South East,,118,0-12-0-0 Aana,16 Feet / Blacktopped,16 Feet ,Blacktopped,N/A Aana,4 months ago,"['Lawn', 'Garage', 'Air Condition', 'Backyard', 'Balcony', 'Microwave', 'Frontyard', 'Fencing', 'Deck', 'Modular Kitchen', 'TV Cable', 'Washing Machine', 'Wifi', 'Drainage', 'Water Tank', 'Water Well', 'Solar Water', 'Water Supply', 'Electricity Backup', 'Internet', 'Kids Playground']",Sale,4107.0,,14000.486973459947,Chapali,16.0,,2.0,1,21,17.867295523158884,8.32069157104845,0.008130081300813009,10348.1860238617,59857892.428302765,-3.9391504322124717
"52 Anna 5 BHK Bungalow For Sale/Rent At Dhumbarahi, Only 150 Meters From Ring Road. : House For Sale In Dhumbarahi, Kathmandu","Dhumbarahi, 150 Mtr From Ring Road., Dhumbarahi, Kathmandu",Kathmandu,300000000,4,4,0.0,0,East,,737,0-52-0-0 Aana,20 Feet / Blacktopped,20 Feet ,Blacktopped,N/A Aana,4 months ago,"['Lawn', 'Garage', 'Air Condition', 'Backyard', 'Balcony', 'Microwave', 'Gym', 'Garden', 'Frontyard', 'Fencing', 'Deck', 'Modular Kitchen', 'TV Cable', 'Washing Machine', 'Wifi', 'Drainage', 'Cafeteria', 'CCTV', 'Water Tank', 'Water Well', 'Solar Water', 'Water Supply', 'Electricity Backup', 'Internet', 'Kids Playground']",Sale,17797.0,,16856.77361353037,Dhumbarahi,20.0,,2.0,1,25,19.519293035953808,9.786841370416807,0.008130081300813009,16950.42235582776,216096405.6380412,38.82692732173263
"Magnificent 4 BHK 9 Anna Bungalow For Sale At Hepali Height, Golfutar. : House For Sale In Golfutar, Kathmandu","Hepali Height, Golfutar., Golfutar, Kathmandu",Kathmandu,55000000,4,4,2.0,3,South East,,232,0-9-0-0 Aana,20 Feet / Blacktopped,20 Feet ,Blacktopped,N/A Aana,4 months ago,"['Lawn', 'Garage', 'Air Condition', 'Backyard', 'Balcony', 'Microwave', 'Garden', 'Frontyard', 'Fencing', 'Deck', 'Modular Kitchen', 'TV Cable', 'Washing Machine', 'Wifi', 'Drainage', 'Water Tank', 'Water Well', 'Solar Water', 'Water Supply', 'Electricity Backup', 'Internet', 'Kids Playground']",Sale,3080.25,,17855.69353136921,Golfutar,20.0,,2.0,1,22,17.822843761378564,8.033090637791,0.018002322880371662,15420.826231637042,55560444.965569295,-1.0087121618925148
"9 Anna Beautiful House For Sale At Maharajgunj In Above 20 Feet Road. : House For Sale In Maharajgunj, Kathmandu","Maharajgunj In Above 20 Feet Road., Maharajgunj, Kathmandu",Kathmandu,67500000,4,4,0.0,4,South East,,247,0-9-0-0 Aana,20 Feet / Blacktopped,20 Feet ,Blacktopped,N/A Aana,4 months ago,"['Lawn', 'Garage', 'Air Condition', 'Backyard', 'Balcony', 'Microwave', 'Garden', 'Frontyard', 'Fencing', 'Deck', 'Modular Kitchen', 'TV Cable', 'Washing Machine', 'Wifi', 'Drainage', 'Water Tank', 'Water Well', 'Solar Water', 'Water Supply', 'Electricity Backup', 'Internet', 'Kids Playground']",Sale,3080.25,,21913.80569758948,Maharajgunj,20.0,,2.0,1,22,18.02763817065757,8.033090637791,0.011614401858304297,20270.270270270274,71507420.19134647,-5.6042018864937715
"8 Anna Bungalow For Sale At Maharajgunj Just Behind Australian Embassy : House For Sale In Maharajgunj, Kathmandu","Maharajgunj Just Behind Australian Embassy, Maharajgunj, Kathmandu",Kathmandu,55000000,4,3,2.0,3,South East,,253,0-8-0-0 Aana,14 Feet / Blacktopped,14 Feet ,Blacktopped,N/A Aana,4 months ago,"['Lawn', 'Garage', 'Air Condition', 'Backyard', 'Balcony', 'Microwave', 'Garden', 'Frontyard', 'Fencing', 'Deck', 'Modular Kitchen', 'TV Cable', 'Washing Machine', 'Wifi', 'Drainage', 'Water Tank', 'Water Well', 'Solar Water', 'Water Supply', 'Electricity Backup', 'Internet', 'Kids Playground']",Sale,2738.0,,20087.65522279036,Maharajgunj,14.0,,2.0,1,22,17.822843761378564,7.915348169263078,0.011614401858304297,20270.270270270274,58356055.02227986,-5.750997083333588
"Brand New House For Sale At Samakhusi, Only 150 Meters From Ring Road. : House For Sale In Samakhusi, Kathmandu","Samakhusi, Only 150 Meters From Ring Road, Samakhusi, Kathmandu",Kathmandu,35000000,6,3,2.0,2,East,2076.0,210,0-5-0-0 Aana,15 Feet / Blacktopped,15 Feet ,Blacktopped,N/A Aana,4 months ago,"['Lawn', 'Garage', 'Backyard', 'Balcony', 'Garden', 'Frontyard', 'Fencing', 'Deck', 'Modular Kitchen', 'Washing Machine', 'TV Cable', 'Wifi', 'Water Tank', 'Water Well', 'Solar Water', 'Water Supply', 'Electricity Backup', 'Internet', 'Kids Playground']",Sale,1711.25,,20452.885317750184,Samakhusi,15.0,2019.0,1.0,0,19,17.370858648025116,7.445563574078014,0.018002322880371662,19104.343428667755,34084689.5343684,2.685400624549235
"6 Anna 5 Bhk House For Sale At Budhanilkantha, 100 Mtrs From Main Road : House For Sale In Budhanilkantha, Kathmandu","Budhanilkantha, 100 Mtrs From Main Road, Budhanilkantha, Kathmandu",Kathmandu,36000000,5,4,2.0,2,North East,,197,0-6-0-0 Aana,15 Feet / Blacktopped,15 Feet ,Blacktopped,N/A Aana,4 months ago,"['Lawn', 'Garage', 'Air Condition', 'Backyard', 'Balcony', 'Microwave', 'Garden', 'Frontyard', 'Fencing', 'Deck', 'Modular Kitchen', 'TV Cable', 'Washing Machine', 'Drainage', 'Cafeteria', 'Water Tank', 'Water Well', 'Solar Water', 'Water Supply', 'Electricity Backup', 'Internet', 'Kids Playground']",Sale,2053.5,,17531.044558071586,Budhanilkantha,15.0,,2.0,1,22,17.399029524198163,7.627787788323465,0.11382113821138211,13184.806428049671,37750363.64550217,-4.636680223637322
"4 Anna Brand New House For Sale At Kapan Height : House For Sale In Kapan, Kathmandu","Kapan Height, Kapan, Kathmandu",Kathmandu,26000000,4,3,2.0,2,North East,2076.0,177,0-4-0-0 Aana,14 Feet / Blacktopped,14 Feet ,Blacktopped,N/A Aana,4 months ago,"['Lawn', 'Garage', 'Backyard', 'Balcony', 'Garden', 'Frontyard', 'Fencing', 'Modular Kitchen', 'Drainage', 'Water Tank', 'Water Well', 'Solar Water', 'Water Supply', 'Internet', 'Kids Playground']",Sale,1369.0,,18991.964937910885,Kapan,14.0,2019.0,1.0,0,15,17.073607134447293,7.222566018822171,0.023228803716608595,14052.66270131135,25952218.56475861,0.1841131043273273
"Marvelous 9 Anna Bungalow For Sale At Golfutar, Hepali Height. : House For Sale In Golfutar, Kathmandu","Golfutar, Hepali Height, Golfutar, Kathmandu",Kathmandu,47500000,5,4,2.0,3,South East,,1K,0-9-0-0 Aana,16 Feet / Blacktopped,16 Feet ,Blacktopped,N/A Aana,4 months ago,"['Lawn', 'Garage', 'Air Condition', 'Backyard', 'Balcony', 'Garden', 'Frontyard', 'Fencing', 'Modular Kitchen', 'TV Cable', 'Washing Machine', 'Wifi', 'Drainage', 'Water Tank', 'Water Well', 'Solar Water', 'Water Supply', 'Electricity Backup', 'Internet', 'Kids Playground']",Sale,3080.25,,15420.826231637042,Golfutar,16.0,,2.0,1,20,17.6762402900575,8.033090637791,0.018002322880371662,15420.826231637042,54254977.91651433,-12.450429759475073
"Kapan Height Small Home : House For Sale In Kapan, Kathmandu","Na, Kapan, Kathmandu",Kathmandu,18200000,5,5,3.0,1,East,2076.0,298,3.2 Aana,13 Feet / Blacktopped,13 Feet ,Blacktopped,N/A Aana,4 months ago,"['Parking', 'Drainage', 'Water Supply', 'Water Tank']",Sale,1095.2,,16617.969320672022,Kapan,13.0,2019.0,1.0,0,4,16.716932206992077,6.999604932612016,0.023228803716608595,14052.66270131135,19602894.811756093,-7.1565696047849015
"Kapan Height Home : House For Sale In Kapan, Kathmandu","Na, Kapan, Kathmandu",Kathmandu,26000000,6,5,3.0,1,East,2076.0,494,4 Aana,14 Feet / Blacktopped,14 Feet ,Blacktopped,N/A Aana,4 months ago,"['Parking', 'Drainage', 'Water Supply', 'Solar Water', 'Water Tank']",Sale,1369.0,,18991.964937910885,Kapan,14.0,2019.0,1.0,0,5,17.073607134447293,7.222566018822171,0.023228803716608595,14052.66270131135,27118697.275582016,-4.12518810993662
"Swayambhu Thulobharyang Home : House For Sale In Swayambhu, Kathmandu","Na, Swayambhu, Kathmandu",Kathmandu,39000000,5,5,3.0,2,East,2070.0,495,7 Aana,14 Feet / Paved,14 Feet ,Paved,N/A Aana,4 months ago,"['Garage', 'Garden', 'Water Supply', 'Drainage', 'Store Room', 'Parking']",Sale,2395.75,,16278.8270896379,Swayambhu,14.0,2013.0,7.0,0,6,17.479072229734946,7.781868931957106,0.011033681765389082,13333.333333333334,39065754.15364156,-0.16831661148266822
"Sitapaila Thapachwok Land On Sale : Land For Sale In Sitapaila, Kathmandu","thapachowk, Sitapaila, Kathmandu",Kathmandu,2300000,0,0,0.0,0,East,,526,5.1 Aana,12 Feet / Soil Stabilized,12 Feet ,Soil Stabilized,N/A Aana,4 months ago,[],Sale,1745.475,,1317.6928916197596,Sitapaila,12.0,,2.0,1,0,14.648420115681892,7.465354749801464,0.013937282229965157,14791.8188458729,2950036.7324602194,-22.034869102057357
"Hattigauda New Bungalow : House For Sale In Hattigauda, Kathmandu","Na, Hattigauda, Kathmandu",Kathmandu,33500000,5,5,3.0,2,North West,2076.0,300,5.5 Aana,13 Feet / Gravelled,13 Feet ,Gravelled,N/A Aana,4 months ago,"['Modular Kitchen', 'Water Supply', 'Solar Water', 'Drainage', 'Water Well', 'Water Tank', 'Parking', 'Internet']",Sale,1882.375,,17796.666445315095,Hattigauda,13.0,2019.0,1.0,0,8,17.32705602664604,7.540820659121453,0.022067363530778164,14609.203798392988,33619801.61757287,-0.3563424285949588
"Basundhara Bungalow : House For Sale In Basundhara, Kathmandu","Na, Basundhara, Kathmandu",Kathmandu,39900000,5,6,3.0,2,East,2069.0,147,7 Aana,14 Feet / Blacktopped,14 Feet ,Blacktopped,N/A Aana,4 months ago,"['Water Supply', 'Drainage', 'Solar Water', 'Water Tank']",Sale,2395.75,,16654.492330168006,Basundhara,14.0,2012.0,8.0,0,4,17.50188690692275,7.781868931957106,0.02148664343786295,17666.944128289193,41349954.33146562,-3.5065439730419756
"3 BHK - Fully Furnished : Apartment For Sale In Balkumari, Lalitpur","Westar Apartment, Balkumari, Lalitpur",Lalitpur,18000000,3,2,4.0,1,East,,9.3K,1259 Sq. Feet,0 Feet,0 Feet,Unknown,1259 Sq. Feet,4 months ago,"['Lawn', 'Balcony', 'Garden', 'Gym', 'Modular Kitchen', 'Swimming Pool', 'TV Cable', 'Drainage', 'Water Supply', 'Solar Water', 'Water Well', 'CCTV', 'Cafeteria', 'Electricity Backup', 'Intercom', 'Internet', 'Kids Playground', 'Lift', 'Maintenance', 'Parking', 'Security Staff', 'Store Room', 'Jacuzzi']",Sale,1259.0,1259.0,14297.061159650517,Balkumari,0.0,,2.0,1,23,16.705882371415992,7.138866999945524,0.0005807200929152149,14297.061159650517,18421566.92438344,-2.2884422704858953
"Mandikatar Height New Home : House For Sale In Mandikatar, Kathmandu","Na, Mandikatar, Kathmandu",Kathmandu,32500000,8,7,4.0,1,South East,2076.0,190,4 Aana,20 Feet / Blacktopped,20 Feet ,Blacktopped,N/A Aana,4 months ago,"['Water Supply', 'Drainage', 'Solar Water']",Sale,1369.0,,23739.956172388604,Mandikatar,20.0,2019.0,1.0,0,3,17.296750678069195,7.222566018822171,0.008130081300813009,18691.53373076651,31112785.104365643,4.4586651146178085
"Pasikot Home : House For Sale In Budhanilkantha, Kathmandu","Na, Budhanilkantha, Kathmandu",Kathmandu,29000000,5,5,3.0,2,South,2075.0,180,5 Aana,14 Feet / Gravelled,14 Feet ,Gravelled,N/A Aana,4 months ago,"['Garden', 'Water Supply', 'Solar Water', 'Drainage', 'Parking']",Sale,1711.25,,16946.676406135866,Budhanilkantha,14.0,2018.0,2.0,0,5,17.182806422433504,7.445563574078014,0.11382113821138211,13184.806428049671,30925306.39583602,-6.22566635619577
"26 Per Anna- Grande Hospital Near : Land For Sale In Tokha, Kathmandu","Grande Hospital, Tokha, Kathmandu, Tokha, Kathmandu",Kathmandu,2600000,0,0,0.0,0,North East,,216,4 Aana,15 Feet,15 Feet,Unknown,4 Aana,4 months ago,[],Sale,1369.0,1369.0,1899.1964937910884,Tokha,15.0,,2.0,1,0,14.77102238760702,7.222566018822171,0.020905923344947737,15806.346887427968,3368361.3828378282,-22.811132640123297
"Budhanilkantha 6 Ana Bungalow : House For Sale In Budhanilkantha, Kathmandu","Na, Budhanilkantha, Kathmandu",Kathmandu,36000000,5,5,3.0,1,East,2070.0,178,6 Aana,13 Feet / Blacktopped,13 Feet ,Blacktopped,N/A Aana,4 months ago,"['Garden', 'Water Supply', 'Water Tank', 'Solar Water', 'Drainage']",Sale,2053.5,,17531.044558071586,Budhanilkantha,13.0,2013.0,7.0,0,5,17.399029524198163,7.627787788323465,0.11382113821138211,13184.806428049671,37029860.00177863,-2.78116093803532
"Hepali Bungalow For Sale : House For Sale In Golfutar, Kathmandu","Na, Golfutar, Kathmandu",Kathmandu,47500000,4,5,3.0,3,East,2070.0,215,9 Aana,15 Feet / Soil Stabilized,15 Feet ,Soil Stabilized,N/A Aana,4 months ago,"['Garage', 'Balcony', 'Air Condition', 'Garden', 'Frontyard', 'Parking', 'Store Room', 'Water Supply', 'Solar Water', 'Drainage']",Sale,3080.25,,15420.826231637042,Golfutar,15.0,2013.0,7.0,0,10,17.6762402900575,8.033090637791,0.018002322880371662,15420.826231637042,48058912.86390824,-1.1629744216040656
"3.5 Talle| Semi-Commercial House : House For Sale In Tarkeshwor, Kathmandu","Manamaiju, Gongabu, Kathmandu, Tarkeshwor, Kathmandu",Kathmandu,28000000,0,0,0.0,0,East,,140,4 Aana,12 Feet / Blacktopped,12 Feet ,Blacktopped,4 Aana,4 months ago,"['Parking', 'Water Well', 'Water Tank', 'Water Supply', 'Drainage']",Sale,1369.0,1369.0,20452.885317750184,Tarkeshwor,12.0,,2.0,1,5,17.147715103853763,7.222566018822171,0.005807200929152149,10993.425858290724,24844883.289696787,12.699261548198319
"Land For Sale In Prime Location Bhadrakali, Budhanikantha ~ 28 Aana : Land For Sale In Budhanilkantha, Kathmandu","Khadka Bhadrakali, Ward #7, Budhanilkantha, Kathmandu",Kathmandu,4000000,0,0,0.0,0,North,,448,1-12-0-0 Ropani,210 Feet / Blacktopped,210 Feet ,Blacktopped,N/A Aana,4 months ago,[],Sale,9583.0,,417.40582281122823,Budhanilkantha,210.0,,2.0,1,0,15.201805169084134,9.16785032035523,0.11382113821138211,13184.806428049671,4481495.096690823,-10.744072821732276
"House For Sale In Imadol, Lalitpur","sital height, Imadol, Lalitpur",Lalitpur,15000000,5,3,2.5,1,West,2076.0,6.9K,0-2-2-0 Aana,13 Feet / Gravelled,13 Feet ,Gravelled,1400 Sq. Feet,4 months ago,"['Balcony', 'Fencing', 'Modular Kitchen', 'TV Cable', 'Wifi', 'Drainage', 'Water Supply', 'Solar Water', 'Water Tank', 'Water Well', 'Electricity Backup', 'Internet', 'Parking', 'Store Room']",Sale,855.625,1400.0,17531.044558071586,Imadol,13.0,2019.0,1.0,0,14,16.52356082573315,6.753000249905988,0.050522648083623695,16278.8270896379,16681371.999343732,-10.079338794254332
"Full- Furnished : House For Sale In Imadol, Lalitpur","Sital height, Imadol, Lalitpur",Lalitpur,20000000,6,3,2.5,2,North,2076.0,4.6K,0-3-2-0 Aana,13 Feet / Gravelled,13 Feet ,Gravelled,1900 Sq. Feet,4 months ago,"['Balcony', 'Fencing', 'Modular Kitchen', 'TV Cable', 'Drainage', 'Water Supply', 'Solar Water', 'Water Tank', 'Water Well', 'Electricity Backup', 'Internet', 'Parking', 'Store Room']",Sale,1197.875,1900.0,16696.23291244913,Imadol,13.0,2019.0,1.0,0,13,16.811242881518265,7.089138896048115,0.050522648083623695,16278.8270896379,20318176.021164898,-1.5659674413365767
"Samakhusi Homes : House For Sale In Samakhusi, Kathmandu","Na, Samakhusi, Kathmandu",Kathmandu,23000000,6,5,3.0,1,North West,2076.0,510,3.5 Aana,13 Feet / Gravelled,13 Feet ,Gravelled,N/A Aana,4 months ago,"['Garage', 'Water Supply', 'Drainage']",Sale,1197.875,,19200.667849316498,Samakhusi,13.0,2019.0,1.0,0,3,16.951004817371683,7.089138896048115,0.018002322880371662,19104.343428667755,22971529.393721044,0.12393866246771532
"New : House For Sale In Imadol, Lalitpur","Sital height, Imadol, Lalitpur",Lalitpur,18500000,5,2,2.5,1,West,2076.0,597,0-3-2-0 Aana,13 Feet / Gravelled,13 Feet ,Gravelled,2000 Aana,4 months ago,"['Balcony', 'Fencing', 'Modular Kitchen', 'TV Cable', 'Drainage', 'Water Supply', 'Solar Water', 'Water Tank', 'Water Well', 'Electricity Backup', 'Internet', 'Parking', 'Store Room']",Sale,1197.875,684500.0,15444.015444015444,Imadol,13.0,2019.0,1.0,0,13,16.733281344102608,7.089138896048115,0.050522648083623695,16278.8270896379,18927170.07966513,-2.256914678037732
"Hattigauda Semibungalow New Home : House For Sale In Hattigauda, Kathmandu","Na, Hattigauda, Kathmandu",Kathmandu,24500000,6,5,3.0,1,North East,2076.0,200,4 Aana,22 Feet / Gravelled,22 Feet ,Gravelled,N/A Aana,4 months ago,"['Garage', 'Modular Kitchen', 'Water Supply', 'Drainage']",Sale,1369.0,,17896.27465303141,Hattigauda,22.0,2019.0,1.0,0,4,17.01418371633128,7.222566018822171,0.022067363530778164,14609.203798392988,27005280.52442515,-9.277002407581833
"Bhangal Brand New Home : House For Sale In Bhangal, Kathmandu","Na, Bhangal, Kathmandu",Kathmandu,23800000,6,6,3.0,1,East,2076.0,332,4 Aana,18 Feet / Blacktopped,18 Feet ,Blacktopped,N/A Aana,4 months ago,"['Garage', 'Parking', 'Drainage', 'Water Tank', 'Water Supply']",Sale,1369.0,,17384.952520087656,Bhangal,18.0,2019.0,1.0,0,5,16.98519618065851,7.222566018822171,0.012775842044134728,17531.044558071586,27386881.81826251,-13.09707998911601
"Greenland Brand New Bungalow : House For Sale In Grande Villa, Kathmandu","Na, Grande Villa, Kathmandu",Kathmandu,39000000,6,6,3.0,2,South,2076.0,501,6.5 Aana,15 Feet / Soil Stabilized,15 Feet ,Soil Stabilized,N/A Aana,4 months ago,"['Balcony', 'Frontyard', 'Modular Kitchen', 'Drainage', 'Solar Water', 'Water Supply', 'Water Tank', 'Store Room', 'Parking']",Sale,2224.625,,17531.044558071586,Grande Villa,15.0,2019.0,1.0,0,9,17.479072229734946,7.7077930540320425,0.0011614401858304297,19200.667849316498,46840466.7084124,-16.738660520229782
"Brand New Bungalow , Budhanilkantha : House For Sale In Budhanilkantha, Kathmandu","Na, Budhanilkantha, Kathmandu",Kathmandu,31000000,5,5,3.0,1,South West,2076.0,603,4.5 Aana,14 Feet / Paved,14 Feet ,Paved,N/A Aana,4 months ago,"['Balcony', 'Garage', 'Water Supply', 'Modular Kitchen', 'Drainage', 'Water Tank', 'Parking']",Sale,1540.125,,20128.23634445256,Budhanilkantha,14.0,2019.0,1.0,0,7,17.249497794707484,7.340267948188717,0.11382113821138211,13184.806428049671,30951962.61105451,0.1551998157568643
"Tokha Greenland New Home : House For Sale In Tokha, Kathmandu","Na, Tokha, Kathmandu",Kathmandu,29000000,6,5,3.0,1,South,2076.0,396,4 Aana,13 Feet / Gravelled,13 Feet ,Gravelled,N/A Aana,4 months ago,"['Balcony', 'Garage', 'Parking']",Sale,1369.0,,21183.345507669834,Tokha,13.0,2019.0,1.0,0,3,17.182806422433504,7.222566018822171,0.020905923344947737,15806.346887427968,27538098.036730442,5.30865262125099
"Greenland New Home For Sale : House For Sale In Grande Villa, Kathmandu","Na, Grande Villa, Kathmandu",Kathmandu,25000000,6,5,3.0,1,South,2076.0,404,3.5 Aana,13 Feet / Gravelled,13 Feet ,Gravelled,N/A Aana,4 months ago,"['Balcony', 'Garage', 'Drainage', 'Water Supply']",Sale,1197.875,,20870.29114056141,Grande Villa,13.0,2019.0,1.0,0,4,17.034386422832473,7.089138896048115,0.0011614401858304297,19200.667849316498,24091550.5706645,3.770821752094655
"Maharajganj Bungalow For Sale : House For Sale In Maharajgunj, Kathmandu","Na, Maharajgunj, Kathmandu",Kathmandu,56000000,5,5,3.0,2,South,2071.0,526,8 Aana,15 Feet / Blacktopped,15 Feet ,Blacktopped,N/A Aana,4 months ago,"['Garage', 'Air Condition', 'Balcony', 'Drainage', 'Washing Machine', 'Store Room', 'Parking']",Sale,2738.0,,20452.885317750184,Maharajgunj,15.0,2014.0,6.0,0,7,17.840862266556567,7.915348169263078,0.011614401858304297,20270.270270270274,59661966.79809829,-6.137857993335568
"Mahanrajganj Bungalow For Sale : House For Sale In Maharajgunj, Kathmandu","Na, Maharajgunj, Kathmandu",Kathmandu,67500000,5,5,3.0,3,South East,2070.0,629,9 Aana,20 Feet / Blacktopped,20 Feet ,Blacktopped,N/A Aana,4 months ago,"['Garage', 'Air Condition', 'Balcony', 'Frontyard', 'Garden', 'Modular Kitchen', 'Microwave', 'Water Supply', 'Solar Water', 'Drainage', 'Water Tank', 'Store Room', 'Parking', 'Security Staff']",Sale,3080.25,,21913.80569758948,Maharajgunj,20.0,2013.0,7.0,0,14,18.02763817065757,8.033090637791,0.011614401858304297,20270.270270270274,70526568.09781271,-4.291387174284718
"Hattigauda Land : Land For Sale In Hattigauda, Kathmandu","Na, Hattigauda, Kathmandu",Kathmandu,4000000,0,0,0.0,0,East,,99,11 Aana,13 Feet / Blacktopped,13 Feet ,Blacktopped,11 Aana,4 months ago,[],Sale,3764.75,3764.75,1062.4875489740355,Hattigauda,13.0,,2.0,1,0,15.201805169084134,8.233702323582925,0.022067363530778164,14609.203798392988,3882500.030342229,3.0263997099676416
"Beautiful 6 Ana At Budhanilkantha : Land For Sale In Budhanilkantha, Kathmandu","Na, Budhanilkantha, Kathmandu",Kathmandu,3500000,0,0,0.0,0,East,,412,6 Aana,15 Feet / Soil Stabilized,15 Feet ,Soil Stabilized,6 Aana,4 months ago,[],Sale,2053.5,2053.5,1704.4071098125153,Budhanilkantha,15.0,,2.0,1,0,15.068273812173887,7.627787788323465,0.11382113821138211,13184.806428049671,3182744.9862123895,9.967968378300966
"Samakhusi New Home : House For Sale In Samakhusi, Kathmandu","Na, Samakhusi, Kathmandu",Kathmandu,37500000,6,6,3.0,1,East,2076.0,119,3.75 Aana,13 Feet / Blacktopped,13 Feet ,Blacktopped,N/A Aana,4 months ago,"['Garage', 'Balcony']",Sale,1283.4375,,29218.407596785975,Samakhusi,13.0,2019.0,1.0,0,2,17.439851517607305,7.158076158301139,0.018002322880371662,19104.343428667755,25335242.052450635,48.01516370897546
"Hattigauda 8 Ana Land : Land For Sale In Budhanilkantha, Kathmandu","Na, Budhanilkantha, Kathmandu",Kathmandu,4200000,0,0,0.0,0,East,,93,8 Aana,13 Feet / Blacktopped,13 Feet ,Blacktopped,N/A Aana,4 months ago,[],Sale,2738.0,,1533.9663988312636,Budhanilkantha,13.0,,2.0,1,0,15.250595321348806,7.915348169263078,0.11382113821138211,13184.806428049671,3742080.100596962,12.237041621048878
"Samakhusi Flat Home : House For Sale In Samakhusi, Kathmandu","Na, Samakhusi, Kathmandu",Kathmandu,35000000,6,5,3.0,1,East,2076.0,585,4.75 Aana,13 Feet / Blacktopped,13 Feet ,Blacktopped,N/A Aana,4 months ago,"['Balcony', 'Modular Kitchen', 'Store Room', 'Drainage', 'Garage']",Sale,1625.6875,,21529.352966052822,Samakhusi,13.0,2019.0,1.0,0,5,17.370858648025116,7.394301017474119,0.018002322880371662,19104.343428667755,32370903.79845088,8.121788065969714
"Neo-Classical : House For Sale In Imadol, Lalitpur","Sanagau height, Imadol, Lalitpur",Lalitpur,22000000,5,3,2.5,2,East,2076.0,6.2K,0-3-2-0 Aana,20 Feet / Gravelled,20 Feet ,Gravelled,2200 Aana,4 months ago,"['Balcony', 'Fencing', 'Modular Kitchen', 'TV Cable', 'Wifi', 'Drainage', 'Water Supply', 'Solar Water', 'Water Tank', 'Water Well', 'Electricity Backup', 'Internet', 'Parking', 'Store Room']",Sale,1197.875,752950.0,18365.856203694042,Imadol,20.0,2019.0,1.0,0,14,16.906553056777135,7.089138896048115,0.050522648083623695,16278.8270896379,19778743.146407474,11.2305258081881
"Modern House : House For Sale In Imadol, Lalitpur","Tikathali, Buddha colony, Imadol, Lalitpur",Lalitpur,19500000,5,3,2.5,2,East,2076.0,2.3K,0-3-2-0 Aana,13 Feet / Gravelled,13 Feet ,Gravelled,2000. Aana,4 months ago,"['Balcony', 'Fencing', 'Modular Kitchen', 'Swimming Pool', 'TV Cable', 'Wifi', 'Drainage', 'Water Supply', 'Solar Water', 'Water Tank', 'Water Well', 'Electricity Backup', 'Internet', 'Parking', 'Store Room']",Sale,1197.875,684500.0,16278.8270896379,Imadol,13.0,2019.0,1.0,0,15,16.785925074816024,7.089138896048115,0.050522648083623695,16278.8270896379,19531823.50059899,-0.16293153887046688
"New : House For Sale In Lubhu, Lalitpur","Kantipur college, Lubhu, Lalitpur",Lalitpur,17000000,5,3,2.5,2,South,,740,0-3-2-0 Aana,20 Feet / Blacktopped,20 Feet ,Blacktopped,N/A Sq. Feet,4 months ago,"['Drainage', 'Water Well', 'Electricity Backup', 'Parking']",Sale,1197.875,,14191.79797558176,Lubhu,20.0,,2.0,1,4,16.648723960844016,7.089138896048115,0.005807200929152149,1207.6941806671534,17800524.79351036,-4.497197710722612
"House For Sale In Imadol, Lalitpur","Sanagau height, Imadol, Lalitpur",Lalitpur,17500000,6,4,2.5,1,South,2076.0,5.7K,0-3-0-2 Aana,16 Feet / Gravelled,16 Feet ,Gravelled,1700 Aana,4 months ago,"['Balcony', 'Fencing', 'Modular Kitchen', 'TV Cable', 'Drainage', 'Water Supply', 'Solar Water', 'Water Tank', 'Water Well', 'Electricity Backup', 'Internet', 'Parking', 'Store Room']",Sale,1069.53125,581825.0,16362.308254200147,Imadol,16.0,2019.0,1.0,0,13,16.677711496036597,6.975910299570031,0.050522648083623695,16278.8270896379,19205836.448263112,-8.881864910483399
"Durbarmarg Office On Sale : Office Space For Sale In Durbar Marg, Kathmandu","Durbarmarg, Durbar Marg, Kathmandu",Kathmandu,850000,0,1,0.0,1,East,2005.0,791,500sqft Sq. Feet,25 Meter / Blacktopped,25 Meter ,Blacktopped,500 Sq. Feet,4 months ago,"['Air Condition', 'Balcony', 'Lawn', 'Wifi', 'Water Supply', 'CCTV', 'Internet', 'Security Staff', 'Cafeteria', 'Drainage']",Sale,500.0,500.0,1700.0,Durbar Marg,82.021,2005.0,15.0,0,10,13.652992804936396,6.2166061010848646,0.0029036004645760743,3100.728969454838,2277654.841893629,-62.680912649024776
"Land On Sell For VIP Resident : Land For Sale In Mhepi, Kathmandu","Mhepi Jana marga, Mhepi, Kathmandu",Kathmandu,4500000,0,0,0.0,0,North East,,525,12 Aana,15 Feet / Blacktopped,15 Feet ,Blacktopped,12 Aana,4 months ago,[],Sale,4107.0,4107.0,1095.6902848794741,Mhepi,15.0,,2.0,1,0,15.319588176962746,8.32069157104845,0.0017421602787456446,15861.421266826672,5815064.101579176,-22.61478254766012
"House For Sale In Imadol, Lalitpur","Buddha Colony, Imadol, Lalitpur",Lalitpur,17500000,5,3,2.5,1,South East,2076.0,1.2K,0-3-0-2 Aana,13 Feet / Gravelled,13 Feet ,Gravelled,1700 Aana,4 months ago,"['Balcony', 'Fencing', 'Modular Kitchen', 'TV Cable', 'Wifi', 'Drainage', 'Water Supply', 'Water Tank', 'Water Well', 'Electricity Backup', 'Internet', 'Parking']",Sale,1069.53125,581825.0,16362.308254200147,Imadol,13.0,2019.0,1.0,0,12,16.677711496036597,6.975910299570031,0.050522648083623695,16278.8270896379,18441241.266794875,-5.104001694775641
"2 Storey : House For Sale In Dhading, Dhading","Nilkantha Nagarpalika -3, Dhading, Dhading",Dhading,10000000,4,3,2.0,0,East,,677,0-4-0-2 Aana,7 Feet / Gravelled,7 Feet ,Gravelled,N/A Aana,4 months ago,[],Sale,1411.78125,,7083.250326493569,Dhading,7.0,,2.0,1,0,16.118095750958314,7.253315558244075,0.0017421602787456446,5551.497443389335,11953335.017978385,-16.34133917471966
"Commercial House : House For Sale In Manamaiju, Kathmandu","manamaiju, Manamaiju, Kathmandu",Kathmandu,22000000,0,0,0.0,0,East,,713,0-3-1-0 Aana,20 Feet / Blacktopped,20 Feet ,Blacktopped,N/A Sq. Feet,4 months ago,[],Sale,1112.3125,,19778.61437320897,Manamaiju,20.0,,2.0,1,0,16.906553056777135,7.015095084552704,0.005807200929152149,14828.341855368883,7028582.118545346,213.0076540181788
"2.5 Storey : House For Sale In Naikap, Kathmandu","Naikap, Naikap, Kathmandu",Kathmandu,22000000,11,3,2.5,1,South,2073.0,982,0-6-0-0 Aana,11 Feet / Gravelled,11 Feet ,Gravelled,185 Sq. Meter,4 months ago,"['Drainage', 'Water Well', 'Parking']",Sale,2053.5,1991.3215,10713.416118821524,Naikap,11.0,2016.0,4.0,0,3,16.906553056777135,7.627787788323465,0.005226480836236934,10093.631715253337,23839960.39005748,-7.717967479613944
"Imadol Ko Ghar Bikrima : House For Sale In Imadol, Lalitpur","imadol -4 lalitpur, Imadol, Lalitpur",Lalitpur,19000000,4,3,0.0,1,North,2076.0,1.4K,3.5 Aana,0 Feet,0 Feet,Unknown,N/A Aana,4 months ago,[],Sale,1197.875,,15861.421266826672,Imadol,0.0,2019.0,1.0,0,0,16.759949589762293,7.089138896048115,0.050522648083623695,16278.8270896379,18943995.54126996,0.29563171405964045
"Land Is Very Suitable For Residental Purpose : Land For Sale In Swayambhu, Kathmandu","Ichangu, Swayambhu, Kathmandu",Kathmandu,1950000,0,0,0.0,2,North West,,629,3-1 Aana,12 Feet,12 Feet,Unknown,N/A Aana,5 months ago,['Parking'],Sale,1112.3125,,1753.1044558071585,Swayambhu,12.0,,2.0,1,1,14.48334044336031,7.015095084552704,0.011033681765389082,13333.333333333334,4559925.808483507,-57.23614633439593
"Commercial House For Sale At Putalisadak : House For Sale In Putalisadak, Kathmandu","Putalisadak, Putalisadak, Kathmandu",Kathmandu,120000000,0,0,5.0,0,West,,812,0-3-2-1 Aana,30 Feet / Blacktopped,30 Feet ,Blacktopped,0-3-2-1 Aana,4 months ago,"['Drainage', 'Water Supply']",Sale,1219.265625,1219.265625,98419.89927338433,Putalisadak,30.0,,2.0,1,2,18.603002309079653,7.106823839438401,0.0023228803716608595,14303.106194998087,72998434.76728168,64.387086356795
"Best For Warehouse : Land For Sale In Kalanki, Kathmandu","Bafal, Kalanki, Kathmandu",Kathmandu,5750000,0,0,0.0,0,East,,520,1-5-2-0 Aana,16 Feet / Soil Stabilized,16 Feet ,Soil Stabilized,1-0-0-0 Aana,5 months ago,[],Sale,7358.375,5476.0,781.4225287512528,Kalanki,16.0,,2.0,1,0,15.564710586686562,8.903730289638883,0.012195121951219513,2045.2885317750183,4263056.282766963,34.879758056300545
"Land For Sale In Lubhu, Lalitpur","Mahalaxmi, Lubhu, Lalitpur",Lalitpur,1600000,0,0,0.0,0,East,,833,0-5-1-1 Aana,16 Feet / Blacktopped,16 Feet ,Blacktopped,N/A Aana,5 months ago,[],Sale,1818.203125,,879.9896876208481,Lubhu,16.0,,2.0,1,0,14.285514812209815,7.506153840782835,0.005807200929152149,1207.6941806671534,1657233.122505448,-3.453534794122479
"2.5 Storey : House For Sale In Narephate, Kathmandu","Narepthat- 32, Jadibuti., Narephate, Kathmandu",Kathmandu,22000000,5,2,2.5,1,East,2076.0,13.1K,0-2-3-0 Aana,13 Feet / Paved,13 Feet ,Paved,N/A Aana,5 months ago,"['TV Cable', 'Drainage', 'Water Supply', 'Water Well', 'Internet', 'Parking']",Sale,941.1875,,23374.72607742878,Narephate,13.0,2019.0,1.0,0,6,16.906553056777135,6.848204299355605,0.0017421602787456446,16070.124178232287,20002024.938090242,9.988863967992435
"Land On Sale Near Baba Chowk Mulpani : Land For Sale In Mulpani, Kathmandu","Baba Chowk Mulpani, Mulpani, Kathmandu",Kathmandu,2500000,0,0,0.0,0,East,,392,0-4-2-0 Aana,13 Feet / Soil Stabilized,13 Feet ,Soil Stabilized,N/A Aana,5 months ago,[],Sale,1540.125,,1623.2448664881097,Mulpani,13.0,,2.0,1,0,14.731801689838349,7.340267948188717,0.007549361207897794,1623.2448664881097,2077510.662297971,20.336325842713414
"इमाडोल ओचुमा  Semi Commercial जग्गा बिक्रमा : Land For Sale In Imadol, Lalitpur","imadol -4 lalitpur, Imadol, Lalitpur",Lalitpur,3000000,0,0,0.0,0,West,,156,0-3-3-1 Aana,13 Feet / Gravelled,13 Feet ,Gravelled,N/A Aana,5 months ago,[],Sale,1304.828125,,2299.153384665126,Imadol,13.0,,2.0,1,0,14.914123179965662,7.17459269704103,0.050522648083623695,16278.8270896379,3645836.655898232,-17.714360703829062
"House For Sale : House For Sale In Nagarjun, Kathmandu","Sitapaila harisiddhi, Nagarjun, Kathmandu",Kathmandu,17500000,5,4,3.0,1,North,,1.2K,3.1 Aana,15 Feet,15 Feet,Unknown,3.1 Aana,5 months ago,"['Backyard', 'Fencing', 'Modular Kitchen', 'TV Cable', 'Washing Machine', 'Wifi', 'Drainage', 'Water Supply', 'Solar Water', 'Water Tank', 'Electricity Backup', 'Internet', 'Parking', 'Security Staff', 'Store Room']",Sale,1060.9750000000001,1060.9750000000001,16494.26235302434,Nagarjun,15.0,,2.0,1,15,16.677711496036597,6.967885661035161,0.0029036004645760743,2921.8407596785974,18558407.205106564,-5.703114461327967
"Imadol Buddha Party Palace Najik Ko Ghar Bikrima : House For Sale In Imadol, Lalitpur","Imadol near buddha party palace, Imadol, Lalitpur",Lalitpur,18000000,4,3,2.0,1,South,2076.0,1.8K,0-3-0-2 Aana,0 Feet,0 Feet,Unknown,N/A Aana,5 months ago,[],Sale,1069.53125,,16829.80277574872,Imadol,0.0,2019.0,1.0,0,0,16.705882371415992,6.975910299570031,0.050522648083623695,16278.8270896379,18169416.75383823,-0.9324281353304376
"House For Sale : House For Sale In Pepsicola, Kathmandu","Khahare Chowk, Pepsicola, Kathmandu",Kathmandu,34000000,5,4,0.0,1,South,,576,6 Aana,14 Feet,14 Feet,Unknown,N/A Aana,5 months ago,"['Balcony', 'Backyard', 'Modular Kitchen', 'Drainage', 'Water Supply', 'Water Tank', 'Parking', 'Store Room']",Sale,2053.5,,16557.09763817872,Pepsicola,14.0,,2.0,1,8,17.341871111992198,7.627787788323465,0.009291521486643438,3246.4897329762193,31801467.21074306,6.913306152472868
"Near Grandy : House For Sale In Tokha, Kathmandu","Tokha, Kathmandu, Tokha, Kathmandu",Kathmandu,26300000,5,0,0.0,1,East,,902,4 Aana,13 Feet,13 Feet,Unknown,3-4 Aana,5 months ago,"['Parking', 'Water Tank', 'Drainage']",Sale,1369.0,1369.0,19211.10299488678,Tokha,13.0,,2.0,1,3,17.085079535170806,7.222566018822171,0.020905923344947737,15806.346887427968,21871226.79016105,20.24931318361743
"Total 11 Room : House For Sale In Basundhara, Kathmandu","Basundhara, Kathmandu, Basundhara, Kathmandu",Kathmandu,37000000,6,0,0.0,1,East,2076.0,1.3K,4-5 Aana,13 Feet,13 Feet,Unknown,4-5 Aana,5 months ago,"['Parking', 'Drainage', 'Water Tank']",Sale,1796.8125,1796.8125,20592.02059202059,Basundhara,13.0,2019.0,1.0,0,3,17.426428497635523,7.494325927057613,0.02148664343786295,17666.944128289193,23886155.417728126,54.90144543118428
"2.5 Storey : House For Sale In Imadol, Lalitpur","Sital Height, Imadol, Lalitpur",Lalitpur,17000000,4,3,2.5,1,South,2076.0,1.8K,0-3-1-2 Aana,13 Feet / Gravelled,13 Feet ,Gravelled,N/A Aana,5 months ago,"['Drainage', 'Solar Water', 'Water Tank', 'Water Well', 'Internet', 'Parking']",Sale,1155.09375,,14717.420122825528,Imadol,13.0,2019.0,1.0,0,6,16.648723960844016,7.052802144559925,0.050522648083623695,16278.8270896379,18993628.303849787,-10.49630050644774
"Shop Sale At Masbar In Pokhara : Business For Sale In Dam Side, Pokhara","Masbar pokhara, Dam Side, Pokhara",Pokhara,700000,0,0,0.0,0,North,,989,2 Aana,0 Feet,0 Feet,Unknown,2 Aana,5 months ago,[],Sale,684.5,684.5,1022.6442658875092,Dam Side,0.0,,2.0,1,0,13.45883704259595,6.530148499002369,0.0005807200929152149,1022.6442658875092,989932.4920006334,-29.288107456164585
"Land For Sale In Imadol, Lalitpur","sital height, planning, Imadol, Lalitpur",Lalitpur,2400000,0,0,0.0,0,West,,4K,0-3-1-1 Aana,20 Feet / Gravelled,20 Feet ,Gravelled,N/A Aana,5 months ago,"['Drainage', 'Water Well']",Sale,1133.703125,,2116.95632399355,Imadol,20.0,,2.0,1,2,14.690979711984754,7.034126331825054,0.050522648083623695,16278.8270896379,6385382.452136524,-62.41415423445827
"Newly Built : House For Sale In Imadol, Lalitpur","Ochu height, Koreran college, Imadol, Lalitpur",Lalitpur,17000000,8,3,2.5,1,South,2076.0,2.8K,0-3-0-0 Aana,13 Feet / Gravelled,13 Feet ,Gravelled,95 Aana,5 months ago,"['Electricity Backup', 'Internet', 'Parking']",Sale,1026.75,32513.75,16557.09763817872,Imadol,13.0,2019.0,1.0,0,3,16.648723960844016,6.935127225777988,0.050522648083623695,16278.8270896379,18931944.903219637,-10.204682683663858
"Land For Sale In Imadol, Lalitpur","NayaBasti, Imadol, Lalitpur",Lalitpur,2800000,0,0,0.0,0,South,,778,0-3-3-0 Aana,10 Feet / Blacktopped,10 Feet ,Blacktopped,N/A Aana,5 months ago,['Water Well'],Sale,1283.4375,,2181.6411005600194,Imadol,10.0,,2.0,1,1,14.845130332288226,7.158076158301139,0.050522648083623695,16278.8270896379,4003055.004685894,-30.053421781055285
"Naya Ghar : House For Sale In Tokha, Kathmandu","Suryadarsan Height, Tokha, Kathmandu, Tokha, Kathmandu",Kathmandu,16000000,4,3,0.0,1,East,2076.0,998,3 Aana,12 Feet / Paved,12 Feet ,Paved,3 Aana,5 months ago,"['Balcony', 'Water Tank', 'Water Supply', 'Drainage']",Sale,1026.75,1026.75,15583.150718285853,Tokha,12.0,2019.0,1.0,0,4,16.588099342704055,6.935127225777988,0.020905923344947737,15806.346887427968,18037872.703587074,-11.297744124681707
"House For Sale In Imadol, Lalitpur","Gumba, Imadol, Lalitpur",Lalitpur,22000000,10,3,3.0,1,South,,2K,0-3-3-0 Aana,13 Feet / Blacktopped,13 Feet ,Blacktopped,N/A Aana,5 months ago,"['TV Cable', 'Drainage', 'Water Well', 'Parking']",Sale,1283.4375,,17141.46579011444,Imadol,13.0,,2.0,1,4,16.906553056777135,7.158076158301139,0.050522648083623695,16278.8270896379,21793729.570232134,0.9464668683858896
"1 Floor House On Sale In Sychataar Kalanki : House For Sale In Tarakeshwar, Kathmandu","Sychataar, Tarakeshwar, Kathmandu",Kathmandu,11500000,2,1,1.0,1,North East,2073.0,651,0-4-0-0 Aana,13 Feet / Blacktopped,13 Feet ,Blacktopped,N/A Aana,5 months ago,"['TV Cable', 'Solar Water', 'Water Tank', 'Water Well', 'Washing Machine']",Sale,1369.0,,8400.292184075968,Tarakeshwar,13.0,2016.0,4.0,0,5,16.257857680289998,7.222566018822171,0.0017421602787456446,8400.292184075968,11242352.618334934,2.2917568093787932
"5 Ana Land On Sale In Panga Kritipur Near Fast Track Bus Park : Land For Sale In Machhegaun, Kirtipur","Panga, Machhegaun, Kirtipur",Kirtipur,2100000,0,0,0.0,0,South West,,720,0-5-0-0 Aana,13 Feet / Gravelled,13 Feet ,Gravelled,N/A Aana,5 months ago,[],Sale,1711.25,,1227.173119065011,Machhegaun,13.0,,2.0,1,0,14.557448378884015,7.445563574078014,0.003484320557491289,1344.046749452155,1835570.3689210888,14.405856378817973
"Imadol Ko Ghar Bikrima : House For Sale In Imadol, Lalitpur","imadol -4 lalitpur, Imadol, Lalitpur",Lalitpur,19700000,4,4,3.0,2,South,2076.0,1.2K,3.5 Aana,13 Feet,13 Feet,Unknown,N/A Aana,5 months ago,"['Garage', 'Backyard', 'Balcony']",Sale,1197.875,,16445.789418762393,Imadol,13.0,2019.0,1.0,0,3,16.796129244469636,7.089138896048115,0.050522648083623695,16278.8270896379,20375752.343037773,-3.3164534573304825
"Baniyatar Tokha Home : House For Sale In Baniyatar, Kathmandu","Na, Baniyatar, Kathmandu",Kathmandu,29000000,6,5,3.0,1,East,2076.0,323,4 Aana,20 Feet / Gravelled,20 Feet ,Gravelled,N/A Aana,5 months ago,"['Water Tank', 'Garage']",Sale,1369.0,,21183.345507669834,Baniyatar,20.0,2019.0,1.0,0,2,17.182806422433504,7.222566018822171,0.004645760743321719,19028.487947406866,28447063.425286926,1.9437386785644872
"Most Premium Bungalow At Mandikatar : House For Sale In Mandikatar, Kathmandu","Na, Mandikatar, Kathmandu",Kathmandu,290000000,6,5,2.0,20,East,2068.0,571,55 Anand Aana,15 Feet / Blacktopped,15 Feet ,Blacktopped,N/A Aana,5 months ago,"['Lawn', 'Garage', 'Backyard', 'Balcony', 'Fencing', 'Deck', 'Frontyard', 'Garden', 'Modular Kitchen', 'TV Cable', 'Washing Machine', 'Drainage', 'Wifi', 'Water Supply', 'Solar Water', 'Water Tank', 'Water Well', 'Internet', 'Kids Playground', 'Maintenance', 'Parking', 'Security Staff', 'Store Room']",Sale,18823.75,,15406.069460123514,Mandikatar,15.0,2011.0,9.0,0,23,19.48539148439307,9.842927772367428,0.008130081300813009,18691.53373076651,241122062.53316602,20.271034907936258
"Hattigauda 8.5 Ana Bungalow : House For Sale In Hattigauda, Kathmandu","Na, Hattigauda, Kathmandu",Kathmandu,45000000,6,6,3.0,3,East,2075.0,490,8.5 Aana,13 Feet / Gravelled,13 Feet ,Gravelled,N/A Aana,5 months ago,"['Garage', 'Balcony', 'Modular Kitchen', 'Solar Water', 'Water Tank', 'Store Room', 'Parking']",Sale,2909.125,,15468.568727710222,Hattigauda,13.0,2018.0,2.0,0,7,17.622173069956816,7.975951314569445,0.022067363530778164,14609.203798392988,44995894.28020023,0.00912465429446652
"Especial Chok Family Bungalow : House For Sale In Golfutar, Kathmandu","Na, Golfutar, Kathmandu",Kathmandu,36000000,4,5,3.0,3,West,2075.0,448,7 Aana,30 Feet / Soil Stabilized,30 Feet ,Soil Stabilized,N/A Aana,5 months ago,"['Garage', 'Garden', 'Balcony', 'Drainage', 'Water Tank', 'Solar Water', 'Water Supply', 'Store Room', 'Parking']",Sale,2395.75,,15026.609621204216,Golfutar,30.0,2018.0,2.0,0,9,17.399029524198163,7.781868931957106,0.018002322880371662,15420.826231637042,37788851.09233402,-4.733806508070604
"Hattigauda Bungalow : House For Sale In Hattigauda, Kathmandu","Na, Hattigauda, Kathmandu",Kathmandu,35500000,5,5,3.0,2,North West,2075.0,449,5.5 Aana,13 Feet / Gravelled,13 Feet ,Gravelled,N/A Aana,5 months ago,"['Balcony', 'Garden', 'Modular Kitchen', 'TV Cable', 'Washing Machine', 'Drainage', 'Parking', 'Store Room']",Sale,1882.375,,18859.15399428913,Hattigauda,13.0,2018.0,2.0,0,8,17.385043282614657,7.540820659121453,0.022067363530778164,14609.203798392988,33767759.16525433,5.129866113615481
"House And Land Sell At Lainchaur : House For Sale In Lainchaur, Kathmandu","Hanuman chowk marga, Lainchaur, Kathmandu",Kathmandu,6100000,0,0,3.0,0,North,,627,0-3-0-1 Aana,16 Feet / Blacktopped,16 Feet ,Blacktopped,N/A Aana,5 months ago,[],Sale,1048.140625,,5819.829758053696,Lainchaur,16.0,,2.0,1,0,15.623799493077952,6.955726655655604,0.0005807200929152149,5819.829758053696,16991953.676778384,-64.10065542765452
"House For Sale In Thulo Bharyang, Kathmandu","Thulobharang,Ekdhara, Thulo Bharyang, Kathmandu",Kathmandu,24100000,3,3,3.0,0,South West,2068.0,509,2.75 Aana,13 Feet / Paved,13 Feet ,Paved,2.75 Aana,5 months ago,"['Water Supply', 'Solar Water', 'Water Well', 'Wifi', 'Water Tank', 'TV Cable']",Sale,941.1875,941.1875,25605.949930274255,Thulo Bharyang,13.0,2011.0,9.0,0,6,16.997722439954657,6.848204299355605,0.003484320557491289,17823.228634039446,22216723.287087213,8.476842820504423
"House : House For Sale In Balkot, Bhaktapur","124, Balkot, Bhaktapur",Bhaktapur,15500000,4,2,0.0,1,East,2073.0,971,3 Aana,13 Feet / Gravelled,13 Feet ,Gravelled,N/A Aana,5 months ago,"['Water Supply', 'Wifi', 'Balcony', 'Store Room']",Sale,1026.75,,15096.177258339421,Balkot,13.0,2016.0,4.0,0,4,16.5563506464056,6.935127225777988,0.0029036004645760743,15096.177258339421,15267170.145141767,1.5250360914614058
"Gorgeous Bungalow For Family : House For Sale In Budhanilkantha, Kathmandu","Na, Budhanilkantha, Kathmandu",Kathmandu,40000000,5,5,3.0,3,East,2076.0,544,7.5 Aana,20 Feet / Paved,20 Feet ,Paved,2700 Sq. Feet,5 months ago,"['Balcony', 'Frontyard', 'Water Supply', 'Drainage', 'Solar Water']",Sale,2566.875,2700.0,15583.150718285853,Budhanilkantha,20.0,2019.0,1.0,0,5,17.50439003707821,7.850833987612675,0.11382113821138211,13184.806428049671,44370008.03185733,-9.849013389223852
"House For Sale In Thaiba, ( Comfort Housing,) : House For Sale In Thaiba, Lalitpur","Comfort Housing, Thaiba, Lalitpur",Lalitpur,20000000,3,2,3.0,1,South,2070.0,1.6K,3 Aana,20 Feet / Blacktopped,20 Feet ,Blacktopped,N/A Aana,5 months ago,"['Balcony', 'Garden', 'Gym', 'Modular Kitchen', 'Swimming Pool', 'TV Cable', 'Wifi', 'Drainage', 'Water Supply', 'Solar Water', 'Water Well', 'CCTV', 'Electricity Backup', 'Internet', 'Kids Playground', 'Maintenance', 'Parking', 'Security Staff', 'Jacuzzi']",Sale,1026.75,,19478.938397857317,Thaiba,20.0,2013.0,7.0,0,19,16.811242881518265,6.935127225777988,0.0023228803716608595,15354.64778708022,18832557.5104572,6.199065044110723
"House : House For Sale In Imadol, Lalitpur","Hattiban, Lalitpur, Imadol, Lalitpur",Lalitpur,18000000,5,3,3.0,1,West,2019.0,871,3.1 Aana,13 Feet / Blacktopped,13 Feet ,Blacktopped,N/A Aana,5 months ago,"['Balcony', 'Garden', 'Garage', 'Parking', 'Drainage', 'Water Tank', 'Store Room', 'Modular Kitchen']",Sale,1060.9750000000001,,16965.526991682178,Imadol,13.0,2019.0,1.0,0,8,16.705882371415992,6.967885661035161,0.050522648083623695,16278.8270896379,18335123.835134115,-1.8277696848272407
"House For Sale In Harisiddhi, Lalitpur","Nepal Cancer Hospital, Harisiddhi, Lalitpur",Lalitpur,35000000,18,16,3.0,1,East,2076.0,8.1K,0-6-2-0 Aana,12 Feet / Gravelled,12 Feet ,Gravelled,4800 Sq. Feet,5 months ago,"['Garden', 'TV Cable', 'Wifi', 'Drainage', 'Solar Water', 'Water Well', 'Parking', 'Store Room']",Sale,2224.625,4800.0,15732.98870596168,Harisiddhi,12.0,2019.0,1.0,0,8,17.370858648025116,7.7077930540320425,0.005226480836236934,13580.386629492074,36928390.90069613,-5.2219738083951475
"Total 10 Room : House For Sale In Manamaiju, Kathmandu","Gongabu, Manamaiju, Kathmandu",Kathmandu,17000000,0,0,0.0,0,East,,794,3 Aana,12 Feet,12 Feet,Unknown,3 Aana,5 months ago,"['Drainage', 'Water Supply', 'Parking']",Sale,1026.75,1026.75,16557.09763817872,Manamaiju,12.0,,2.0,1,3,16.648723960844016,6.935127225777988,0.005807200929152149,14828.341855368883,10165822.13180517,67.22700613473421
"Brand New : House For Sale In Gongabu, Kathmandu","Dhaneshwor Temple, Gongabu, Kathmandu",Kathmandu,26000000,4,3,2.5,0,North,2076.0,1.4K,0-3-2-0 Aana,13 Feet / Blacktopped,13 Feet ,Blacktopped,N/A Aana,5 months ago,"['Water Well', 'Electricity Backup', 'Parking']",Sale,1197.875,,21705.102786183867,Gongabu,13.0,2019.0,1.0,0,3,17.073607134447293,7.089138896048115,0.005807200929152149,18225.10307739723,21900845.134210836,18.716879831207805
"South Faced 5.5 Anna Land On Sale In Koteshwor : Land For Sale In Koteshwor, Kathmandu","Dharmasthali Marga, Koteshwor, Kathmandu",Kathmandu,4500000,0,0,0.0,0,South,,783,0-5-2-0 Aana,12 Feet / Blacktopped,12 Feet ,Blacktopped,N/A Aana,5 months ago,[],Sale,1882.375,,2390.5969851915797,Koteshwor,12.0,,2.0,1,0,15.319588176962746,7.540820659121453,0.004645760743321719,1823.906416811822,2183070.609572324,106.13167436126017
"House For Sale In Guleriya, Bardiya","Bardiya, Guleriya, Bardiya",Bardiya,3650000,4,1,0.0,0,North,2074.0,730,1 Kattha,14 Feet / Soil Stabilized,14 Feet ,Soil Stabilized,N/A Kattha,5 months ago,[],Sale,3645.0,,1001.3717421124828,Guleriya,14.0,2017.0,3.0,0,0,15.11023799953124,8.201385955238608,0.0005807200929152149,1001.3717421124828,7398275.263120725,-50.66417684950581
"Plotted Land For Sale At Prime Location In Kantipur Colony, Nakhipot : Land For Sale In Nakhipot, Lalitpur","Kantipur Colony, Nakhipot, Lalitpur",Lalitpur,3100000,0,0,0.0,0,East,,1K,0-3-2-0 Aana,7 Feet / Blacktopped,7 Feet ,Blacktopped,N/A Aana,5 months ago,[],Sale,1197.875,,2587.916101429615,Nakhipot,7.0,,2.0,1,0,14.946912992035967,7.089138896048115,0.003484320557491289,12575.075075075074,4452233.043971675,-30.3720185043458
"Surya Danda Home : House For Sale In Dhapasi, Kathmandu","Na, Dhapasi, Kathmandu",Kathmandu,25500000,5,6,3.0,1,East,2076.0,485,3.5 Aana,13 Feet / Blacktopped,13 Feet ,Blacktopped,N/A Aana,5 months ago,['Garage'],Sale,1197.875,,21287.69696337264,Dhapasi,13.0,2019.0,1.0,0,1,17.05418904934434,7.089138896048115,0.015098722415795587,15555.54898371399,22799956.833987456,11.842317008195566
"Gorgeous Bungalow : House For Sale In Chapali, Kathmandu","Na, Chapali, Kathmandu",Kathmandu,68000000,5,5,3.0,4,East,2076.0,475,12 Aana,15 Feet / Blacktopped,15 Feet ,Blacktopped,N/A Aana,5 months ago,"['Garage', 'Air Condition', 'Lawn', 'Balcony', 'Frontyard', 'Garden', 'Modular Kitchen', 'Wifi', 'Drainage', 'Water Supply', 'Solar Water', 'Water Tank', 'Store Room', 'Parking']",Sale,4107.0,,16557.09763817872,Chapali,15.0,2019.0,1.0,0,14,18.035018277846262,8.32069157104845,0.008130081300813009,10348.1860238617,61709610.01781314,10.193533844033487
"Sundarbasti Beautiful Home : House For Sale In Bhangal, Kathmandu","Na, Bhangal, Kathmandu",Kathmandu,21500000,6,5,3.0,1,North East,2076.0,456,3.5 Aana,20 Feet / Gravelled,20 Feet ,Gravelled,N/A Aana,5 months ago,"['Garage', 'Drainage', 'Solar Water']",Sale,1197.875,,17948.450380882812,Bhangal,20.0,2019.0,1.0,0,3,16.88356353960952,7.089138896048115,0.012775842044134728,17531.044558071586,22665760.762476165,-5.143267745092043
"Small Family Home Bhngal Mandikatar : House For Sale In Mandikatar, Kathmandu","Na, Mandikatar, Kathmandu",Kathmandu,18200000,6,0,3.0,5,West,2076.0,464,3 Aana,13 Feet / Gravelled,13 Feet ,Gravelled,N/A Aana,5 months ago,['Garage'],Sale,1026.75,,17725.833942050158,Mandikatar,13.0,2019.0,1.0,0,1,16.716932206992077,6.935127225777988,0.008130081300813009,18691.53373076651,20055555.007728454,-9.252075083503854
"Bungalow For Sale : House For Sale In Pasikot, Kathmandu","Na, Pasikot, Kathmandu",Kathmandu,80000000,4,4,3.0,4,East,2072.0,415,21 Aana,14 Feet / Blacktopped,14 Feet ,Blacktopped,N/A Aana,5 months ago,"['Air Condition', 'Lawn', 'Balcony', 'Frontyard', 'Garden', 'Modular Kitchen', 'Water Supply', 'Solar Water', 'Drainage', 'Water Well', 'Water Tank', 'Parking', 'Store Room']",Sale,7187.25,,11130.821941632752,Pasikot,14.0,2015.0,5.0,0,13,18.197537205138154,8.880203027487838,0.008710801393728223,13391.770148526904,89529038.12451334,-10.643516700426005
"Sundarbasti Bhangal Small Home : House For Sale In Bhangal, Kathmandu","Man, Bhangal, Kathmandu",Kathmandu,19900000,6,5,3.0,1,South West,2076.0,361,3.1 Aana,12 Feet / Paved,12 Feet ,Paved,N/A Aana,5 months ago,"['Garage', 'Balcony']",Sale,1060.9750000000001,,18756.33261858196,Bhangal,12.0,2019.0,1.0,0,2,16.806230339945976,6.967885661035161,0.012775842044134728,17531.044558071586,21506964.53228461,-7.471833274623007
"Dhapasi Big Bungalow : House For Sale In Dhapasi, Kathmandu","Man, Dhapasi, Kathmandu",Kathmandu,72000000,5,5,3.0,0,South West,2070.0,356,17 Aana,15 Feet / Blacktopped,15 Feet ,Blacktopped,N/A Aana,5 months ago,[],Sale,5818.25,,12374.854982168177,Dhapasi,15.0,2013.0,7.0,0,0,18.09217669086922,8.668926666442168,0.015098722415795587,15555.54898371399,73557588.17428449,-2.1175084895306777
"Baluwatar Family Bungalow : House For Sale In Baluwatar, Kathmandu","NA, Baluwatar, Kathmandu",Kathmandu,60000000,5,5,3.0,0,North East,2076.0,339,6 Aana,13 Feet / Blacktopped,13 Feet ,Blacktopped,N/A Aana,5 months ago,"['Garage', 'Parking', 'Water Supply', 'Solar Water', 'Water Tank', 'Modular Kitchen', 'Garden', 'Balcony', 'Air Condition']",Sale,2053.5,,29218.407596785975,Baluwatar,13.0,2019.0,1.0,0,9,17.909855136853043,7.627787788323465,0.02032520325203252,19576.333089846605,55179317.576732285,8.736393697809111
"5 Bhk Bungalow Budhanilkantha Chapali : House For Sale In Budhanilkantha, Kathmandu","NA, Budhanilkantha, Kathmandu",Kathmandu,57500000,6,5,3.0,6,North West,2075.0,286,12 Aana,15 Feet / Blacktopped,15 Feet ,Blacktopped,N/A Aana,5 months ago,"['Garage', 'Lawn', 'Balcony', 'Frontyard', 'Garden', 'Microwave', 'Modular Kitchen', 'TV Cable', 'Washing Machine', 'Drainage', 'Water Supply', 'Solar Water', 'Water Tank', 'Internet', 'Parking', 'Store Room']",Sale,4107.0,,14000.486973459947,Budhanilkantha,15.0,2018.0,2.0,0,16,17.867295523158884,8.32069157104845,0.11382113821138211,13184.806428049671,61247287.7193084,-6.118291697228993
"Dhapasi Sweet Bungalow : House For Sale In Dhapasi, Kathmandu","NA, Dhapasi, Kathmandu",Kathmandu,66000000,5,5,3.0,4,South East,2071.0,428,14 Aana,20 Feet / Blacktopped,20 Feet ,Blacktopped,N/A Aana,5 months ago,"['Garage', 'Air Condition', 'Lawn', 'Balcony', 'Backyard', 'Frontyard', 'Fencing', 'Garden', 'Microwave', 'Modular Kitchen', 'TV Cable', 'Drainage', 'Wifi', 'Solar Water', 'Water Supply', 'Water Tank', 'Water Well', 'Internet', 'Parking', 'Store Room', 'Security Staff']",Sale,4791.5,,13774.392152770532,Dhapasi,20.0,2014.0,6.0,0,21,18.005165315142214,8.4748074749198,0.015098722415795587,15555.54898371399,66097270.2028432,-0.14716220888500864
"Family Home Ekatabasti : House For Sale In Ekatabasti, Kathmandu","NA, Ekatabasti, Kathmandu",Kathmandu,29900000,7,5,3.0,1,South West,2076.0,181,4 Aana,13 Feet / Blacktopped,13 Feet ,Blacktopped,N/A Aana,5 months ago,"['Balcony', 'Garage', 'TV Cable', 'Solar Water', 'Drainage', 'Water Supply', 'Water Well', 'Internet']",Sale,1369.0,,21840.759678597515,Ekatabasti,13.0,2019.0,1.0,0,8,17.21336907180573,7.222566018822171,0.0023228803716608595,20482.767780065078,29716631.398210213,0.6170571601222318
"Jyotinagar Family Home : House For Sale In Ekatabasti, Kathmandu","Man, Ekatabasti, Kathmandu",Kathmandu,29900000,7,7,3.0,1,South East,2076.0,128,4 Aana,13 Feet / Blacktopped,13 Feet ,Blacktopped,N/A Aana,5 months ago,"['Garage', 'Water Well', 'Internet', 'Store Room', 'Water Tank', 'Solar Water', 'Drainage', 'Wifi', 'Water Supply', 'TV Cable']",Sale,1369.0,,21840.759678597515,Ekatabasti,13.0,2019.0,1.0,0,10,17.21336907180573,7.222566018822171,0.0023228803716608595,20482.767780065078,29933085.936092228,-0.1105329940349848
"Dhapasi Bungalow : House For Sale In Dhapasi, Kathmandu","Na, Dhapasi, Kathmandu",Kathmandu,33500000,4,4,3.0,1,North East,2072.0,375,5 Aana,20 Feet / Blacktopped,20 Feet ,Blacktopped,N/A Aana,5 months ago,"['Garage', 'Air Condition', 'Balcony', 'TV Cable', 'Modular Kitchen', 'Drainage', 'Water Supply', 'Water Tank', 'Parking']",Sale,1711.25,,19576.333089846605,Dhapasi,20.0,2015.0,5.0,0,9,17.32705602664604,7.445563574078014,0.015098722415795587,15555.54898371399,32949797.936101034,1.6698192352073384
"New Modern : House For Sale In Hattiban, Lalitpur","i.j pioneer school, Hattiban, Lalitpur",Lalitpur,37500000,5,4,0.0,1,East,2075.0,14.2K,0-4-3-0 Aana,16 Feet / Gravelled,16 Feet ,Gravelled,1138 Sq. Feet,5 months ago,"['Balcony', 'Garden', 'Modular Kitchen', 'TV Cable', 'Drainage', 'Water Supply', 'Solar Water', 'Water Well', 'Electricity Backup', 'Internet', 'Parking', 'Store Room']",Sale,1625.6875,1138.0,23067.163892199453,Hattiban,16.0,2018.0,2.0,0,12,17.439851517607305,7.394301017474119,0.004645760743321719,1950.328707085464,31492626.977403097,19.075490358131677
"Land For Sale In Swayambhu, Kathmandu","Dallu, Swayambhu, Kathmandu",Kathmandu,2300000,0,0,0.0,0,East,,1.1K,0-3-3-0 Aana,12 Feet,12 Feet,Unknown,N/A Aana,5 months ago,[],Sale,1283.4375,,1792.062332602873,Swayambhu,12.0,,2.0,1,0,14.648420115681892,7.158076158301139,0.011033681765389082,13333.333333333334,3669093.7856586124,-37.31422159362591
"Land For Sale In Gurujudhara, Kathmandu","Gurjudhara, Gurujudhara, Kathmandu",Kathmandu,2250000,0,0,0.0,0,East,,476,0-4-0-0 Aana,20 Feet / Concrete,20 Feet ,Concrete,N/A Sq. Feet,5 months ago,[],Sale,1369.0,,1643.535427319211,Gurujudhara,20.0,,2.0,1,0,14.626441218624949,7.222566018822171,0.0017421602787456446,7641.737371467101,4690503.767769317,-52.03073888436418
"House For Sale At Civil Homes : House For Sale In Balkhu, Kathmandu","Tinthana, Balkhu, Kathmandu",Kathmandu,23000000,3,2,3.0,3,East,,580,0-4-5-0 Aana,20 Feet,20 Feet,Unknown,4 Aana,5 months ago,"['Lawn', 'Garage', 'Air Condition', 'Backyard', 'Balcony', 'Fencing', 'Frontyard', 'Garden', 'Modular Kitchen', 'Water Tank', 'Internet', 'Parking', 'Store Room']",Sale,1796.8125,1369.0,12800.445232877666,Balkhu,20.0,,2.0,1,13,16.951004817371683,7.494325927057613,0.003484320557491289,14435.284705554976,24965738.25396638,-7.873743744205431
"Sanobharyang Family Home : House For Sale In Swayambhu, Kathmandu","Na, Swayambhu, Kathmandu",Kathmandu,20600000,5,3,3.0,1,North East,2076.0,992,3.1 Aana,13 Feet / Soil Stabilized,13 Feet ,Soil Stabilized,N/A Aana,5 months ago,"['Garage', 'Water Supply', 'Drainage']",Sale,1060.9750000000001,,19416.103112702935,Swayambhu,13.0,2019.0,1.0,0,3,16.840801682303496,6.967885661035161,0.011033681765389082,13333.333333333334,17222254.87632276,19.612676434843497
"House For Sale : House For Sale In Kageshwari-Manohara, Kathmandu","Khahare-Gothatar near mahantar chowk, Kageshwari-Manohara, Kathmandu",Kathmandu,26000000,5,3,3.0,1,West,2015.0,396,4 Aana,26 Feet / Blacktopped,26 Feet ,Blacktopped,4 Aana,5 months ago,"['Wifi', 'Water Tank', 'Water Supply', 'Balcony', 'Water Well', 'TV Cable']",Sale,1369.0,1369.0,18991.964937910885,Kageshwari-Manohara,26.0,2015.0,5.0,0,6,17.073607134447293,7.222566018822171,0.0017421602787456446,1636.2308254200145,24815208.81183381,4.774455847420434
"Bungalow With Limitless View : House For Sale In Dhapasi, Kathmandu","NA, Dhapasi, Kathmandu",Kathmandu,65000000,5,5,0.0,3,South,2076.0,144,8 Aana,20 Feet / Blacktopped,20 Feet ,Blacktopped,N/A Aana,5 months ago,"['Garage', 'Air Condition', 'Backyard', 'Balcony', 'Frontyard', 'Garden', 'Microwave', 'Modular Kitchen', 'TV Cable', 'Washing Machine', 'Drainage', 'Wifi', 'Water Supply', 'Solar Water', 'Water Well', 'Water Tank', 'CCTV', 'Internet', 'Parking', 'Security Staff', 'Maintenance']",Sale,2738.0,,23739.956172388604,Dhapasi,20.0,2019.0,1.0,0,21,17.989897843244528,7.915348169263078,0.015098722415795587,15555.54898371399,56643677.63574254,14.75243612887269
"Luxury Bungalow At Budhanilkantha : House For Sale In Budhanilkantha, Kathmandu","na, Budhanilkantha, Kathmandu",Kathmandu,400000000,6,6,3.0,20,East,2073.0,1.3K,4.9.0.0 Aana,20 Feet / Blacktopped,20 Feet ,Blacktopped,N/A Aana,5 months ago,"['Lawn', 'Garage', 'Air Condition', 'Backyard', 'Balcony', 'Deck', 'Fencing', 'Frontyard', 'Garden', 'Gym', 'Microwave', 'Modular Kitchen', 'TV Cable', 'Washing Machine', 'Wifi', 'Drainage', 'Water Supply', 'Solar Water']",Sale,1677.025,,238517.61303498753,Budhanilkantha,20.0,2016.0,4.0,0,18,19.806975107572256,7.425372785605083,0.11382113821138211,13184.806428049671,31576488.081952862,1166.7653190622389
"Siddarthcolony 7 Ana Home : House For Sale In Budhanilkantha, Kathmandu","na, Budhanilkantha, Kathmandu",Kathmandu,45000000,4,5,3.0,3,South East,2075.0,303,7 Aana,15 Feet / Blacktopped,15 Feet ,Blacktopped,N/A Aana,5 months ago,"['Garden', 'Drainage', 'Water Supply', 'Solar Water', 'TV Cable']",Sale,2395.75,,18783.26202650527,Budhanilkantha,15.0,2018.0,2.0,0,5,17.622173069956816,7.781868931957106,0.11382113821138211,13184.806428049671,41972650.177796245,7.212672560297944
"Italitar 4.5 Ana Land : Land For Sale In Hattigauda, Kathmandu","na, Hattigauda, Kathmandu",Kathmandu,3500000,0,0,0.0,0,South West,,284,4.5 Aana,13 Feet / Gravelled,13 Feet ,Gravelled,N/A Aana,5 months ago,[],Sale,1540.125,,2272.542813083354,Hattigauda,13.0,,2.0,1,0,15.068273812173887,7.340267948188717,0.022067363530778164,14609.203798392988,3310152.230069021,5.735318400357079
"Newly Built House For Sale At Guheshwori : House For Sale In Guheshwori, Kathmandu","Nayabasti, planing, Guheshwori, Kathmandu",Kathmandu,28500000,8,3,3.0,1,North East,2073.0,684,0-4-0-0 Aana,16 Feet / Blacktopped,16 Feet ,Blacktopped,N/A Aana,5 months ago,"['Balcony', 'Garden', 'Drainage', 'Water Supply', 'Water Well', 'Electricity Backup', 'Parking']",Sale,1369.0,,20818.11541271001,Guheshwori,16.0,2016.0,4.0,0,7,17.1654146803266,7.222566018822171,0.0005807200929152149,20818.11541271001,29646347.958951164,-3.8667425766519936
"Brand New Bungalow. : House For Sale In Sanobharyang, Kathmandu","army medical college, Sanobharyang, Kathmandu",Kathmandu,40000000,0,0,2.5,1,North,2076.0,1.9K,0-5-0-0 Aana,13 Feet / Blacktopped,13 Feet ,Blacktopped,N/A Aana,5 months ago,"['Modular Kitchen', 'TV Cable', 'Drainage', 'Water Supply', 'Water Well', 'Internet', 'Parking', 'Store Room']",Sale,1711.25,,23374.72607742878,Sanobharyang,13.0,2019.0,1.0,0,8,17.50439003707821,7.445563574078014,0.0023228803716608595,20717.518537919583,35987803.41490788,11.148767650070232
"Road Ko Najik : House For Sale In Imadol, Lalitpur","Imadol, Lalitpur, Imadol, Lalitpur",Lalitpur,19000000,0,0,0.0,1,North East,2076.0,784,3-4 Aana,0 Feet,0 Feet,Unknown,3-4 Aana,5 months ago,"['Parking', 'Water Tank', 'Drainage']",Sale,1369.0,1369.0,13878.743608473338,Imadol,0.0,2019.0,1.0,0,3,16.759949589762293,7.222566018822171,0.050522648083623695,16278.8270896379,7966437.389608292,138.50058778826636
"1 Talle New House : House For Sale In Imadol, Lalitpur","Imadol, Lalitpur, Imadol, Lalitpur",Lalitpur,11000000,2,1,1.0,1,East,,1.1K,2-3 Aana,13 Feet,13 Feet,Unknown,2-3 Aana,5 months ago,"['Parking', 'Water Tank', 'Water Well', 'Drainage']",Sale,941.1875,941.1875,11687.36303871439,Imadol,13.0,,2.0,1,4,16.213405921671733,6.848204299355605,0.050522648083623695,16278.8270896379,10757538.704462096,2.2538733273377294
"New House On Sale In Imadol Height : House For Sale In Imadol, Lalitpur","Imadol, Imadol, Lalitpur",Lalitpur,19200000,4,5,3.0,1,East,2018.0,5.5K,0-3-0-1 Aana,20 Feet / Blacktopped,20 Feet ,Blacktopped,3 Aana,5 months ago,"['Backyard', 'Balcony', 'Frontyard', 'Gym', 'Microwave', 'Modular Kitchen', 'TV Cable', 'Washing Machine', 'Solar Water', 'Water Well', 'Cafeteria']",Sale,1048.140625,1026.75,18318.152681087045,Imadol,20.0,2018.0,2.0,0,11,16.770420889081343,6.955726655655604,0.050522648083623695,16278.8270896379,20720008.57331462,-7.3359456775140695
"4 Aana Home At Ekatabasti : House For Sale In Ekatabasti, Kathmandu","na, Ekatabasti, Kathmandu",Kathmandu,36000000,5,5,3.0,2,East,2074.0,107,5.5 Aana,13 Feet / Blacktopped,13 Feet ,Blacktopped,N/A Aana,5 months ago,"['Garage', 'Balcony', 'Wifi', 'Drainage', 'Water Supply', 'Solar Water']",Sale,1882.375,,19124.775881532638,Ekatabasti,13.0,2017.0,3.0,0,6,17.399029524198163,7.540820659121453,0.0023228803716608595,20482.767780065078,37822574.324739404,-4.818747420762618
"4 Aana Home At Sitapaila : House For Sale In Sitapaila, Kathmandu","na, Sitapaila, Kathmandu",Kathmandu,20500000,4,4,0.0,1,South,2074.0,318,4 Aana,15 Feet / Gravelled,15 Feet ,Gravelled,N/A Aana,5 months ago,"['Garage', 'Drainage']",Sale,1369.0,,14974.433893352812,Sitapaila,15.0,2017.0,3.0,0,2,16.835935492889124,7.222566018822171,0.013937282229965157,14791.8188458729,23338052.174961694,-12.160621433550943
"Land For Sale In Bharatpur, Chitwan","milanchok, Bharatpur, Chitwan",Chitwan,900000,0,0,0.0,0,East,,497,9 Dhur,10 Feet / Blacktopped,10 Feet ,Blacktopped,N/A Sq. Feet,5 months ago,[],Sale,1640.25,,548.6968449931413,Bharatpur,10.0,,2.0,1,0,13.710151153416941,7.403213425617006,0.008710801393728223,6858.710562414266,2661569.7943182676,-66.18536917869834
"Sitapaila Home 180 : House For Sale In Sitapaila, Kathmandu","Sitapaila, Sitapaila, Kathmandu",Kathmandu,18000000,4,4,3.0,1,North,2075.0,646,3.1 Aana,13 Feet / Gravelled,13 Feet ,Gravelled,N/A Aana,5 months ago,['Drainage'],Sale,1060.9750000000001,,16965.526991682178,Sitapaila,13.0,2018.0,2.0,0,1,16.705882371415992,6.967885661035161,0.013937282229965157,14791.8188458729,18260321.66485085,-1.4256137960151096
"Beautiful Bungalow Budhanilkantha : House For Sale In Budhanilkantha, Kathmandu","Budhanilkantha, Budhanilkantha, Kathmandu",Kathmandu,72000000,5,5,3.0,4,East,2075.0,332,13 Aana,15 Feet / Blacktopped,15 Feet ,Blacktopped,N/A Aana,5 months ago,"['Garage', 'Lawn', 'Balcony', 'Frontyard', 'Garden', 'TV Cable', 'Drainage', 'Water Supply', 'Solar Water']",Sale,4449.25,,16182.502668989155,Budhanilkantha,15.0,2018.0,2.0,0,9,18.09217669086922,8.400715553357543,0.11382113821138211,13184.806428049671,66790289.80940202,7.80010119055452
"Surya Darshan Height Home : House For Sale In Tokha, Kathmandu","Surya Darshan Height, Tokha, Kathmandu",Kathmandu,23000000,6,5,3.0,1,East,2075.0,589,4 Aana,13 Feet / Blacktopped,13 Feet ,Blacktopped,N/A Aana,5 months ago,"['Garage', 'Drainage', 'TV Cable', 'Water Supply']",Sale,1369.0,,16800.584368151936,Tokha,13.0,2018.0,2.0,0,4,16.951004817371683,7.222566018822171,0.020905923344947737,15806.346887427968,27112925.800977014,-15.16961257212899
"Small Family Home Mandikatar : House For Sale In Mandikatar, Kathmandu","Mandikatar, Mandikatar, Kathmandu",Kathmandu,19900000,6,4,3.0,1,South East,2073.0,2.7K,3.1 Aana,13 Feet / Blacktopped,13 Feet ,Blacktopped,N/A Aana,5 months ago,['Garage'],Sale,1060.9750000000001,,18756.33261858196,Mandikatar,13.0,2016.0,4.0,0,1,16.806230339945976,6.967885661035161,0.008130081300813009,18691.53373076651,22096175.926181603,-9.939167453764567
"Samakhusi Flat Home : House For Sale In Samakhusi, Kathmandu","Samakhusi, Samakhusi, Kathmandu",Kathmandu,40000000,7,8,4.0,2,East,2075.0,157,4 Aana,14 Feet / Paved,14 Feet ,Paved,N/A Aana,5 months ago,['Garage'],Sale,1369.0,,29218.407596785975,Samakhusi,14.0,2018.0,2.0,0,1,17.50439003707821,7.222566018822171,0.018002322880371662,19104.343428667755,30040819.703518193,33.15215894496863
"Sundarbasti New Home : House For Sale In Bhangal, Kathmandu","Sundarbasti, Bhangal, Kathmandu",Kathmandu,21500000,5,5,3.0,1,South,2076.0,217,3.5 Aana,13 Feet / Gravelled,13 Feet ,Gravelled,N/A Aana,5 months ago,['Garage'],Sale,1197.875,,17948.450380882812,Bhangal,13.0,2019.0,1.0,0,1,16.88356353960952,7.089138896048115,0.012775842044134728,17531.044558071586,21670596.314950664,-0.7872248297706892
"Property At New Baneshwor : House For Sale In Baneshwor, Kathmandu","66/51, Janasahayog Marga, Baneshwor, Kathmandu",Kathmandu,34500000,6,3,2.0,2,North East,2000.0,1.1K,4 Aana,0 Feet,0 Feet,Unknown,3 1/2 Aana,5 months ago,[],Sale,1369.0,,25200.876552227903,Baneshwor,0.0,2000.0,20.0,0,0,17.356469910987094,7.222566018822171,0.009291521486643438,6726.190476190476,25123042.584478218,37.32413135865619
"Dhapasi Bungalow : House For Sale In Basundhara, Kathmandu","Dhapasi, Basundhara, Kathmandu",Kathmandu,70000000,4,4,2.0,4,West,2064.0,316,16 Aana,14 Feet / Blacktopped,14 Feet ,Blacktopped,N/A Aana,5 months ago,"['Garage', 'Garden', 'Solar Water', 'Drainage']",Sale,5476.0,,12783.053323593864,Basundhara,14.0,2007.0,13.0,0,4,18.064005814299346,8.608312784783722,0.02148664343786295,17666.944128289193,74403365.1607829,-5.918233874593434
"Land With A House In Paknajol On Sale : House For Sale In Paknajol, Kathmandu","Fireflies Hostel, Paknajol, Kathmandu",Kathmandu,55000000,0,0,0.0,0,East,,594,6.2 Aana,10 Meter / Gravelled,10 Meter ,Gravelled,N/A Aana,5 months ago,[],Sale,2121.9500000000003,,25919.555126181105,Paknajol,32.8084,,2.0,1,0,17.822843761378564,7.660561909847957,0.0005807200929152149,25919.555126181105,21420214.66309439,156.7668011971951
"15 Ana Bungalow Budhanilkantha : House For Sale In Budhanilkantha, Kathmandu","na, Budhanilkantha, Kathmandu",Kathmandu,65000000,5,5,3.0,4,South,2069.0,183,15 Aana,14 Feet / Blacktopped,14 Feet ,Blacktopped,5 Aana,5 months ago,"['Air Condition', 'Lawn', 'Garden']",Sale,5133.75,1711.25,12661.309958607257,Budhanilkantha,14.0,2012.0,8.0,0,3,17.989897843244528,8.543786435685758,0.11382113821138211,13184.806428049671,64440518.57377178,0.8682137242389212
"Dhubarahi 8 Ana Home : House For Sale In Dhumbarahi, Kathmandu","Dhumbarahi, Dhumbarahi, Kathmandu",Kathmandu,62000000,7,7,3.0,3,East,2074.0,165,8 Aana,13 Feet / Blacktopped,13 Feet ,Blacktopped,N/A Aana,5 months ago,"['Garden', 'Balcony', 'Garage', 'Frontyard', 'Drainage']",Sale,2738.0,,22644.26588750913,Dhumbarahi,13.0,2017.0,3.0,0,5,17.9426449591384,7.915348169263078,0.008130081300813009,16950.42235582776,54245142.21882689,14.295948842552075
"Bunglow At Chabahil : House For Sale In Chabahil, Kathmandu","Lampokhari Chowk, Chabahil, Kathmandu",Kathmandu,5800000,0,2,2.0,2,North,2060.0,1.1K,10 Aana,18 Feet / Paved,18 Feet ,Paved,4 Aana,5 months ago,"['Lawn', 'Garage', 'Backyard', 'Garden', 'Frontyard', 'TV Cable', 'Solar Water', 'Water Supply', 'Drainage', 'Water Well', 'Water Tank']",Sale,3422.5,1369.0,1694.6676406135866,Chabahil,18.0,2003.0,17.0,0,11,15.573368647930426,8.138418698561118,0.0156794425087108,4515.572083139651,13145896.414695973,-55.87976797446766
"House For Sale In Bafal, Kathmandu","sitapaila, Bafal, Kathmandu",Kathmandu,25500000,0,0,3.5,0,North,2070.0,5.1K,0-4-2-0 Aana,13 Feet / Blacktopped,13 Feet ,Blacktopped,N/A Aana,6 months ago,"['Swimming Pool', 'TV Cable', 'Drainage', 'Water Supply', 'Water Tank', 'Water Well', 'Electricity Backup', 'Internet', 'Parking']",Sale,1540.125,,16557.09763817872,Bafal,13.0,2013.0,7.0,0,9,17.05418904934434,7.340267948188717,0.004645760743321719,16881.74661147634,27644236.390211713,-7.756540495258335
"House For Sale In Dharmasthali, Kathmandu","jharankhu, Dharmasthali, Kathmandu",Kathmandu,13500000,0,0,0.0,1,South East,,1.2K,0-2-2-0 Aana,12 Feet / Blacktopped,12 Feet ,Blacktopped,N/A Aana,6 months ago,[],Sale,855.625,,15777.940102264427,Dharmasthali,12.0,,2.0,1,0,16.41820031748273,6.753000249905988,0.0011614401858304297,8312.63696128561,6636892.211712796,103.40845638829543
"House For Sale In Harisiddhi, Lalitpur","Harisiddhi, Harisiddhi, Lalitpur",Lalitpur,28000000,0,0,0.0,0,South,,1K,0-5-3-0 Aana,20 Feet,20 Feet,Unknown,N/A Sq. Feet,6 months ago,[],Sale,1967.9375,,14228.094134087083,Harisiddhi,20.0,,2.0,1,0,17.147715103853763,7.585249336134321,0.005226480836236934,13580.386629492074,5210025.894888326,437.42535190605156
"Newly Built 🏠 House : House For Sale In Gongabu, Kathmandu","Ganesthan, Gongabu, Kathmandu",Kathmandu,20000000,0,0,0.0,2,East,2076.0,934,3 Aana,14 Feet / Gravelled,14 Feet ,Gravelled,3 Aana,6 months ago,"['Water Supply', 'Parking', 'Balcony']",Sale,1026.75,1026.75,19478.938397857317,Gongabu,14.0,2019.0,1.0,0,3,16.811242881518265,6.935127225777988,0.005807200929152149,18225.10307739723,12699032.198459191,57.49231663832347
"5 Bhk 14 Anna Modern Bungalow For Sale At Budhanilkantha : House For Sale In Budhanilkantha, Kathmandu","Buddha Colony, Budhanilkantha, Kathmandu",Kathmandu,67500000,4,4,2.0,2,East,,651,0-14-0-0 Aana,15 Feet / Blacktopped,15 Feet ,Blacktopped,N/A Aana,6 months ago,"['Lawn', 'Garage', 'Air Condition', 'Backyard', 'Garden', 'Frontyard', 'Fencing', 'Deck', 'Balcony', 'Microwave', 'Modular Kitchen', 'TV Cable', 'Solar Water', 'Water Supply', 'Drainage', 'Wifi', 'Washing Machine', 'Water Well', 'Water Tank', 'Electricity Backup']",Sale,4791.5,,14087.446519878953,Budhanilkantha,15.0,,2.0,1,20,18.02763817065757,8.4748074749198,0.11382113821138211,13184.806428049671,66218127.9981035,1.935832438412052
"5.5 Anna Luxury Brand New House For Sale At Pasikot, Budhanilkantha : House For Sale In Budhanilkantha, Kathmandu","Pasikot, Budhanilkantha, Kathmandu",Kathmandu,32500000,4,4,2.0,2,East,2076.0,2.8K,0-5.5-0-0 Aana,15 Feet / Gravelled,15 Feet ,Gravelled,N/A Aana,6 months ago,"['Lawn', 'Garage', 'Backyard', 'Garden', 'Frontyard', 'Fencing', 'Deck', 'Gym', 'Modular Kitchen', 'TV Cable', 'Wifi', 'Drainage', 'Water Supply', 'Solar Water', 'Water Tank']",Sale,1882.375,,17265.422670828077,Budhanilkantha,15.0,2019.0,1.0,0,15,17.296750678069195,7.540820659121453,0.11382113821138211,13184.806428049671,32484101.767245866,0.04894158030918384
"Royal Neo Classical Bungalow For Sale At Golfutar, Budhanilkantha : House For Sale In Golfutar, Kathmandu","SundarBasti, Golfutar, Kathmandu",Kathmandu,35000000,4,4,2.0,2,East,2073.0,775,0-7-0-0 Aana,15 Feet / Gravelled,15 Feet ,Gravelled,N/A Aana,6 months ago,"['Lawn', 'Garage', 'Air Condition', 'Backyard', 'Garden', 'Frontyard', 'Fencing', 'Deck', 'Balcony', 'Microwave', 'Modular Kitchen', 'TV Cable', 'Solar Water', 'Water Supply', 'Drainage', 'Wifi', 'Washing Machine', 'Water Tank']",Sale,2395.75,,14609.203798392988,Golfutar,15.0,2016.0,4.0,0,18,17.370858648025116,7.781868931957106,0.018002322880371662,15420.826231637042,37368519.88070423,-6.338275875698386
"5 Bhk 4.2 Anna Modern Brand New Bungalow For Sale At Budhanilkantha : House For Sale In Budhanilkantha, Kathmandu","budhanilkantha, Budhanilkantha, Kathmandu",Kathmandu,31000000,4,4,2.0,1,East,2076.0,679,0-4.2-0-0 Aana,14 Feet / Blacktopped,14 Feet ,Blacktopped,N/A Aana,6 months ago,"['Lawn', 'Garage', 'Backyard', 'Garden', 'Frontyard', 'Deck', 'Fencing', 'Modular Kitchen', 'TV Cable', 'Solar Water', 'Water Supply', 'Drainage', 'Wifi', 'Washing Machine', 'Water Well']",Sale,1437.45,,21565.967511913455,Budhanilkantha,14.0,2019.0,1.0,0,15,17.249497794707484,7.271321423958596,0.11382113821138211,13184.806428049671,28677558.950675435,8.09846142525274
"Brand New House For Sale At Sukedhara In 18 Feet Road, Near Main Road : House For Sale In Sukedhara, Kathmandu","Sukedhara, Sukedhara, Kathmandu",Kathmandu,32500000,4,4,2.0,1,East,2076.0,324,0-3.3-0-0 Aana,18 Feet / Blacktopped,18 Feet ,Blacktopped,N/A Aana,6 months ago,"['Garage', 'Backyard', 'Frontyard', 'Fencing', 'Balcony', 'Modular Kitchen', 'Solar Water', 'Water Supply', 'Drainage', 'Wifi', 'Washing Machine', 'Water Tank']",Sale,1129.425,,28775.704451380127,Sukedhara,18.0,2019.0,1.0,0,12,17.296750678069195,7.030348947190871,0.013356562137049941,20452.885317750184,29497638.14338009,10.17831272465353
"3.1 Anna New House For Sale At Mandikatar, 1 Km From Dhumbarahi Chowk. : House For Sale In Mandikatar, Kathmandu","Mandikatar, Mandikatar, Kathmandu",Kathmandu,20000000,4,4,3.0,1,East,2074.0,1.3K,0-3.1-0-0 Aana,15 Feet / Blacktopped,15 Feet ,Blacktopped,N/A Aana,6 months ago,"['Garage', 'Backyard', 'Fencing', 'Water Supply', 'Water Tank', 'Wifi']",Sale,1060.9750000000001,,18850.58554631353,Mandikatar,15.0,2017.0,3.0,0,6,16.811242881518265,6.967885661035161,0.008130081300813009,18691.53373076651,21399244.222742505,-6.538755332561832
"4.5 Anna Beautiful Brand New House For Sale At Sukedhara Inside Colony : House For Sale In Sukedhara, Kathmandu","sukedhara, Sukedhara, Kathmandu",Kathmandu,35000000,2,3,0.0,4,East,,239,0-4.5-0-0 Aana,15 Feet / Blacktopped,15 Feet ,Blacktopped,N/A Aana,6 months ago,"['Garage', 'Backyard', 'Garden', 'Frontyard', 'Fencing', 'Deck', 'Modular Kitchen', 'Water Supply', 'Drainage', 'Wifi', 'Water Tank']",Sale,1540.125,,22725.428130833538,Sukedhara,15.0,,2.0,1,11,17.370858648025116,7.340267948188717,0.013356562137049941,20452.885317750184,31919933.48971983,9.649351278479761
"4 Anna Modern Semi Bungalow For Sale At Golfutar 30 Feet Main Road. : House For Sale In Golfutar, Kathmandu","Golfutar, Golfutar, Kathmandu",Kathmandu,32500000,4,3,3.0,1,East,,466,0-4-0-0 Aana,30 Feet / Blacktopped,30 Feet ,Blacktopped,N/A Aana,6 months ago,"['Lawn', 'Garage', 'Backyard', 'Garden', 'Frontyard', 'Fencing', 'Balcony', 'Modular Kitchen', 'TV Cable', 'Solar Water', 'Water Supply', 'Drainage', 'Wifi', 'Water Tank']",Sale,1369.0,,23739.956172388604,Golfutar,30.0,,2.0,1,14,17.296750678069195,7.222566018822171,0.018002322880371662,15420.826231637042,28840049.311157383,12.690514670606639
"House For Sale In Budhanilkantha, Kathmandu","Budhanilkantha, Budhanilkantha, Kathmandu",Kathmandu,22000000,10,0,3.0,0,North,,871,5 Aana,15 Feet / Blacktopped,15 Feet ,Blacktopped,N/A Sq. Feet,6 months ago,[],Sale,1711.25,,12856.099342585829,Budhanilkantha,15.0,,2.0,1,0,16.906553056777135,7.445563574078014,0.11382113821138211,13184.806428049671,23743698.53648366,-7.3438370766220755
"6 Anna Brand New Semi Bungalow At Rudreshwor In 33 Feet Road : House For Sale In Budhanilkantha, Kathmandu","Rudreshwor, Budhanilkantha, Kathmandu",Kathmandu,35000000,4,4,3.0,2,East,2076.0,255,0-6-0-0 Aana,33 Feet / Blacktopped,33 Feet ,Blacktopped,N/A Aana,6 months ago,"['Garage', 'Backyard', 'Garden', 'Frontyard', 'Fencing', 'Balcony', 'Wifi', 'Drainage', 'Water Supply', 'Electricity Backup']",Sale,2053.5,,17044.07109812515,Budhanilkantha,33.0,2019.0,1.0,0,10,17.370858648025116,7.627787788323465,0.11382113821138211,13184.806428049671,35476952.9787467,-1.3444023195352408
"K Yo Ghar Tapaiko Lagi Ho? : House For Sale In Tokha, Kathmandu","Tokha, Kathmandu, Tokha, Kathmandu",Kathmandu,26000000,0,0,3.0,1,East,2076.0,1.6K,4 Aana,12 Feet / Gravelled,12 Feet ,Gravelled,3-4 Aana,6 months ago,"['Water Supply', 'Water Tank', 'Drainage', 'Solar Water', 'Parking', 'Garden']",Sale,1369.0,1369.0,18991.964937910885,Tokha,12.0,2019.0,1.0,0,6,17.073607134447293,7.222566018822171,0.020905923344947737,15806.346887427968,25203754.387417678,3.1592341376720734
"Just Built Semi - Commercial House : House For Sale In Baniyatar, Kathmandu","Dhaneshwore, Baniyatar, Kathmandu",Kathmandu,26500000,0,0,3.0,1,South East,,252,4 Aana,14 Feet / Blacktopped,14 Feet ,Blacktopped,3-4 Aana,6 months ago,"['Garden', 'Parking', 'Water Tank', 'Parking', 'Drainage', 'Drainage', 'Water Supply', 'Water Supply', 'Water Tank', 'Solar Water']",Sale,1369.0,1369.0,19357.19503287071,Baniyatar,14.0,,2.0,1,10,17.0926553286923,7.222566018822171,0.004645760743321719,19028.487947406866,29641667.644930057,-10.598822180193398
"House For Sale In Thankot, Kathmandu","dauradipo haiway, Thankot, Kathmandu",Kathmandu,11500000,0,0,0.0,0,East,,596,0-3-2-0 Aana,13 Feet / Blacktopped,13 Feet ,Blacktopped,N/A Aana,6 months ago,[],Sale,1197.875,,9600.333924658249,Thankot,13.0,,2.0,1,0,16.257857680289998,7.089138896048115,0.005807200929152149,4704.1636230825425,4940568.647417472,132.76672829981356
"House For Sale In Balkhu, Kathmandu","Trishakti Petrol Pump, Balkhu, Kathmandu",Kathmandu,60000000,0,0,4.0,0,South,,575,5.1 Aana,0 Feet,0 Feet,Unknown,N/A Sq. Feet,6 months ago,[],Sale,1745.475,,34374.597172689384,Balkhu,0.0,,2.0,1,0,17.909855136853043,7.465354749801464,0.003484320557491289,14435.284705554976,40583645.6999114,47.84280457122902
"House For Sale In Banasthali, Kathmandu","Banasthali, Banasthali, Kathmandu",Kathmandu,37000000,7,6,4.0,1,South,2016.0,609,0-5-0-0 Aana,16 Feet / Blacktopped,16 Feet ,Blacktopped,3525 Sq. Feet,6 months ago,"['Washing Machine', 'Solar Water', 'Water Tank', 'Internet', 'Microwave', 'Parking', 'Water Well', 'Water Supply', 'Drainage', 'TV Cable']",Sale,1711.25,3525.0,21621.62162162162,Banasthali,16.0,2016.0,4.0,0,10,17.426428497635523,7.445563574078014,0.005226480836236934,20071.775653444278,36013385.47091161,2.739577288242706
"8 Anna Land On Sale At Ramkot -7 , Nagarjun : Land For Sale In Ramkot, Kathmandu","ramkot, Ramkot, Kathmandu",Kathmandu,1200000,0,0,0.0,0,North,,802,8 Aana,20 Feet / Gravelled,20 Feet ,Gravelled,N/A Aana,6 months ago,[],Sale,2738.0,,438.2761139517896,Ramkot,20.0,,2.0,1,0,13.997832948091215,7.915348169263078,0.004645760743321719,10774.28780131483,4876544.7516073175,-75.39241284303854
"House For Sale In Hetauda, Makwanpur","Rai Tol, Hetauda, Makwanpur",Makwanpur,16000000,0,0,0.0,0,North,,513,8 Dhur,15 Feet,15 Feet,Unknown,N/A Sq. Feet,6 months ago,[],Sale,1458.0,,10973.936899862825,Hetauda,15.0,,2.0,1,0,16.588099342704055,7.285506548522785,0.004645760743321719,301.7832647462277,4279871.80082759,273.84297344855315
"Land For Sale In Balaju, Kathmandu","Lolang, Balaju, Kathmandu",Kathmandu,900000,0,0,0.0,0,South,,508,3 Aana,10 Feet / Paved,10 Feet ,Paved,N/A Sq. Feet,6 months ago,[],Sale,1026.75,,876.5522279035793,Balaju,10.0,,2.0,1,0,13.710151153416941,6.935127225777988,0.007549361207897794,8249.903321445452,3139337.878827272,-71.33153439552026
"Land For Sale In Biratnagar, Morang","Jhorahat Bazar, Biratnagar, Morang",Morang,200000,0,0,0.0,0,North,,386,12 Dhur,15 Feet,15 Feet,Unknown,N/A Sq. Feet,6 months ago,[],Sale,2187.0,,91.44947416552355,Biratnagar,15.0,,2.0,1,0,12.206077645517674,7.690743163541872,0.0005807200929152149,91.44947416552355,355386.3533489705,-43.72321893755705
"House For Sale In Lokanthali, Bhaktapur","Lokanthali, Lokanthali, Bhaktapur",Bhaktapur,27000000,16,3,3.0,0,North,,867,6 Aana,13 Feet / Blacktopped,13 Feet ,Blacktopped,N/A Aana,6 months ago,[],Sale,2053.5,,13148.283418553689,Lokanthali,13.0,,2.0,1,0,17.11134746100564,7.627787788323465,0.0023228803716608595,14019.348621556463,27153534.046579614,-0.5654293334938999
"House For Sale In Bharatpur, Chitwan","Bhojad, Bharatpur, Chitwan",Chitwan,50000000,0,0,0.0,0,North,,788,2 Kattha,6 Meter / Blacktopped,6 Meter ,Blacktopped,N/A Sq. Feet,6 months ago,[],Sale,7290.0,,6858.710562414266,Bharatpur,19.68504,,2.0,1,0,17.72753358339242,8.89439598980643,0.008710801393728223,6858.710562414266,15997465.151830366,212.54951659812932
"Land For Sale In Suryabinayak, Bhaktapur","Sirutar, Suryabinayak, Bhaktapur",Bhaktapur,1800000,0,0,0.0,0,North,,614,0-3-3-0 Aana,10 Feet / Gravelled,10 Feet ,Gravelled,N/A Sq. Feet,6 months ago,[],Sale,1283.4375,,1402.4835646457268,Suryabinayak,10.0,,2.0,1,0,14.403297778421795,7.158076158301139,0.0029036004645760743,1186.444429687673,1695632.5199313988,6.155076577136163
"Land For Sale In Imadol, Lalitpur","Ochu Height, Imadol, Lalitpur",Lalitpur,3700000,0,0,0.0,0,South West,,8.1K,5 Aana,40 Feet / Gravelled,40 Feet ,Gravelled,N/A Aana,6 months ago,[],Sale,1711.25,,2162.162162162162,Imadol,40.0,,2.0,1,0,15.123843647884687,7.445563574078014,0.050522648083623695,16278.8270896379,3549465.6441122345,4.241042764774134
"House And Land Sale In Kirtipur, Kathmandu : House For Sale In Machhegaun, Kirtipur","Kirtipur, Bhatkyapati, Machhegaun, Kirtipur",Kirtipur,15000000,0,2,3.0,0,South,,874,5.5 aana Aana,12 Feet,12 Feet,Unknown,2.5 Aana,6 months ago,"['Balcony', 'Garden', 'Frontyard', 'TV Cable', 'Wifi', 'Water Supply', 'Electricity Backup', 'Internet', 'Water Tank', 'Modular Kitchen']",Sale,1882.375,855.625,7968.656617305266,Machhegaun,12.0,,2.0,1,10,16.52356082573315,7.540820659121453,0.003484320557491289,1344.046749452155,16682115.421223009,-10.083346019072735
"Land For Sale In Hetauda, Makwanpur","bagmati gaupalika, Hetauda, Makwanpur",Makwanpur,2500000,0,0,0.0,0,East,,761,10 Kattha,25 Feet / Blacktopped,25 Feet ,Blacktopped,N/A Sq. Feet,6 months ago,[],Sale,36450.0,,68.58710562414267,Hetauda,25.0,,2.0,1,0,14.731801689838349,10.503724171902725,0.004645760743321719,301.7832647462277,3951812.142580173,-36.73788353796271
"House For Sale In Imadol, Lalitpur","Changathali, Imadol, Lalitpur",Lalitpur,6500000,2,1,2.0,0,West,,1K,3 Aana,5 Feet / Gravelled,5 Feet ,Gravelled,N/A Sq. Feet,6 months ago,[],Sale,1026.75,,6330.654979303628,Imadol,5.0,,2.0,1,0,15.687312888712007,6.935127225777988,0.050522648083623695,16278.8270896379,8364404.438223191,-22.289745217284555
"Sukedhra Ektabasti House In Sell : House For Sale In Ekatabasti, Kathmandu","House, Ekatabasti, Kathmandu",Kathmandu,27500000,7,0,3.0,2,East,2019.0,2.1K,4.5 Aana,13 Feet / Blacktopped,13 Feet ,Blacktopped,3.5 Aana,6 months ago,['Air Condition'],Sale,1540.125,1197.875,17855.69353136921,Ekatabasti,13.0,2019.0,1.0,0,1,17.129696599000436,7.340267948188717,0.0023228803716608595,20482.767780065078,28186464.219640225,-2.435439274294998
"House For Sale In Golfutar, Kathmandu","Golfutar, Golfutar, Kathmandu",Kathmandu,18000000,6,4,3.0,2,East,2019.0,1.6K,3 Aana,13 Feet / Gravelled,13 Feet ,Gravelled,2 Aana,6 months ago,['Air Condition'],Sale,1026.75,684.5,17531.044558071586,Golfutar,13.0,2019.0,1.0,0,1,16.705882371415992,6.935127225777988,0.018002322880371662,15420.826231637042,19579279.206931904,-8.066074293341561
"House For Sale In Naya Bazar, Kathmandu","Rayamajhi, Naya Bazar, Kathmandu",Kathmandu,32000000,8,4,0.0,1,North,,820,0-3-1-0 Aana,0 Feet,0 Feet,Unknown,N/A Aana,6 months ago,"['Balcony', 'Backyard', 'Frontyard', 'Fencing', 'Modular Kitchen', 'Water Supply', 'Water Well', 'Solar Water', 'Drainage', 'Electricity Backup', 'Parking', 'Store Room', 'Water Tank']",Sale,1112.3125,,28768.8936337585,Naya Bazar,0.0,,2.0,1,13,17.281246492014,7.015095084552704,0.005807200929152149,9203.798392987583,27946985.49799901,14.502510484686033
"Modern Bungalow : House For Sale In Kusunti, Lalitpur","kusunti, Kusunti, Lalitpur",Lalitpur,38500000,4,4,3.0,3,North West,2019.0,34.5K,0-5-2-2 Aana,13 Feet / Blacktopped,13 Feet ,Blacktopped,2200 Sq. Feet,6 months ago,"['Lawn', 'Balcony', 'Frontyard', 'Garden', 'Modular Kitchen', 'TV Cable', 'Water Supply', 'Water Tank', 'Water Well']",Sale,1925.15625,2200.0,19998.37675513351,Kusunti,13.0,2019.0,1.0,0,9,17.46616882523204,7.563281715754914,0.0011614401858304297,10796.054039297282,33478486.68934536,14.999224299623895
"House For Sale In Greenhill City, Mulpani, Kathmandu","638, Greenhill city, Mulpani, Kathmandu",Kathmandu,35000000,4,4,4.0,1,East,2019.0,861,4 Aana,22 Feet / Blacktopped,22 Feet ,Blacktopped,3 Aana,6 months ago,"['Balcony', 'Fencing', 'Garden', 'Modular Kitchen', 'TV Cable', 'Wifi', 'Drainage', 'Water Supply', 'Solar Water', 'Water Tank', 'Water Well', 'Electricity Backup', 'Internet', 'Maintenance']",Sale,1369.0,1026.75,25566.106647187728,Mulpani,22.0,2019.0,1.0,0,14,17.370858648025116,7.222566018822171,0.007549361207897794,1623.2448664881097,32371379.782203674,8.120198259950053
"House For Sale In Kapan, Kathmandu","akatabasti, Kapan, Kathmandu",Kathmandu,18200000,0,0,0.0,0,East,,1.6K,0-3-0-0 Aana,13 Feet / Blacktopped,13 Feet ,Blacktopped,N/A Sq. Feet,6 months ago,[],Sale,1026.75,,17725.833942050158,Kapan,13.0,,2.0,1,0,16.716932206992077,6.935127225777988,0.023228803716608595,14052.66270131135,7707307.428196382,136.13953601250154
"Urgent House On Sale : House For Sale In Pepsicola, Kathmandu","Harharmahadev, Pepsicola, Kathmandu",Kathmandu,13500000,4,3,3.0,1,South East,2019.0,5.5K,2.5 Aana,13 Feet / Gravelled,13 Feet ,Gravelled,2.5 Aana,6 months ago,"['Water Tank', 'Water Well', 'Parking']",Sale,855.625,855.625,15777.940102264427,Pepsicola,13.0,2019.0,1.0,0,3,16.41820031748273,6.753000249905988,0.009291521486643438,3246.4897329762193,14810796.76203334,-8.850278503540707
"Land For Sale In Itahari, Sunsari","Itahari, Itahari, Sunsari",Sunsari,600000,0,0,0.0,0,North,,666,18 Dhur,20 Feet / Blacktopped,20 Feet ,Blacktopped,N/A Sq. Feet,6 months ago,[],Sale,3280.5,,182.8989483310471,Itahari,20.0,,2.0,1,0,13.304686600863562,8.096055913913778,0.0023228803716608595,3017.8326474622772,2403256.780232886,-75.03387882081175
"House For Sale In DDC Chowk, Biratnagar","Tintoliya, DDC Chowk, Biratnagar",Biratnagar,8000000,3,1,2.0,1,North East,,644,9 Dhur,13 Feet / Blacktopped,13 Feet ,Blacktopped,9 Dhur,6 months ago,[],Sale,1640.25,1640.25,4877.305288827923,DDC Chowk,13.0,,2.0,1,0,15.894952224644102,7.403213425617006,0.0005807200929152149,4877.305288827923,10219747.422819875,-21.72017889466972
"Land For Sale In Butwal, Butwal","Manglapur Chowk, Butwal, Butwal",Butwal,2500000,0,0,0.0,0,West,,569,18/32 Haat,15 Feet / Gravelled,15 Feet ,Gravelled,N/A Sq. Feet,6 months ago,[],Sale,1296.0,,1929.0123456790122,Butwal,15.0,,2.0,1,0,14.731801689838349,7.167809184316444,0.003484320557491289,559.4993141289438,1371113.4456437442,82.3335631302367
"House For Sale In Bharatpur, Chitwan","Bhojad, Bharatpur, Chitwan",Chitwan,7500000,2,1,1.0,2,East,2072.0,731,6 Dhur,6 Meter / Blacktopped,6 Meter ,Blacktopped,N/A Sq. Feet,6 months ago,"['Lawn', 'Garden', 'TV Cable', 'Water Well', 'Electricity Backup', 'Internet', 'Parking']",Sale,1093.5,,6858.710562414266,Bharatpur,19.68504,2015.0,5.0,0,7,15.830413711839864,6.9980529169629175,0.008710801393728223,6858.710562414266,7746560.768977894,-3.1828417323630758
"Land For Sale In Dhumbarahi, Kathmandu","Dhumbarahi, Dhumbarahi, Kathmandu",Kathmandu,5700000,0,0,0.0,0,West,,193,0-6-3-0 Aana,24 Feet / Gravelled,24 Feet ,Gravelled,N/A Sq. Feet,6 months ago,[],Sale,2310.1875,,2467.3321970619268,Dhumbarahi,24.0,,2.0,1,0,15.555976908243359,7.745516740691571,0.008130081300813009,16950.42235582776,4510632.8972284375,26.36807583038669
"Land For Sale In Goldhunga, Kathmandu","Goldhunga, Goldhunga, Kathmandu",Kathmandu,2000000,0,0,0.0,0,West,,267,3 Aana,13 Feet / Soil Stabilized,13 Feet ,Soil Stabilized,N/A Sq. Feet,6 months ago,[],Sale,1026.75,,1947.8938397857316,Goldhunga,13.0,,2.0,1,0,14.508658238524095,6.935127225777988,0.005226480836236934,5064.523983442902,2235772.2278959346,-10.545449350975156
"Land For Sale In Thankot, Kathmandu","Chandragiri Cable Car, Thankot, Kathmandu",Kathmandu,1150000,0,0,0.0,0,East,,581,0-8-0-0 Aana,13 Feet / Soil Stabilized,13 Feet ,Soil Stabilized,N/A Aana,6 months ago,[],Sale,2738.0,,420.0146092037984,Thankot,13.0,,2.0,1,0,13.955273369904273,7.915348169263078,0.005807200929152149,4704.1636230825425,2515903.35148243,-54.290771967754935
"Land For Sale In Thankot, Kathmandu","Chandragiri Cable Car, Thankot, Kathmandu",Kathmandu,1050000,0,0,0.0,0,South,,681,0-7-2-0 Aana,13 Feet / Blacktopped,13 Feet ,Blacktopped,N/A Sq. Feet,6 months ago,[],Sale,2566.875,,409.05770635500363,Thankot,13.0,,2.0,1,0,13.864301674514206,7.850833987612675,0.005807200929152149,4704.1636230825425,4193023.38752337,-74.95840344882532
"House On Sale In Bhimsengola, Old Baneswor Saypatri Tole : House For Sale In Battisputali, Kathmandu","House No 21 Satapatri Tole, Battisputali, Kathmandu",Kathmandu,18000000,0,3,3.0,1,East,,784,0-3-1-1 Aana,9 Feet / Paved,9 Feet ,Paved,2.2 Aana,6 months ago,"['Backyard', 'TV Cable', 'Drainage', 'Water Supply', 'Balcony']",Sale,1133.703125,752.95,15877.172429951625,Battisputali,9.0,,2.0,1,5,16.705882371415992,7.034126331825054,0.0005807200929152149,15877.172429951625,18021414.839847036,-0.11882995889804107
"House For Sale In Sano Gaun, Lalitpur","Sanogaun, Sano Gaun, Lalitpur",Lalitpur,14500000,0,0,0.0,0,West,,823,3 Aana,13 Feet / Gravelled,13 Feet ,Gravelled,N/A Sq. Feet,6 months ago,[],Sale,1026.75,,14122.230338446554,Sano Gaun,13.0,,2.0,1,0,16.489659276356317,6.935127225777988,0.0005807200929152149,14122.230338446554,5435506.422290648,166.76447185374428
"Land For Sale In Kirtipur, Kathmandu","Rarahil Memorial School, Kirtipur, Kathmandu",Kathmandu,1900000,0,0,0.0,0,West,,309,5 Aana,12 Feet / Soil Stabilized,12 Feet ,Soil Stabilized,N/A Aana,6 months ago,[],Sale,1711.25,,1110.299488677867,Kirtipur,12.0,,2.0,1,0,14.45736497045232,7.445563574078014,0.008710801393728223,1168.736303871439,1631870.0161690516,16.43084198951124
"Land For Sale In Pokhara, Pokhara","Bajhapatan, Pokhara, Pokhara",Pokhara,11000000,0,0,0.0,0,East,,378,20*40 Haat,15 Feet / Soil Stabilized,15 Feet ,Soil Stabilized,N/A Sq. Feet,6 months ago,[],Sale,1800.0,,6111.111111111111,Pokhara,15.0,,2.0,1,0,16.213405921671733,7.496097345175956,0.011033681765389082,3638.0896618566194,3748057.681033114,193.48534457367163
"House For Sale In Budhanilkantha, Kathmandu","Rudreshwor Chowk Bus Stop, Budhanilkantha, Kathmandu",Kathmandu,45000000,0,0,0.0,0,South,,2.2K,8 Aana,15 Feet / Soil Stabilized,15 Feet ,Soil Stabilized,N/A Sq. Feet,7 months ago,[],Sale,2738.0,,16435.35427319211,Budhanilkantha,15.0,,2.0,1,0,17.622173069956816,7.915348169263078,0.11382113821138211,13184.806428049671,7206492.706188212,524.4369048116641
"House For Sale In Budhanilkantha, Kathmandu","Rudreshwor Chowk Bus Stop, Budhanilkantha, Kathmandu",Kathmandu,49500000,0,0,0.0,0,South,,3.3K,9 Aana,15 Feet / Blacktopped,15 Feet ,Blacktopped,N/A Sq. Feet,7 months ago,"['Balcony', 'Frontyard', 'Modular Kitchen', 'TV Cable', 'Wifi', 'Drainage', 'Water Supply', 'Solar Water', 'Water Tank', 'Water Well', 'Parking', 'Store Room']",Sale,3080.25,,16070.124178232287,Budhanilkantha,15.0,,2.0,1,12,17.71748324774094,8.033090637791,0.11382113821138211,13184.806428049671,49059137.48435267,0.898634868556223
"House For Sale Satdobato Only Land Cost! : House For Sale In Satdobato, Lalitpur","Khumaltar Height, Satdobato, Lalitpur",Lalitpur,70000000,3,3,2.0,4,East,2050.0,896,0-10-0-0 Aana,20 Feet / Blacktopped,20 Feet ,Blacktopped,2000 Sq. Feet,7 months ago,[],Sale,3422.5,2000.0,20452.885317750184,Satdobato,20.0,1993.0,27.0,0,0,18.064005814299346,8.138418698561118,0.0023228803716608595,11040.704521399502,56031454.54008427,24.92982838759395
"House For Sale On Only Land Cost @ Shantinagar Kathmandu! : House For Sale In Shantinagar, Kathmandu","Shantingar Gate, Shantinagar, Kathmandu",Kathmandu,70000000,4,3,3.0,4,East,2049.0,989,0-9-2-0 Aana,20 Feet / Blacktopped,20 Feet ,Blacktopped,2500 Sq. Feet,7 months ago,[],Sale,3251.375,2500.0,21529.352966052822,Shantinagar,20.0,1992.0,28.0,0,0,18.064005814299346,8.08714077767273,0.0029036004645760743,19104.343428667755,58512886.93737042,19.63176603288242
"9 Aana Chaauni Land On Dashain Tihar Offer Urgent Sale : Land For Sale In Chhauni, Kathmandu","31, Chhauni, Kathmandu",Kathmandu,4300000,0,0,0.0,0,North,,435,9 Aana,9 Feet / Paved,9 Feet ,Paved,N/A Aana,7 months ago,[],Sale,3080.25,,1395.9905851797744,Chhauni,9.0,,2.0,1,0,15.274125813221904,8.033090637791,0.0023228803716608595,10574.280844551115,4879186.570527694,-11.870555924756408
"House Sale At Sanepa, Land Cost Only : House For Sale In Sanepa, Lalitpur","Lower Sanepa, Sanepa, Lalitpur",Lalitpur,25000000,3,5,0.0,1,East,,1.7K,0-4-0-0 Aana,20 Feet / Blacktopped,20 Feet ,Blacktopped,2300 Sq. Feet,7 months ago,[],Sale,1369.0,2300.0,18261.504747991235,Sanepa,20.0,,2.0,1,0,17.034386422832473,7.222566018822171,0.009872241579558653,3756.652405301054,25447589.975012865,-1.7588698004500862
"Akarsak Thau Ko Ghar Bikri Ma!! : House For Sale In Imadol, Lalitpur","imadol 2, Lalitpur, Imadol, Lalitpur",Lalitpur,16000000,16,4,4.0,1,East,2063.0,645,4 Aana,10 Feet / Concrete,10 Feet ,Concrete,4 Sq. Feet,7 months ago,[],Sale,1369.0,4.0,11687.36303871439,Imadol,10.0,2006.0,14.0,0,0,16.588099342704055,7.222566018822171,0.050522648083623695,16278.8270896379,18562414.254480798,-13.80431564208979
"House For Sale In Imadol, Lalitpur","Sanogaun, Imadol, Lalitpur",Lalitpur,13500000,3,9,3.0,0,North East,2076.0,1.5K,0-2-3-0 Aana,10 Feet / Soil Stabilized,10 Feet ,Soil Stabilized,N/A Sq. Feet,7 months ago,"['Modular Kitchen', 'Wifi', 'Drainage', 'Water Supply', 'Water Tank', 'Water Well', 'Parking']",Sale,941.1875,,14343.581911149478,Imadol,10.0,2019.0,1.0,0,7,16.41820031748273,6.848204299355605,0.050522648083623695,16278.8270896379,18561709.477361206,-27.269629898769406
"House For Sale In Imadol, Lalitpur","Sana Gaun, Imadol, Lalitpur",Lalitpur,12000000,2,1,1.0,0,North East,,4.4K,0-3-0-1 Aana,12 Feet / Soil Stabilized,12 Feet ,Soil Stabilized,N/A Sq. Feet,7 months ago,[],Sale,1048.140625,,11448.845425679403,Imadol,12.0,,2.0,1,0,16.300417291085605,6.955726655655604,0.050522648083623695,16278.8270896379,7515688.789421552,59.66600449036934
"Land For Sale In Bhaisepati, Lalitpur","sainbu sital colony, Bhaisepati, Lalitpur",Lalitpur,2700000,0,0,0.0,0,North East,,10K,0-6-2-0 Aana,16 Feet / Blacktopped,16 Feet ,Blacktopped,N/A Aana,7 months ago,"['Drainage', 'Water Well', 'Electricity Backup']",Sale,2224.625,,1213.6877001741866,Bhaisepati,16.0,,2.0,1,3,14.80876270134486,7.7077930540320425,0.02264808362369338,10000.0,6953434.051550768,-61.17026522459301
"Mandikatar House In Sell : House For Sale In Mandikatar, Kathmandu","House, Mandikatar, Kathmandu",Kathmandu,27800000,6,3,3.0,2,East,2019.0,3.9K,5 Aana,13 Feet / Gravelled,13 Feet ,Gravelled,4 Aana,7 months ago,['Air Condition'],Sale,1711.25,1369.0,16245.434623813002,Mandikatar,13.0,2019.0,1.0,0,1,17.140546614632086,7.445563574078014,0.008130081300813009,18691.53373076651,28517103.770416196,-2.5146444610554175
"House For Sale At Civil Homes, Dhapakhel : House For Sale In Dhapakhel, Lalitpur","Civil Homes, Dhapakhel, Lalitpur",Lalitpur,36000000,3,3,0.0,2,East,2065.0,1.2K,0-6-2-0 Aana,20 Feet / Blacktopped,20 Feet ,Blacktopped,2000 Sq. Feet,7 months ago,[],Sale,2224.625,2000.0,16182.502668989155,Dhapakhel,20.0,2008.0,12.0,0,0,17.399029524198163,7.7077930540320425,0.005807200929152149,14214.98718796016,31184276.476169046,15.442793830766345
"5 Ropani Land For Sale At Golfutar! : Land For Sale In Golfutar, Kathmandu","Golfutar basketball ground, Golfutar, Kathmandu",Kathmandu,3800000,0,0,0.0,0,West,,433,5-0-0-0 Ropani,20 Feet / Blacktopped,20 Feet ,Blacktopped,N/A Ropani,7 months ago,[],Sale,27380.0,,138.78743608473337,Golfutar,20.0,,2.0,1,0,15.150511887854474,10.217604621184988,0.018002322880371662,15420.826231637042,4562402.4080102155,-16.710547203632554
"Flat System House For Sale At Ghattekulo Kathmandu. : House For Sale In Ghattekulo, Kathmandu","Ghattekulo, Ghattekulo, Kathmandu",Kathmandu,100000000,8,9,4.0,4,South,2065.0,1.5K,0-13-2-0 Aana,13 Feet / Blacktopped,13 Feet ,Blacktopped,4500 Sq. Feet,7 months ago,[],Sale,4620.375,4500.0,21643.26488650813,Ghattekulo,13.0,2008.0,12.0,0,0,18.420680753952364,8.43844755884364,0.0005807200929152149,21643.26488650813,90545161.75010459,10.442124203157091
"House For Sale At Only Land Cost @ Baneshwor! : House For Sale In Old Baneshwor, Kathmandu","Bhimsengola, Old Baneshwor, Kathmandu",Kathmandu,60000000,6,3,0.0,4,South,2050.0,1.7K,0-8-5-0 Aana,20 Feet / Blacktopped,20 Feet ,Blacktopped,2500 Sq. Feet,7 months ago,[],Sale,3165.8125,2500.0,18952.480603320633,Old Baneshwor,20.0,1993.0,27.0,0,0,17.909855136853043,8.060480840491712,0.0023228803716608595,11476.240301660317,57217247.56915973,4.863485310922542
"Urgent Sale Land 5 Aana : Land For Sale In Raniban, Kathmandu","Raniban, Raniban, Kathmandu",Kathmandu,4000000,0,0,0.0,0,North East,,566,0-4-3-2 Aana,20 Feet / Blacktopped,20 Feet ,Blacktopped,N/A Aana,7 months ago,[],Sale,1668.46875,,2397.407802813208,Raniban,20.0,,2.0,1,0,15.201805169084134,7.420260741029426,0.0023228803716608595,6853.879565300664,5186041.776890726,-22.869884738988997
"BUDHANILKANTHA BUNGALOW : House For Sale In Budhanilkantha, Kathmandu","NA, Budhanilkantha, Kathmandu",Kathmandu,65000000,5,5,3.0,3,South East,2075.0,951,15 Aana,13 Feet / Soil Stabilized,13 Feet ,Soil Stabilized,N/A Aana,7 months ago,"['Modular Kitchen', 'Drainage', 'Wifi', 'Water Supply', 'Solar Water', 'Balcony', 'Backyard', 'Garden', 'Frontyard']",Sale,5133.75,,12661.309958607257,Budhanilkantha,13.0,2018.0,2.0,0,9,17.989897843244528,8.543786435685758,0.11382113821138211,13184.806428049671,66030569.13841683,-1.5607455029752846
"HEPALI GOLFUTAR HOME : House For Sale In Golfutar, Kathmandu","NA, Golfutar, Kathmandu",Kathmandu,56000000,6,6,3.0,3,East,2074.0,1.4K,10 Aana,20 Feet / Soil Stabilized,20 Feet ,Soil Stabilized,3600 Sq. Feet,7 months ago,"['Drainage', 'Water Supply', 'Solar Water', 'Wifi', 'Modular Kitchen', 'TV Cable', 'Washing Machine', 'Air Condition']",Sale,3422.5,3600.0,16362.308254200147,Golfutar,20.0,2017.0,3.0,0,8,17.840862266556567,8.138418698561118,0.018002322880371662,15420.826231637042,54677965.50601467,2.4178560444790262
"CHAPALI , BUDHANILKANTHA BUNGALOW : House For Sale In Budhanilkantha, Kathmandu","NA, Budhanilkantha, Kathmandu",Kathmandu,44500000,6,5,3.0,3,South East,2076.0,933,8.1 Aana,15 Feet / Blacktopped,15 Feet ,Blacktopped,N/A Aana,7 months ago,"['Garden', 'Modular Kitchen', 'TV Cable', 'Water Supply', 'Solar Water', 'Drainage', 'Wifi', 'Balcony']",Sale,2772.225,,16052.088124160196,Budhanilkantha,15.0,2019.0,1.0,0,8,17.61099976960838,7.927766181884185,0.11382113821138211,13184.806428049671,46335698.160773724,-3.9617362716847246
"HATTIGAUDA BUNGALOW : House For Sale In Hattigauda, Kathmandu","NA, Hattigauda, Kathmandu",Kathmandu,85000000,5,5,0.0,3,East,,351,17 Aana,13 Feet / Soil Stabilized,13 Feet ,Soil Stabilized,N/A Aana,7 months ago,"['Frontyard', 'Garden', 'Drainage', 'Water Supply', 'Solar Water', 'Washing Machine', 'TV Cable', 'Microwave', 'Air Condition']",Sale,5818.25,,14609.203798392988,Hattigauda,13.0,,2.0,1,9,18.258161826219297,8.668926666442168,0.022067363530778164,14609.203798392988,83206969.91719136,2.15490371130338
"House For Sale In Balaju, Kathmandu","Machha Pokhari, Balaju, Kathmandu",Kathmandu,38000000,0,0,0.0,0,East,,811,0-8-0-0 Aana,13 Feet / Blacktopped,13 Feet ,Blacktopped,N/A Sq. Feet,7 months ago,[],Sale,2738.0,,13878.743608473338,Balaju,13.0,,2.0,1,0,17.453096744006448,7.915348169263078,0.007549361207897794,8249.903321445452,5826315.241677036,552.2132501203652
"Land For Sale In Kalanki, Kathmandu","thapagaun, Kalanki, Kathmandu",Kathmandu,2000000,0,0,0.0,0,West,,795,0-7-0-0 Aana,16 Feet / Paved,16 Feet ,Paved,N/A Sq. Feet,7 months ago,[],Sale,2395.75,,834.8116456224565,Kalanki,16.0,,2.0,1,0,14.508658238524095,7.781868931957106,0.012195121951219513,2045.2885317750183,3229212.902314616,-38.06540291702502
"Land For Sale In Chandragiri, Kathmandu","Chandragiri Cable Car, Chandragiri, Kathmandu",Kathmandu,1375000,0,0,0.0,0,West,,442,0-4-0-0 Aana,13 Feet / Gravelled,13 Feet ,Gravelled,N/A Aana,7 months ago,[],Sale,1369.0,,1004.3827611395179,Chandragiri,13.0,,2.0,1,0,14.13396501635527,7.222566018822171,0.008130081300813009,1241.7823228634038,1730261.6207140156,-20.532248791799017
"Land For Sale In Thankot, Kathmandu","chekpost thankot, Thankot, Kathmandu",Kathmandu,1450000,0,0,0.0,0,East,,550,0-4-0-0 Aana,13 Feet / Blacktopped,13 Feet ,Blacktopped,N/A Sq. Feet,7 months ago,[],Sale,1369.0,,1059.1672753834916,Thankot,13.0,,2.0,1,0,14.187074804051692,7.222566018822171,0.005807200929152149,4704.1636230825425,4292815.946872508,-66.22263758928717
"House For Sale In Banasthali, Kathmandu","Dhunge Dhara, Radha Krisna Mandir, Banasthali, Kathmandu",Kathmandu,19000000,8,0,3.0,0,South,,2.6K,0-3-0-2 Aana,10 Feet / Blacktopped,10 Feet ,Blacktopped,N/A Sq. Feet,7 months ago,"['Balcony', 'Modular Kitchen', 'Wifi', 'Drainage', 'Water Supply', 'Solar Water', 'Water Tank', 'Water Well', 'Parking', 'Store Room']",Sale,1069.53125,,17764.79181884587,Banasthali,10.0,,2.0,1,10,16.759949589762293,6.975910299570031,0.005226480836236934,20071.775653444278,19918692.458706323,-4.612212677166813
"Land For Sale In Thankot, Kathmandu","Trivuban Park, Thankot, Kathmandu",Kathmandu,1700000,0,0,0.0,0,West,,420,0-6-2-0 Aana,14 Feet / Concrete,14 Feet ,Concrete,N/A Sq. Feet,7 months ago,[],Sale,2224.625,,764.1737371467101,Thankot,14.0,,2.0,1,0,14.346139397261565,7.7077930540320425,0.005807200929152149,4704.1636230825425,3739830.849338308,-54.54339865930614
"House For Sale In Kadaghari, Kathmandu","Kadaghari, Kadaghari, Kathmandu",Kathmandu,7500000,3,1,1.0,0,North,,605,0-2-2-0 Aana,4 Feet / Soil Stabilized,4 Feet ,Soil Stabilized,N/A Sq. Feet,7 months ago,[],Sale,855.625,,8765.522279035793,Kadaghari,4.0,,2.0,1,0,15.830413711839864,6.753000249905988,0.009291521486643438,11930.849768687607,7918594.371599595,-5.286220659324377
"House For Sale At Hepali, Near Golfutar Kathmandu. : House For Sale In Budhanilkantha, Kathmandu","Hepali Near Golfutar, Budhanilkantha, Kathmandu",Kathmandu,47500000,5,4,0.0,2,East,2070.0,925,0-8-0-0 Aana,20 Feet / Blacktopped,20 Feet ,Blacktopped,2500 Sq. Feet,7 months ago,[],Sale,2738.0,2500.0,17348.42951059167,Budhanilkantha,20.0,2013.0,7.0,0,0,17.6762402900575,7.915348169263078,0.11382113821138211,13184.806428049671,45575839.84487023,4.221886336443103
"Urgent Sale A House In Grende Villa Housing, Dhapasi : House For Sale In Dhapasi, Kathmandu","Grende Villa, Dhapasi, Kathmandu",Kathmandu,25000000,3,3,0.0,1,South,,1.2K,0-4-0-0 Aana,20 Feet / Blacktopped,20 Feet ,Blacktopped,2300 Sq. Feet,7 months ago,[],Sale,1369.0,2300.0,18261.504747991235,Dhapasi,20.0,,2.0,1,0,17.034386422832473,7.222566018822171,0.015098722415795587,15555.54898371399,23212930.62417111,7.69859439448827
"House For Sale In Imadol, Lalitpur","Krishna Mandir, Imadol, Lalitpur",Lalitpur,22500000,7,2,3.0,0,South,,684,0-3-3-2 Aana,13 Feet / Gravelled,13 Feet ,Gravelled,N/A Sq. Feet,7 months ago,[],Sale,1326.21875,,16965.526991682178,Imadol,13.0,,2.0,1,0,16.929025911619092,7.190840866262881,0.050522648083623695,16278.8270896379,20751769.87282922,8.424486864900027
"House For Sale At Southern Heights Housing, Thaiba LLalitpur : House For Sale In Thaiba, Lalitpur","Southern Heights Housing, Thaiba, Lalitpur",Lalitpur,35000000,5,4,0.0,2,West,2069.0,477,0-6-0-0 Aana,20 Feet / Blacktopped,20 Feet ,Blacktopped,2500 Sq. Feet,7 months ago,[],Sale,2053.5,2500.0,17044.07109812515,Thaiba,20.0,2012.0,8.0,0,0,17.370858648025116,7.627787788323465,0.0023228803716608595,15354.64778708022,34638331.46729945,1.0441280436443343
"Business For Sale In Swayambhu, Kathmandu","Pachdhara, Swayambhu, Kathmandu",Kathmandu,1300000,0,0,0.0,0,West,,620,400 Sq. Feet,15 Feet / Blacktopped,15 Feet ,Blacktopped,N/A Sq. Feet,7 months ago,[],Sale,400.0,,3250.0,Swayambhu,15.0,,2.0,1,0,14.077875591662238,5.993961427306569,0.011033681765389082,13333.333333333334,1259245.5358753318,3.2364191862184164
"House For Sale In Mid Baneshwor, Kathmandu","Katyayani Temple, Mid Baneshwor, Kathmandu",Kathmandu,50000000,7,4,2.0,1,South East,2076.0,1.5K,0-7-0-0 Aana,10 Feet / Concrete,10 Feet ,Concrete,1000 Sq. Feet,7 months ago,"['Lawn', 'Balcony', 'Garden', 'Modular Kitchen', 'Swimming Pool', 'TV Cable', 'Wifi', 'Drainage', 'Solar Water', 'Water Well', 'Electricity Backup', 'Parking', 'Store Room']",Sale,2395.75,1000.0,20870.29114056141,Mid Baneshwor,10.0,2019.0,1.0,0,13,17.72753358339242,7.781868931957106,0.003484320557491289,11053.227269443485,41753894.52224586,19.749308590509408
"Land For Sale In Chakupat, Lalitpur","Chakupat, Chakupat, Lalitpur",Lalitpur,4000000,0,0,0.0,0,North,,1.1K,0-5-2-0 Aana,12 Feet / Gravelled,12 Feet ,Gravelled,N/A Aana,7 months ago,[],Sale,1882.375,,2124.975097948071,Chakupat,12.0,,2.0,1,0,15.201805169084134,7.540820659121453,0.0011614401858304297,13772.494853575934,4600975.94634545,-13.061923238759915
"Modern Newly Residential Home At Balaju, Boharatar, Kathmandu : House For Sale In Balaju, Kathmandu","Boharatar, Balaju, Kathmandu",Kathmandu,25000000,7,5,4.0,1,North,2019.0,1.1K,3 Aana,13 Feet / Gravelled,13 Feet ,Gravelled,2.75 Aana,7 months ago,"['Garage', 'Balcony', 'Garden', 'TV Cable', 'Wifi', 'Drainage', 'Water Supply', 'Water Tank', 'Water Well', 'Internet', 'Parking']",Sale,1026.75,941.1875,24348.672997321646,Balaju,13.0,2019.0,1.0,0,11,17.034386422832473,6.935127225777988,0.007549361207897794,8249.903321445452,23305838.168229442,7.269259399904536
"House For Sale In Syuchatar, Kathmandu","Syuchatar, Syuchatar, Kathmandu",Kathmandu,16500000,0,0,2.0,0,South East,2076.0,935,0-3-0-1 Aana,14 Feet / Blacktopped,14 Feet ,Blacktopped,N/A Aana,7 months ago,"['Balcony', 'Drainage', 'Water Supply', 'Water Tank', 'Water Well', 'Electricity Backup', 'Internet', 'Parking']",Sale,1048.140625,,15742.162460309179,Syuchatar,14.0,2019.0,1.0,0,8,16.61887099947687,6.955726655655604,0.0029036004645760743,9889.307186604485,18754000.684384108,-12.018772539882363
"House For Sale At Chhauni Kathmandu : House For Sale In Chhauni, Kathmandu","Museum Marga, Chhauni, Kathmandu",Kathmandu,46000000,5,4,0.0,2,South West,2074.0,369,0-7-0-0 Aana,13 Feet / Blacktopped,13 Feet ,Blacktopped,3000 Sq. Feet,7 months ago,"['Water Supply', 'Solar Water', 'Water Tank', 'Frontyard', 'Garage']",Sale,2395.75,3000.0,19200.667849316498,Chhauni,13.0,2017.0,3.0,0,5,17.6441519761925,7.781868931957106,0.0023228803716608595,10574.280844551115,34557708.54544456,33.11067757721388
"House For Sale In Kausaltar, Bhaktapur","Kausaltar, Kausaltar, Bhaktapur",Bhaktapur,30000000,5,4,3.0,0,East,,474,0-7-2-0 Aana,15 Feet / Blacktopped,15 Feet ,Blacktopped,N/A Sq. Feet,7 months ago,[],Sale,2566.875,,11687.36303871439,Kausaltar,15.0,,2.0,1,0,17.216707972959764,7.850833987612675,0.0017421602787456446,11687.36303871439,33071946.25448415,-9.288676967620653
"Housing Land : Land For Sale In Bhaktapur, Bhaktapur","Sirutar, Bhaktapur, Bhaktapur",Bhaktapur,1700000,0,0,0.0,0,East,,282,0-4-3-1 Aana,20 Feet / Gravelled,20 Feet ,Gravelled,N/A Aana,7 months ago,[],Sale,1647.078125,,1032.1307618604917,Bhaktapur,20.0,,2.0,1,0,14.346139397261565,7.407365115292393,0.0040650406504065045,1022.6442658875092,1590184.205867183,6.905853656930939
"Land For Sale In Mulpani, Kathmandu","Green Hill City, Mulpani, Kathmandu",Kathmandu,3300000,0,0,0.0,0,North,,185,0-5-2-0 Aana,8 Meter,8 Meter,Unknown,N/A Sq. Feet,7 months ago,[],Sale,1882.375,,1753.1044558071585,Mulpani,26.24672,,2.0,1,0,15.009433329466965,7.540820659121453,0.007549361207897794,1623.2448664881097,2760358.016981887,19.549709845541887
"Land For Sale In Damak, Jhapa","Damak, Damak, Jhapa",Jhapa,330000,0,0,0.0,0,North,,598,10 Dhur,13 Feet / Gravelled,13 Feet ,Gravelled,N/A Sq. Feet,7 months ago,[],Sale,1822.5,,181.06995884773661,Damak,13.0,,2.0,1,0,12.706850963741102,7.508513010248735,0.0029036004645760743,502.9721079103795,591272.8153783286,-44.188200198440036
"Land For Sale In Gongabu, Kathmandu","Gongabu, Gongabu, Kathmandu",Kathmandu,7000000,0,0,0.0,0,North,,188,4 Aana,20 Feet / Blacktopped,20 Feet ,Blacktopped,N/A Sq. Feet,7 months ago,[],Sale,1369.0,,5113.221329437546,Gongabu,20.0,,2.0,1,0,15.76142084987672,7.222566018822171,0.005807200929152149,18225.10307739723,7090672.227758508,-1.2787536194882236
"House For Sale In Basbari, Kathmandu","Neuro Hospital, Basbari, Kathmandu",Kathmandu,28000000,2,4,3.0,3,South,,514,5 Aana,13 Feet / Gravelled,13 Feet ,Gravelled,N/A Aana,7 months ago,[],Sale,1711.25,,16362.308254200147,Basbari,13.0,,2.0,1,0,17.147715103853763,7.445563574078014,0.0040650406504065045,14297.16255221372,28638921.33811885,-2.2309546179326136
"House For Sale In Mid Baneshwor, Kathmandu","MId Baneshwor, Mid Baneshwor, Kathmandu",Kathmandu,35000000,0,0,0.0,0,North,,314,0-3-5-0 Aana,13 Feet / Blacktopped,13 Feet ,Blacktopped,N/A Sq. Feet,7 months ago,[],Sale,1454.5625,,24062.218020882567,Mid Baneshwor,13.0,,2.0,1,0,17.370858648025116,7.283147702834008,0.003484320557491289,11053.227269443485,6955992.818333443,403.1632566921698
"House For Sale In Thapagaun, Kathmandu","Thapagaun, Thapagaun, Kathmandu",Kathmandu,49000000,0,0,0.0,0,South,,185,0-4-2-0 Aana,12 Feet / Blacktopped,12 Feet ,Blacktopped,N/A Sq. Feet,7 months ago,[],Sale,1540.125,,31815.59938316695,Thapagaun,12.0,,2.0,1,0,17.707330876483063,7.340267948188717,0.0005807200929152149,31815.59938316695,12343784.333791621,296.960921180877
"Urgent Sale : Land For Sale In Birgunj, Parsa","Medical College Road, Birgunj, Parsa",Parsa,350000,0,0,0.0,0,East,,531,26 Dhur,26 Feet / Gravelled,26 Feet ,Gravelled,N/A Dhur,7 months ago,[],Sale,4738.5,,73.86303682599979,Birgunj,26.0,,2.0,1,0,12.765691290604371,8.463686923893096,0.0023228803716608595,381.6066042116382,561652.8587342917,-37.68392797132028
"SUNDARBASTI HOME : House For Sale In Bhangal, Kathmandu","Sundarbasti, Bhangal, Kathmandu",Kathmandu,21500000,5,5,3.0,1,East,2076.0,814,3.5 Aana,13 Feet / Gravelled,13 Feet ,Gravelled,N/A Aana,7 months ago,[],Sale,1197.875,,17948.450380882812,Bhangal,13.0,2019.0,1.0,0,0,16.88356353960952,7.089138896048115,0.012775842044134728,17531.044558071586,22368631.67126838,-3.883257966038683
"Land For Sale In Tokha, Kathmandu","Greenland Chok, Tokha, Kathmandu",Kathmandu,3900000,0,0,0.0,0,East,,185,8 Aana,15 Feet / Blacktopped,15 Feet ,Blacktopped,N/A Aana,7 months ago,[],Sale,2738.0,,1424.3973703433162,Tokha,15.0,,2.0,1,0,15.176487367510099,7.915348169263078,0.020905923344947737,15806.346887427968,4081370.5258087693,-4.443863272443971
"GOLFUTAR 4 ANA : Land For Sale In Golfutar, Kathmandu","NA, Golfutar, Kathmandu",Kathmandu,6700000,0,0,0.0,0,West,,246,4 Aana,33 Feet,33 Feet,Unknown,N/A Aana,7 months ago,[],Sale,1369.0,,4894.083272461651,Golfutar,33.0,,2.0,1,0,15.717618233614914,7.222566018822171,0.018002322880371662,15420.826231637042,4342297.631041727,54.29619453313832
"House For Sale In Budhanilkantha, Kathmandu","Srijana Tole, Budhanilkantha, Kathmandu",Kathmandu,25500000,7,5,3.0,1,East,2076.0,365,5 Aana,20 Feet / Gravelled,20 Feet ,Gravelled,2600 Sq. Feet,7 months ago,"['Water Supply', 'Drainage', 'Garage']",Sale,1711.25,2600.0,14901.387874360847,Budhanilkantha,20.0,2019.0,1.0,0,3,17.05418904934434,7.445563574078014,0.11382113821138211,13184.806428049671,28401117.429783028,-10.214800304796286
"Perfect 8 Anna Residential Land For Sale Inside Budhanilkantha Villa : Land For Sale In Budhanilkantha, Kathmandu","Budhanilkantha Villa, Budhanilkantha, Kathmandu",Kathmandu,4200000,0,0,0.0,0,East,,1.4K,0-8-0-0 Aana,15 Feet / Blacktopped,15 Feet ,Blacktopped,N/A Aana,7 months ago,[],Sale,2738.0,,1533.9663988312636,Budhanilkantha,15.0,,2.0,1,0,15.250595321348806,7.915348169263078,0.11382113821138211,13184.806428049671,3656492.363274018,14.86418082490746
"House For Sale In Gothatar, Kathmandu","Gothatar, Gothatar, Kathmandu",Kathmandu,16500000,8,0,0.0,0,North,,511,0-3-0-1 Aana,13 Feet / Gravelled,13 Feet ,Gravelled,N/A Sq. Feet,7 months ago,[],Sale,1048.140625,,15742.162460309179,Gothatar,13.0,,2.0,1,0,16.61887099947687,6.955726655655604,0.004645760743321719,14261.365612716963,15983155.109202465,3.2336850094131684
"House For Sale In Bhangal, Kathmandu","Sundara Basti, Bhangal, Kathmandu",Kathmandu,22000000,11,0,0.0,0,West,,747,0-3-5-0 Aana,13 Feet / Gravelled,13 Feet ,Gravelled,N/A Sq. Feet,7 months ago,[],Sale,1454.5625,,15124.822755983329,Bhangal,13.0,,2.0,1,0,16.906553056777135,7.283147702834008,0.012775842044134728,17531.044558071586,22732840.018703252,-3.22370640052151
"House For Sale In Changunarayan, Bhaktapur","Thathali, Changunarayan, Bhaktapur",Bhaktapur,10500000,0,0,0.0,0,South,,673,4 Aana,10 Feet / Blacktopped,10 Feet ,Blacktopped,N/A Sq. Feet,7 months ago,[],Sale,1369.0,,7669.831994156319,Changunarayan,10.0,,2.0,1,0,16.166885910365842,7.222566018822171,0.003484320557491289,774.2878013148284,1321687.5930437671,694.4388715807743
"Land For Sale In Budhanilkantha, Kathmandu","Budhanilkantha, Budhanilkantha, Kathmandu",Kathmandu,2200000,0,0,0.0,0,West,,370,0-9-2-0 Aana,18 Feet / Blacktopped,18 Feet ,Blacktopped,N/A Sq. Feet,7 months ago,[],Sale,3251.375,,676.6368075045173,Budhanilkantha,18.0,,2.0,1,0,14.603968372873895,8.08714077767273,0.11382113821138211,13184.806428049671,3385643.7739337757,-35.0197437504235
"Land For Sale In Lubhu, Lalitpur","Jagate, Lubhu, Lalitpur",Lalitpur,1250000,0,0,0.0,0,West,,513,0-4-1-0 Aana,20 Feet / Soil Stabilized,20 Feet ,Soil Stabilized,N/A Sq. Feet,7 months ago,[],Sale,1454.5625,,859.3649293172346,Lubhu,20.0,,2.0,1,0,14.038654909278163,7.283147702834008,0.005807200929152149,1207.6941806671534,1584051.023981194,-21.08840049493001
"12 Anna Fully Furnished Bungalow For Sale At Dhumbarahi, Pragati Tole : House For Sale In Dhumbarahi, Kathmandu","Pragati Tole, Dhumbarahi, Kathmandu",Kathmandu,70000000,5,7,2.0,3,East,,702,0-12-0-0 Aana,14 Feet / Blacktopped,14 Feet ,Blacktopped,N/A Aana,7 months ago,"['Lawn', 'Garage', 'Air Condition', 'Backyard', 'Balcony', 'Garden', 'Frontyard', 'Fencing', 'Modular Kitchen', 'Wifi', 'Drainage', 'CCTV', 'Water Well', 'Solar Water', 'Water Supply', 'Electricity Backup', 'Internet']",Sale,4107.0,,17044.07109812515,Dhumbarahi,14.0,,2.0,1,17,18.064005814299346,8.32069157104845,0.008130081300813009,16950.42235582776,67937057.47334366,3.0365497173111713
"Land For Sale Near Itahari Chowk : Land For Sale In Birtamod Road, Itahari","Nearby Sangeet Chowk, Birtamod Road, Itahari",Itahari,1250000,0,0,0.0,0,North,,244,10 Dhur,20 Feet / Blacktopped,20 Feet ,Blacktopped,N/A Aana,7 months ago,[],Sale,1822.5,,685.8710562414266,Birtamod Road,20.0,,2.0,1,0,14.038654909278163,7.508513010248735,0.0017421602787456446,78.87517146776406,670372.2680922467,86.46356054633118
"House For Sale In Banasthali, Kathmandu","Prakritik Chowk, Banasthali, Kathmandu",Kathmandu,39500000,5,6,3.0,5,North,2074.0,11.4K,0-5-3-0 Aana,20 Feet / Blacktopped,20 Feet ,Blacktopped,N/A Aana,7 months ago,"['Air Condition', 'Backyard', 'Balcony', 'Modular Kitchen', 'TV Cable', 'Wifi', 'Drainage', 'Water Supply', 'Solar Water', 'Water Tank', 'Water Well', 'Parking', 'Store Room']",Sale,1967.9375,,20071.775653444278,Banasthali,20.0,2017.0,3.0,0,13,17.491811255187805,7.585249336134321,0.005226480836236934,20071.775653444278,41029215.08739226,-3.7271370757033337
"One Storied House For Sale Near Pashupati, Guheswori, Boudha : House For Sale In Chabahil, Kathmandu","Guheshwori, Chabahil, Kathmandu",Kathmandu,18000000,2,1,1.0,0,South,,655,5-1 Aana,12 Feet / Blacktopped,12 Feet ,Blacktopped,2.6 Aana,7 months ago,['Garden'],Sale,1796.8125,889.85,10017.739747469477,Chabahil,12.0,,2.0,1,1,16.705882371415992,7.494325927057613,0.0156794425087108,4515.572083139651,8167180.275730453,120.3943024679974
"Bungalow For Sale At Sitapaila, Sita Homes : House For Sale In Sitapaila, Kathmandu","25 Gha, Sitapaila, Kathmandu",Kathmandu,22000000,3,4,3.0,1,East,2018.0,627,3 Aana,14 Feet,14 Feet,Unknown,1800 Aana,7 months ago,"['TV Cable', 'Drainage', 'Solar Water', 'Water Supply', 'Water Well']",Sale,1026.75,616050.0,21426.832237643048,Sitapaila,14.0,2018.0,2.0,0,5,16.906553056777135,6.935127225777988,0.013937282229965157,14791.8188458729,20122763.892888535,9.32891782214315
"9 Anna Land For Sale At Baluwatar Infront Of Himani Trust : Land For Sale In Baluwatar, Kathmandu","Infront Of Himani Trust, Baluwatar, Kathmandu",Kathmandu,5500000,0,0,0.0,0,South East,,386,0-9-0-0 Aana,16 Feet / Blacktopped,16 Feet ,Blacktopped,N/A Aana,7 months ago,[],Sale,3080.25,,1785.5693531369207,Baluwatar,16.0,,2.0,1,0,15.520258832020865,8.033090637791,0.02032520325203252,19576.333089846605,5188959.664991648,5.994271589868924
"Tempting Brand New Modern Bungalow For Sale In Maharajgunj : House For Sale In Maharajgunj, Kathmandu","Maharajgunj, Maharajgunj, Kathmandu",Kathmandu,62500000,5,6,2.0,5,East,2019.0,410,0-6.5-0-0 Aana,15 Feet / Blacktopped,15 Feet ,Blacktopped,N/A Aana,7 months ago,"['Lawn', 'Garage', 'Backyard', 'Balcony', 'Garden', 'Frontyard', 'Fencing', 'Modular Kitchen', 'TV Cable', 'Wifi', 'Drainage', 'CCTV', 'Water Supply', 'Electricity Backup', 'Internet']",Sale,2224.625,,28094.622689217285,Maharajgunj,15.0,2019.0,1.0,0,15,17.95067713070663,7.7077930540320425,0.011614401858304297,20270.270270270274,59631811.33264742,4.809829859691507
"7 Anna Attractive Land At Narayan Chaur, Naxal Near Star Venue Party Palace : Land For Sale In Naxal, Kathmandu","Near Star Venue Party Palace, Naxal, Kathmandu",Kathmandu,8500000,0,0,0.0,0,South East,,402,0-7-0-0 Aana,16 Feet / Blacktopped,16 Feet ,Blacktopped,N/A Aana,7 months ago,[],Sale,2395.75,,3547.94949389544,Naxal,16.0,,2.0,1,0,15.955576839107596,7.781868931957106,0.0040650406504065045,15826.637448259069,5004594.336361828,69.84393596583122
"Ichangu Narayan Jagga : Land For Sale In Nagarjun, Kathmandu","Ichangunarayan, Nagarjun, Kathmandu",Kathmandu,32500000,0,0,0.0,0,South,,251,2-0-2-0 Ropani,16 Feet / Blacktopped,16 Feet ,Blacktopped,.5 Ropani,7 months ago,[],Sale,11123.125,27380.0,2921.8407596785974,Nagarjun,16.0,,2.0,1,0,17.296750678069195,9.316871452255842,0.0029036004645760743,2921.8407596785974,10212242.38483872,218.24548199374982
"House For Sale In Sukedhara, Kathmandu","Yatayat Office sukedhara, Sukedhara, Kathmandu",Kathmandu,47000000,18,6,0.0,6,South,,2.8K,6 Aana,13 Feet / Blacktopped,13 Feet ,Blacktopped,N/A Aana,7 months ago,"['Balcony', 'Modular Kitchen', 'TV Cable', 'Wifi', 'Drainage', 'Water Supply', 'Water Tank', 'Water Well', 'Internet', 'Parking', 'Store Room']",Sale,2053.5,,22887.752617482347,Sukedhara,13.0,,2.0,1,11,17.665658180950928,7.627787788323465,0.013356562137049941,20452.885317750184,45563570.17491235,3.1525840042239732
"Beauty Parlor On Sale! : Business For Sale In Anamnagar, Kathmandu","Devkota Sadak, Anamnagar, Kathmandu",Kathmandu,500000,0,0,1.0,0,South,,208,250 Sq. Meter,20 Meter / Soil Stabilized,20 Meter ,Soil Stabilized,10-20-10-20 Sq. Meter,7 months ago,[],Sale,2690.975,,185.8062598128931,Anamnagar,65.6168,,2.0,1,0,13.122365377402328,7.898030403945865,0.0017421602787456446,2921.8407596785974,1556262.920310792,-67.87175267915862
"1 Ropani Attractive Commercial Land For Sale At Gahana Pokhari, Naxal : Land For Sale In Naxal, Kathmandu","Gahana Pokhari Main Road, Naxal, Kathmandu",Kathmandu,11000000,0,0,0.0,0,North East,,351,1-0-0-0 Aana,20 Feet / Blacktopped,20 Feet ,Blacktopped,N/A Aana,7 months ago,[],Sale,5476.0,,2008.7655222790358,Naxal,20.0,,2.0,1,0,16.213405921671733,8.608312784783722,0.0040650406504065045,15826.637448259069,7102613.260433177,54.87257431399449
"3.5 Storied House On Sale : House For Sale In Boudha, Kathmandu","Bhrikutichowk, Kathmandu Nepal, Boudha, Kathmandu",Kathmandu,22500000,0,4,0.0,4,North,2009.0,945,0-3-0-0 Aana,12 Feet / Gravelled,12 Feet ,Gravelled,N/A Aana,7 months ago,"['TV Cable', 'Water Supply', 'Water Well', 'Internet']",Sale,1026.75,,21913.80569758948,Boudha,12.0,2009.0,11.0,0,4,16.929025911619092,6.935127225777988,0.004645760743321719,5222.242512783054,20248585.343909416,11.118873826747546
"26 Anna Main Road Commercial Land, Mid Baneshwor Beside Venus Hospital : Land For Sale In Mid Baneshwor, Kathmandu","Mid baneshwor Beside Venus Hospital, Mid Baneshwor, Kathmandu",Kathmandu,11000000,0,0,0.0,0,South East,,285,1-10-0-0 Aana,40 Feet / Blacktopped,40 Feet ,Blacktopped,N/A Aana,7 months ago,[],Sale,8898.5,,1236.1633983255606,Mid Baneshwor,40.0,,2.0,1,0,16.213405921671733,9.093750374366808,0.003484320557491289,11053.227269443485,9179495.295576008,19.83229628432155
"31 Anna Commercial Land For Sale Prime Location, Baluwatar Main Road : Land For Sale In Baluwatar, Kathmandu","Baluwatar Main Road, Baluwatar, Kathmandu",Kathmandu,13000000,0,0,0.0,0,East,,298,1-15-0-0 Aana,50 Feet / Blacktopped,50 Feet ,Blacktopped,N/A Aana,7 months ago,[],Sale,10609.75,,1225.2880605103796,Baluwatar,50.0,,2.0,1,0,16.380459992348886,9.269622917139907,0.02032520325203252,19576.333089846605,7723828.4509836435,68.31031505295054
"8 Anna Modern House For Sale In Basundhara In Sherchan Colony Height : House For Sale In Dhapasi, Kathmandu","Sherchan Colony, Dhapasi, Dhapasi, Kathmandu",Kathmandu,45000000,6,6,3.0,2,South West,,501,0-8-0-0 Aana,20 Feet / Blacktopped,20 Feet ,Blacktopped,N/A Aana,7 months ago,"['Lawn', 'Garage', 'Air Condition', 'Backyard', 'Balcony', 'Garden', 'Frontyard', 'Fencing', 'Modular Kitchen', 'TV Cable', 'Washing Machine', 'Wifi', 'Drainage', 'CCTV', 'Water Well', 'Water Supply', 'Electricity Backup', 'Internet']",Sale,2738.0,,16435.35427319211,Dhapasi,20.0,,2.0,1,18,17.622173069956816,7.915348169263078,0.015098722415795587,15555.54898371399,48138870.13137667,-6.520448283913439
"Magnificent New Bungalow For Sale At Budhanilkantha, Kathmandu : House For Sale In Budhanilkantha, Kathmandu","Park Village, Budhanilkantha, Kathmandu",Kathmandu,130000000,6,7,2.0,10,North,2017.0,1.5K,1-10-0-0 Aana,20 Feet / Blacktopped,20 Feet ,Blacktopped,N/A Aana,7 months ago,"['Lawn', 'Garage', 'Air Condition', 'Backyard', 'Balcony', 'Gym', 'Garden', 'Frontyard', 'Modular Kitchen', 'Swimming Pool', 'Wifi', 'Drainage', 'CCTV', 'Water Tank', 'Electricity Backup', 'Water Supply', 'Internet', 'Kids Playground']",Sale,8898.5,,14609.203798392988,Budhanilkantha,20.0,2017.0,3.0,0,18,18.683045016112164,9.093750374366808,0.11382113821138211,13184.806428049671,103075038.2258721,26.12170923005262
"9 Anna Commercial Main Road Land On Sale Opposite To Big Mart Lazimpat : Land For Sale In Lazimpat, Kathmandu","Lazimpat Main Road, Lazimpat, Kathmandu",Kathmandu,15000000,0,0,0.0,0,East,,331,0-9-0-0 Aana,60 Feet / Blacktopped,60 Feet ,Blacktopped,N/A Aana,7 months ago,[],Sale,3080.25,,4869.734599464329,Lazimpat,60.0,,2.0,1,0,16.52356082573315,8.033090637791,0.005226480836236934,4869.734599464329,6947849.59690874,115.89413804630789
"Land With Old House On Sale, Dhumbarahi Main Road Near Investment Bank : Land For Sale In Dhumbarahi, Kathmandu","Dhumbarahi Main Road, Dhumbarahi, Kathmandu",Kathmandu,7500000,0,0,0.0,0,West,,294,0-9-1-0 Aana,45 Feet / Blacktopped,45 Feet ,Blacktopped,N/A Aana,7 months ago,[],Sale,3165.8125,,2369.060075415079,Dhumbarahi,45.0,,2.0,1,0,15.830413711839864,8.060480840491712,0.008130081300813009,16950.42235582776,6480230.9923513075,15.736615081350305
"6.5 Anna Land For Sale At Basundhara Chauki, Shayanshah Height : Land For Sale In Dhapasi, Kathmandu","Shayansha Height Near Ram Mandir, Dhapasi, Kathmandu",Kathmandu,4000000,0,0,0.0,0,East,,280,0-6-2-0 Aana,12 Feet / Blacktopped,12 Feet ,Blacktopped,N/A Aana,7 months ago,[],Sale,2224.625,,1798.0558521099063,Dhapasi,12.0,,2.0,1,0,15.201805169084134,7.7077930540320425,0.015098722415795587,15555.54898371399,4411854.619199279,-9.33518111424142
"Bungalow At Mid Baneshwor, 100 Meters From Venus Hospital : House For Sale In Mid Baneshwor, Kathmandu","Mid Baneshwor Near Venus Hospital, Mid Baneshwor, Kathmandu",Kathmandu,120000000,4,5,2.0,2,South East,,926,0-12-0-2 Aana,20 Feet / Blacktopped,20 Feet ,Blacktopped,N/A Aana,7 months ago,"['Garage', 'Air Condition', 'Balcony', 'Garden', 'Frontyard', 'Modular Kitchen', 'TV Cable', 'Drainage', 'Wifi', 'Water Supply', 'Water Tank', 'Electricity Backup', 'Internet']",Sale,4149.78125,,28917.186899911892,Mid Baneshwor,20.0,,2.0,1,13,18.603002309079653,8.331051848519417,0.003484320557491289,11053.227269443485,87806035.54796915,36.66486506436454
"Residential : House For Sale In Kapan, Kathmandu","Payutar, Kapan, Kathmandu",Kathmandu,22000000,6,5,3.0,1,East,2016.0,359,5 Aana,14 Feet / Gravelled,14 Feet ,Gravelled,4 Aana,7 months ago,"['Balcony', 'TV Cable', 'Wifi', 'Internet', 'Water Well', 'Water Tank', 'Electricity Backup', 'Drainage', 'Garage']",Sale,1711.25,1369.0,12856.099342585829,Kapan,14.0,2016.0,4.0,0,9,16.906553056777135,7.445563574078014,0.023228803716608595,14052.66270131135,25998427.583530117,-15.379497743406228
"House For Sale In Tikathali, Lalitpur","Tikathali, Tikathali, Lalitpur",Lalitpur,17000000,3,2,2.0,3,West,2019.0,309,0-4-0-0 Aana,13 Feet / Gravelled,13 Feet ,Gravelled,127.18 Sq. Feet,7 months ago,['Water Supply'],Sale,1369.0,127.18,12417.823228634039,Tikathali,13.0,2019.0,1.0,0,1,16.648723960844016,7.222566018822171,0.011033681765389082,11687.36303871439,17099877.62877497,-0.5840838802664927
"Budanilkantha Golfutar Home : House For Sale In Budhanilkantha, Kathmandu","Golfutar, Budhanilkantha, Kathmandu",Kathmandu,30000000,10,8,4.0,2,South,2068.0,691,4 Aana,30 Feet / Blacktopped,30 Feet ,Blacktopped,N/A Aana,7 months ago,"['TV Cable', 'Wifi', 'Drainage', 'Water Supply', 'Solar Water']",Sale,1369.0,,21913.80569758948,Budhanilkantha,30.0,2011.0,9.0,0,5,17.216707972959764,7.222566018822171,0.11382113821138211,13184.806428049671,29893871.76728093,0.3550166855108724
"House For Sale In Kavresthali, Kathmandu","Vadigoth, Kavresthali, Kathmandu",Kathmandu,7000000,0,0,0.0,0,West,,627,3 Aana,10 Feet / Soil Stabilized,10 Feet ,Soil Stabilized,N/A Sq. Feet,7 months ago,[],Sale,1026.75,,6817.628439250061,Kavresthali,10.0,,2.0,1,0,15.76142084987672,6.935127225777988,0.004645760743321719,4449.719990260531,3291574.112927161,112.66420745346596
"New Modern And Beautiful House : House For Sale In Thaiba, Lalitpur","Wasa hiti, Thaiba, Lalitpur",Lalitpur,19000000,4,4,3.0,2,East,2075.0,608,0-4-0-1 Aana,13 Feet / Gravelled,13 Feet ,Gravelled,2500 Sq. Feet,7 months ago,"['Lawn', 'Garage', 'Fencing', 'Frontyard', 'Modular Kitchen', 'TV Cable', 'Solar Water', 'Water Supply', 'Water Well', 'Water Tank', 'Internet']",Sale,1390.390625,2500.0,13665.224476035286,Thaiba,13.0,2018.0,2.0,0,11,16.759949589762293,7.2380589756488165,0.0023228803716608595,15354.64778708022,21686478.43604294,-12.387803967185423
"House Near Kist Hospital Imadole : House For Sale In Imadol, Lalitpur","timalshina chowk, Imadol, Lalitpur",Lalitpur,18000000,0,4,4.0,0,South,2016.0,664,11 Dhur,0 Feet,0 Feet,Unknown,11 Dhur,7 months ago,"['Drainage', 'Water Well', 'Water Tank', 'Solar Water', 'TV Cable', 'Balcony', 'Modular Kitchen']",Sale,2004.75,2004.75,8978.675645342311,Imadol,0.0,2016.0,4.0,0,7,16.705882371415992,7.6037733346337655,0.050522648083623695,16278.8270896379,22752178.405318093,-20.88669630072573
"Land For Sale In Birgunj, Parsa","Birganj Inner Bypass Rd, Birgunj, Parsa",Parsa,1550000,0,0,0.0,0,North,,852,45 Dhur,66 Feet / Blacktopped,66 Feet ,Blacktopped,N/A Sq. Meter,7 months ago,[],Sale,8201.25,,188.995579942082,Birgunj,66.0,,2.0,1,0,14.253766134056512,9.012163785858128,0.0023228803716608595,381.6066042116382,1624333.2539586024,-4.576231741697562
"One Floor Home : House For Sale In Tarakeshwar, Kathmandu","Kavresthali, Tarakeshwar, Kathmandu",Kathmandu,12000000,1,1,1.0,1,North West,2076.0,490,0-2-2-3 Aana,10 Feet / Gravelled,10 Feet ,Gravelled,0-2-2-3 Aana,7 months ago,"['Garage', 'Fencing', 'Frontyard', 'Wifi', 'Water Supply', 'Water Tank', 'Internet', 'Parking']",Sale,919.796875,919.796875,13046.358740890482,Tarakeshwar,10.0,2019.0,1.0,0,8,16.300417291085605,6.8252394636139035,0.0017421602787456446,8400.292184075968,12547515.903453879,-4.3635402231541915
"House For Sale In Newroad, Kathmandu","New Road, Newroad, Kathmandu",Kathmandu,122500000,23,10,0.0,0,West,,430,0-2-2-0 Aana,15 Feet / Blacktopped,15 Feet ,Blacktopped,N/A Sq. Feet,7 months ago,[],Sale,855.625,,143170.1972242513,Newroad,15.0,,2.0,1,0,18.623621596112322,6.753000249905988,0.0011614401858304297,72272.59861212564,83501482.47348213,46.70398221840285
"Land For Sale In Thali, Kathmandu","Thali, Thali, Kathmandu",Kathmandu,1500000,0,0,0.0,0,North,,239,0-3-2-0 Aana,12 Feet / Gravelled,12 Feet ,Gravelled,N/A Sq. Feet,7 months ago,[],Sale,1197.875,,1252.2174684336846,Thali,12.0,,2.0,1,0,14.220976332738882,7.089138896048115,0.0029036004645760743,1205.2593133674216,1682605.4313309996,-10.85254022902757
"Land For Sale In Thali, Kathmandu","Thali, Thali, Kathmandu",Kathmandu,1300000,0,0,0.0,0,West,,314,4 Aana,4 Feet / Soil Stabilized,4 Feet ,Soil Stabilized,N/A Sq. Feet,7 months ago,[],Sale,1369.0,,949.5982468955442,Thali,4.0,,2.0,1,0,14.077875591662238,7.222566018822171,0.0029036004645760743,1205.2593133674216,1372082.4625326074,-5.25350804350029
"Land For SALE In Banepa : Land For Sale In Banepa, Kavre","Karuna Marg, Banepa, Kavre",Kavre,815000,0,0,0.0,0,North,,230,10.3 Aana,20 Feet / Gravelled,20 Feet ,Gravelled,N/A Aana,7 months ago,[],Sale,3525.175,,231.19419603282105,Banepa,20.0,,2.0,1,0,13.610944619216111,8.167968993036489,0.0005807200929152149,231.19419603282105,1206253.4396137213,-32.43542582054833
"Land For Sale In Thali, Kathmandu","Thali, Thali, Kathmandu",Kathmandu,1350000,0,0,0.0,0,North,,251,6 Aana,12 Feet / Gravelled,12 Feet ,Gravelled,N/A Sq. Feet,7 months ago,[],Sale,2053.5,,657.4141709276845,Thali,12.0,,2.0,1,0,14.115615891155079,7.627787788323465,0.0029036004645760743,1205.2593133674216,1622916.246037761,-16.816409762615127
"House For Sale In Jorpati, Kathmandu","Shiva Chowk, Dashindhoka Jorpati, Jorpati, Kathmandu",Kathmandu,20000000,0,0,0.0,0,South,,398,4 Aana,15 Feet,15 Feet,Unknown,N/A Sq. Feet,7 months ago,[],Sale,1369.0,,14609.203798392988,Jorpati,15.0,,2.0,1,0,16.811242881518265,7.222566018822171,0.012195121951219513,6000.0,3657914.1597490315,446.75968671096956
"House For Sale In Tikathali, Lalitpur","Tikathali-1, Tikathali, Lalitpur",Lalitpur,17000000,8,3,0.0,0,South,,860,0-3-0-0 Aana,13 Feet / Blacktopped,13 Feet ,Blacktopped,N/A Sq. Feet,7 months ago,[],Sale,1026.75,,16557.09763817872,Tikathali,13.0,,2.0,1,0,16.648723960844016,6.935127225777988,0.011033681765389082,11687.36303871439,17084400.875272334,-0.4940230324055085
"House For Sale In Tarkeshwor, Kathmandu","lolang hariyali basti, Tarkeshwor, Kathmandu",Kathmandu,17000000,0,0,0.0,0,East,,157,0-3-0-0 Aana,10 Feet / Gravelled,10 Feet ,Gravelled,N/A Sq. Feet,7 months ago,[],Sale,1026.75,,16557.09763817872,Tarkeshwor,10.0,,2.0,1,0,16.648723960844016,6.935127225777988,0.005807200929152149,10993.425858290724,4521910.191723854,275.94731605050333
"House For Sale In Tarkeshwor, Kathmandu","Lolang, Tarkeshwor, Kathmandu",Kathmandu,8500000,4,0,0.0,0,South,,343,2.5 Aana,10 Feet,10 Feet,Unknown,N/A Sq. Feet,7 months ago,[],Sale,855.625,,9934.258582907232,Tarkeshwor,10.0,,2.0,1,0,15.955576839107596,6.753000249905988,0.005807200929152149,10993.425858290724,11203937.506471999,-24.13381460678497
"Land For Sale In Godawari, Lalitpur","Badikhel, Godawari, Lalitpur",Lalitpur,1100000,0,0,0.0,0,South,,407,5 Aana,20 Feet / Gravelled,20 Feet ,Gravelled,N/A Sq. Feet,7 months ago,[],Sale,1711.25,,642.8049671292914,Godawari,20.0,,2.0,1,0,13.910821646859095,7.445563574078014,0.005807200929152149,818.1154127100073,1433748.4577741134,-23.27803429984197
"House For Sale In Harisiddhi, Lalitpur","Harisiddhi, Harisiddhi, Lalitpur",Lalitpur,15500000,8,0,3.0,0,North,,449,3 Aana,20 Feet / Gravelled,20 Feet ,Gravelled,N/A Sq. Feet,7 months ago,[],Sale,1026.75,,15096.177258339421,Harisiddhi,20.0,,2.0,1,0,16.5563506464056,6.935127225777988,0.005226480836236934,13580.386629492074,16085578.49856148,-3.640394398086752
"Land For Sale In Naikap, Kathmandu","Naikap Naya Bhanjyang, Naikap, Kathmandu",Kathmandu,2600000,0,0,0.0,0,East,,848,0-7-0-0 Aana,20 Feet / Blacktopped,20 Feet ,Blacktopped,N/A Aana,7 months ago,[],Sale,2395.75,,1085.2551393091933,Naikap,20.0,,2.0,1,0,14.77102238760702,7.781868931957106,0.005226480836236934,10093.631715253337,4779034.487647658,-45.59570543547647
"3 Ropani Land For Sale At Pumdikot Pokhara : Land For Sale In Pokhara, Pokhara","Pumdikot, Pokhara, Pokhara",Pokhara,60000000,0,0,0.0,0,East,,374,3-0-0-03 Aana,20 Feet / Blacktopped,20 Feet ,Blacktopped,N/A Aana,7 months ago,[],Sale,16492.171875,,3638.0896618566194,Pokhara,20.0,,2.0,1,0,17.909855136853043,9.710701748481588,0.011033681765389082,3638.0896618566194,11061046.12675026,442.4441713057752
"Land For Sale In Birtamod Road, Itahari","Rajbiraj saptari, Birtamod Road, Itahari",Itahari,230000,0,0,0.0,0,East,,175,16 Dhur,0 Feet,0 Feet,Unknown,N/A Aana,7 months ago,[],Sale,2916.0,,78.87517146776406,Birtamod Road,0.0,,2.0,1,0,12.345838935721968,7.978310969867722,0.0017421602787456446,78.87517146776406,289849.1379514439,-20.6483753494792
"Land For Sale In Suryabinayak, Bhaktapur","sanga fun park, Suryabinayak, Bhaktapur",Bhaktapur,1200000,0,0,0.0,0,South West,,182,39 Aana,20 Feet / Soil Stabilized,20 Feet ,Soil Stabilized,N/A Sq. Feet,7 months ago,[],Sale,13347.75,,89.9027926054953,Suryabinayak,20.0,,2.0,1,0,13.997832948091215,9.499178026485755,0.0029036004645760743,1186.444429687673,1571805.0649438957,-23.654654971936164
"Tinkune Prime Location Land On Sale : Land For Sale In Tinkune, Kathmandu","Gairigaon, Tinkune, Kathmandu",Kathmandu,5600000,0,0,0.0,0,East,,198,5 Aana,15 Feet / Blacktopped,15 Feet ,Blacktopped,2 Paisa,7 months ago,[],Sale,1711.25,171.125,3272.461650840029,Tinkune,15.0,,2.0,1,0,15.53827733427679,7.445563574078014,0.0017421602787456446,16514.75211992251,5330073.599620741,5.064215255835598
"SAMAKHUSI HOME : House For Sale In Samakhusi, Kathmandu","Samakhusi, Samakhusi, Kathmandu",Kathmandu,44000000,5,6,3.0,1,East,2076.0,390,4 Aana,15 Feet / Blacktopped,15 Feet ,Blacktopped,N/A Aana,7 months ago,"['Water Tank', 'Water Supply', 'Solar Water', 'Drainage', 'Wifi', 'TV Cable']",Sale,1369.0,,32140.248356464574,Samakhusi,15.0,2019.0,1.0,0,6,17.599700214609808,7.222566018822171,0.018002322880371662,19104.343428667755,29972952.54230579,46.7990180076371
"BUDHANILKANTHA 20 ANA VILLA : House For Sale In Budhanilkantha, Kathmandu","Near by Deubaniwas, Budhanilkantha, Kathmandu",Kathmandu,100000000,6,6,3.0,10,North West,2071.0,895,20 Aana,20 Feet / Blacktopped,20 Feet ,Blacktopped,N/A Aana,7 months ago,"['Fencing', 'Frontyard', 'Garden', 'Backyard', 'Air Condition', 'Garage', 'Microwave', 'Modular Kitchen', 'Washing Machine', 'Wifi', 'Drainage', 'Water Supply', 'Solar Water', 'Water Tank', 'Water Well']",Sale,6845.0,,14609.203798392988,Budhanilkantha,20.0,2014.0,6.0,0,15,18.420680753952364,8.831419819090131,0.11382113821138211,13184.806428049671,94427782.6883826,5.901035852982018
"BUDANILKANTHA VILLA : House For Sale In Budhanilkantha, Kathmandu","Near by Deubaniwas, Budhanilkantha, Kathmandu",Kathmandu,96000000,5,7,3.0,0,South East,2074.0,436,18 Aana,20 Feet / Blacktopped,20 Feet ,Blacktopped,N/A Aana,7 months ago,"['Garden', 'Frontyard', 'Air Condition', 'Garage', 'Backyard', 'Deck', 'Fencing', 'Lawn', 'Balcony', 'Microwave', 'Modular Kitchen', 'Wifi', 'Drainage', 'Water Supply', 'Solar Water', 'Washing Machine', 'Water Well', 'Water Tank']",Sale,6160.5,,15583.150718285853,Budhanilkantha,20.0,2017.0,3.0,0,18,18.379858759848776,8.726075533378177,0.11382113821138211,13184.806428049671,100743586.921319,-4.708574576586941
"BHANGAL HEIGHT NEW HOME : House For Sale In Bhangal, Kathmandu","Bhangal, Bhangal, Kathmandu",Kathmandu,28500000,6,6,3.0,2,East,2076.0,428,4.5 Aana,20 Feet / Blacktopped,20 Feet ,Blacktopped,N/A Aana,7 months ago,"['Garage', 'Water Tank', 'Solar Water', 'Water Supply', 'Drainage', 'Wifi']",Sale,1540.125,,18504.99147796445,Bhangal,20.0,2019.0,1.0,0,6,17.1654146803266,7.340267948188717,0.012775842044134728,17531.044558071586,30210075.90406356,-5.660614390689226
"House For Sale In Kadaghari, Kathmandu","Birendra Chowk, Kadaghari, Kathmandu",Kathmandu,22500000,0,0,0.0,0,North,,432,4 Aana,16 Feet / Blacktopped,16 Feet ,Blacktopped,N/A Sq. Feet,7 months ago,[],Sale,1369.0,,16435.35427319211,Kadaghari,16.0,,2.0,1,0,16.929025911619092,7.222566018822171,0.009291521486643438,11930.849768687607,6874456.198939199,227.29861604867
"Swayambhu Buddhachok 4 Floors Home : House For Sale In Swayambhu, Kathmandu","Swayambhu, Swayambhu, Kathmandu",Kathmandu,41000000,17,10,0.0,2,East,,407,8.1 Aana,15 Feet / Blacktopped,15 Feet ,Blacktopped,N/A Aana,7 months ago,"['Frontyard', 'Garage', 'Wifi', 'Washing Machine', 'Water Tank', 'Drainage', 'Water Supply', 'Solar Water']",Sale,2772.225,,14789.56433911389,Swayambhu,15.0,,2.0,1,8,17.529082649058825,7.927766181884185,0.011033681765389082,13333.333333333334,44513276.806204855,-7.892649245977614
"House For Sale In Samakhusi, Kathmandu","Near Ranibari, Samakhusi, Kathmandu",Kathmandu,30000000,11,0,4.0,2,North,2001.0,252,5 ana Aana,13 Feet / Blacktopped,13 Feet ,Blacktopped,4ana Aana,7 months ago,"['Lawn', 'Garage', 'Balcony', 'TV Cable', 'Wifi', 'Drainage', 'Water Supply']",Sale,1711.25,1369.0,17531.044558071586,Samakhusi,13.0,2001.0,19.0,0,7,17.216707972959764,7.445563574078014,0.018002322880371662,19104.343428667755,31306362.55715554,-4.172834051769932
"5 Ana Land On Sale In Vibor Planning, Chunikhel Bhaiseapti : Land For Sale In Bhaisepati, Lalitpur","Chunikhel, Bhaisepati, Lalitpur",Lalitpur,2500000,0,0,0.0,0,East,,668,0-5-0-0 Aana,0 Feet,0 Feet,Unknown,N/A Aana,7 months ago,[],Sale,1711.25,,1460.9203798392987,Bhaisepati,0.0,,2.0,1,0,14.731801689838349,7.445563574078014,0.02264808362369338,10000.0,2972145.9107622416,-15.885690842181912
"Office Space For Sale In Jamal, Kathmandu","Kanti Path, Jamal, Kathmandu",Kathmandu,1200000,0,0,0.0,0,North,,272,1850 Sq. Feet,40 Feet / Blacktopped,40 Feet ,Blacktopped,N/A Sq. Feet,7 months ago,[],Sale,1850.0,,648.6486486486486,Jamal,40.0,,2.0,1,0,13.997832948091215,7.523481312573497,0.0011614401858304297,35803.819263278725,26054484.45307887,-95.39426695561349
"Modern Bungalow : House For Sale In Maharajgunj, Kathmandu","Maharajgunj, Maharajgunj, Kathmandu",Kathmandu,65000000,5,6,3.0,3,East,2076.0,732,6.5 Aana,15 Feet / Blacktopped,15 Feet ,Blacktopped,N/A Aana,7 months ago,"['Frontyard', 'Garden', 'Microwave', 'Modular Kitchen', 'TV Cable', 'Wifi', 'Drainage', 'Water Tank', 'Water Well', 'CCTV']",Sale,2224.625,,29218.407596785975,Maharajgunj,15.0,2019.0,1.0,0,10,17.989897843244528,7.7077930540320425,0.011614401858304297,20270.270270270274,59510342.2663302,9.224712082988212
"3 - 4 Ana Land On Sale In Khadka Gau , Kalanki 1.5 Km From LRI School : Land For Sale In Kalanki, Kathmandu","Khadka Gau , 1.5 km from LRI, Kalanki, Kathmandu",Kathmandu,2300000,0,0,0.0,0,South East,,385,3 -4 Pieces Aana,13 Feet / Blacktopped,13 Feet ,Blacktopped,N/A Aana,7 months ago,[],Sale,1369.0,,1680.0584368151935,Kalanki,13.0,,2.0,1,0,14.648420115681892,7.222566018822171,0.012195121951219513,2045.2885317750183,3251105.5888144067,-29.25483540389256
"PRIVATE HOME URGENTLY SELLING : House For Sale In Basbari, Kathmandu","Basnsbari Road, Basbari, Kathmandu",Kathmandu,115000000,4,4,3.0,4,North East,2009.0,650,18 Aana,13 Feet / Paved,13 Feet ,Paved,12 Aana,7 months ago,"['Lawn', 'Garage', 'Air Condition', 'Backyard', 'Balcony', 'Deck', 'Frontyard', 'Garden', 'Modular Kitchen', 'TV Cable', 'Washing Machine', 'Microwave', 'Wifi', 'Drainage', 'Water Supply', 'Solar Water', 'Water Well', 'Water Tank', 'CCTV', 'Electricity Backup', 'Internet', 'Security Staff']",Sale,6160.5,4107.0,18667.315964613263,Basbari,13.0,2009.0,11.0,0,22,18.560442695023177,8.726075533378177,0.0040650406504065045,14297.16255221372,100641900.48095854,14.266522641589043
"5 Ana Land On Sale In Pepsicola, Kathmandu !! : Land For Sale In Pepsicola, Kathmandu","Pepsicola , Near Sunrise Bank, Pepsicola, Kathmandu",Kathmandu,4000000,0,0,0.0,0,South East,,280,0-5-0-0 Aana,0 Feet,0 Feet,Unknown,N/A Aana,7 months ago,[],Sale,1711.25,,2337.472607742878,Pepsicola,0.0,,2.0,1,0,15.201805169084134,7.445563574078014,0.009291521486643438,3246.4897329762193,3244784.3777007633,23.274755249973758
"4 Ana Land On Sale In Dharmasthali, Tarakheshwor Kathamandu : Land For Sale In Tarakeshwar, Kathmandu","Dharmasthali, Tarakeshwar, Kathmandu",Kathmandu,1400000,0,0,0.0,0,South West,,710,0-4-0-0 Aana,0 Feet,0 Feet,Unknown,N/A Aana,7 months ago,[],Sale,1369.0,,1022.6442658875092,Tarakeshwar,0.0,,2.0,1,0,14.151983508870947,7.222566018822171,0.0017421602787456446,8400.292184075968,3287365.8440283635,-57.4127107713564
"LAND FOR SALE : Land For Sale In Khairahani, Chitwan","Khairahani Nagarpalika, Ward No 6, Chitwan, Khairahani, Chitwan",Chitwan,2500000,0,0,0.0,0,North,,197,13 Kattha,6 Meter / Gravelled,6 Meter ,Gravelled,N/A Aana,7 months ago,[],Sale,47385.0,,52.75931201857128,Khairahani,19.68504,,2.0,1,0,14.731801689838349,10.766082105406422,0.0005807200929152149,52.75931201857128,5157359.643638586,-51.525583384830284
"Immediate Sale Of 4 Ana Land In Vip Area Of Bhaisepati : Land For Sale In Bhaisepati, Lalitpur","Gokul Awash Bhaisepati, Bhaisepati, Lalitpur",Lalitpur,3500000,0,0,0.0,0,South West,,617,0-4-0-0 Aana,20 Feet / Blacktopped,20 Feet ,Blacktopped,N/A Aana,7 months ago,[],Sale,1369.0,,2556.610664718773,Bhaisepati,20.0,,2.0,1,0,15.068273812173887,7.222566018822171,0.02264808362369338,10000.0,4214613.3755076965,-16.95560925375779
"1 Ropani Land On Sale In Macchegau, Kritipur - Can Be Plotted Into 3 Pieces : Land For Sale In Naya Bazar, Kathmandu","machchhegaun, Naya Bazar, Kathmandu",Kathmandu,1000000,0,0,0.0,0,North East,,369,1-0-0-0 Ropani,32 Feet / Blacktopped,32 Feet ,Blacktopped,N/A Aana,7 months ago,[],Sale,5476.0,,182.61504747991233,Naya Bazar,32.0,,2.0,1,0,13.815511557963774,8.608312784783722,0.005807200929152149,9203.798392987583,5200392.274434084,-80.77068137886152
"5 Ana Land On Sale In Hattiban , Saatdobato : Land For Sale In Hattiban, Lalitpur","Hattiban, Hattiban, Lalitpur",Lalitpur,2300000,0,0,0.0,0,South West,,289,0-5-0-0 Aana,13 Feet / Paved,13 Feet ,Paved,N/A Aana,7 months ago,[],Sale,1711.25,,1344.046749452155,Hattiban,13.0,,2.0,1,0,14.648420115681892,7.445563574078014,0.004645760743321719,1950.328707085464,2641964.109375654,-12.94355620358773
"4 Ana Land On Sale In BhatekekoPati , Kritipur : Land For Sale In Kirtipur, Kathmandu","Bhatkepati, Kirtipur, Kathmandu",Kathmandu,2100000,0,0,0.0,0,South East,,472,0-4-0-0 Aana,16 Feet / Gravelled,16 Feet ,Gravelled,N/A Aana,7 months ago,[],Sale,1369.0,,1533.9663988312636,Kirtipur,16.0,,2.0,1,0,14.557448378884015,7.222566018822171,0.008710801393728223,1168.736303871439,1721212.568337009,22.00701055936197
"House For Sale In Dhapasi, Kathmandu","Bhagawati Temple, Dhapasi, Kathmandu",Kathmandu,35000000,6,4,3.0,8,West,,304,0-6-2-0 Aana,32 Feet / Blacktopped,32 Feet ,Blacktopped,N/A Aana,7 months ago,"['Balcony', 'TV Cable', 'Drainage', 'Water Well', 'Intercom', 'Internet', 'Parking']",Sale,2224.625,,15732.98870596168,Dhapasi,32.0,,2.0,1,7,17.370858648025116,7.7077930540320425,0.015098722415795587,15555.54898371399,36927597.34491033,-5.219937075532504
"Bunglow On Sale At Dhungedhara Near Nursery Chowk : House For Sale In Dhungedhara, Kathmandu","Nursery Chowk, Dhungedhara, Kathmandu",Kathmandu,140000000,7,4,0.0,3,East,,1K,1-7-0-0 Aana,26 Feet / Blacktopped,26 Feet ,Blacktopped,N/A Aana,7 months ago,"['Garden', 'Water Supply']",Sale,7871.75,,17785.117667608854,Dhungedhara,26.0,,2.0,1,2,18.757152987716434,8.971162708584016,0.0023228803716608595,17292.851017880395,89261873.68729857,56.841879087645864
"House For Sale In Duwakot, Bhaktapur","Duwakot, Duwakot, Bhaktapur",Bhaktapur,7500000,0,0,0.0,0,South,,1.1K,0-3-0-0 Aana,13 Feet / Gravelled,13 Feet ,Gravelled,N/A Sq. Feet,7 months ago,[],Sale,1026.75,,7304.601899196494,Duwakot,13.0,,2.0,1,0,15.830413711839864,6.935127225777988,0.0017421602787456446,891.9303371650456,2095854.3042225088,257.8493020669319
"House For Sale In Naikap, Kathmandu","Purano Naikap, Naikap, Kathmandu",Kathmandu,9500000,0,0,0.0,0,East,,444,0-2-3-0 Aana,10 Feet / Blacktopped,10 Feet ,Blacktopped,N/A Sq. Feet,7 months ago,[],Sale,941.1875,,10093.631715253337,Naikap,10.0,,2.0,1,0,16.066802461833923,6.848204299355605,0.005226480836236934,10093.631715253337,5221336.578486765,81.94575004305253
"House For Sale In Bhangal, Kathmandu","Bhangal, Bhangal, Kathmandu",Kathmandu,20000000,0,0,0.0,0,South East,,389,0-3-1-0 Aana,13 Feet / Blacktopped,13 Feet ,Blacktopped,N/A Sq. Feet,8 months ago,[],Sale,1112.3125,,17980.55852109906,Bhangal,13.0,,2.0,1,0,16.811242881518265,7.015095084552704,0.012775842044134728,17531.044558071586,8030962.625227589,149.0361483836842
"House For Sale In Hattigauda, Kathmandu","Hattigauda, Hattigauda, Kathmandu",Kathmandu,18000000,0,0,0.0,0,South,,304,3 Aana,16 Feet / Blacktopped,16 Feet ,Blacktopped,N/A Sq. Feet,8 months ago,[],Sale,1026.75,,17531.044558071586,Hattigauda,16.0,,2.0,1,0,16.705882371415992,6.935127225777988,0.022067363530778164,14609.203798392988,7347408.456158425,144.98433845627326
"House For Sale In Lekhnath, Pokhara","Pokhara Gumba Fade, Lekhnath, Pokhara",Pokhara,12000000,0,0,0.0,0,South,,266,17*45 Haat,30 Feet / Gravelled,30 Feet ,Gravelled,N/A Sq. Feet,8 months ago,[],Sale,1721.25,,6971.677559912854,Lekhnath,30.0,,2.0,1,0,16.300417291085605,7.451386854473305,0.0023228803716608595,3595.0945357062,5372699.609786454,123.35140379227268
"House For Sale In Hattigauda, Kathmandu","Hattigauda, Hattigauda, Kathmandu",Kathmandu,35000000,0,0,0.0,0,North,,224,7 Aana,15 Feet / Gravelled,15 Feet ,Gravelled,N/A Sq. Feet,8 months ago,[],Sale,2395.75,,14609.203798392988,Hattigauda,15.0,,2.0,1,0,17.370858648025116,7.781868931957106,0.022067363530778164,14609.203798392988,3537213.3842968447,889.4794629970443
"Land For Sale At Chundevi Kathmandu : Land For Sale In Maharajgunj, Kathmandu","Chundevi, Maharajgunj, Kathmandu",Kathmandu,4500000,0,0,0.0,0,West,,274,4 anna Aana,0 Feet,0 Feet,Unknown,N/A Aana,8 months ago,[],Sale,1369.0,,3287.070854638422,Maharajgunj,0.0,,2.0,1,0,15.319588176962746,7.222566018822171,0.011614401858304297,20270.270270270274,4507965.633812544,-0.17670129853689948
"Land For Sale In Pepsicola, Kathmandu","Pepsicola, Sairam Chowk, Pepsicola, Kathmandu",Kathmandu,5500000,0,0,0.0,0,East,,150,4.5 Aana,16 Feet / Blacktopped,16 Feet ,Blacktopped,4.5 Aana,8 months ago,['Water Supply'],Sale,1540.125,1540.125,3571.1387062738413,Pepsicola,16.0,,2.0,1,1,15.520258832020865,7.340267948188717,0.009291521486643438,3246.4897329762193,4727315.431514272,16.34510283224784
"House At Shankhamul For Sale : House For Sale In Patan, Lalitpur","Shankhamul, Patan, Lalitpur",Lalitpur,17600000,2,2,0.0,1,North,,414,0-2-3-1 Aana,13 Feet,13 Feet,Unknown,962 Sq. Feet,8 months ago,"['Garage', 'Balcony', 'Fencing', 'Drainage', 'Water Supply', 'Water Well', 'Water Tank']",Sale,962.578125,962.0,18284.23017612207,Patan,13.0,,2.0,1,7,16.68340951682656,6.870653569154685,0.0029036004645760743,2333.3333333333335,14541060.235032542,21.03656621680044
"House For Sale In Kapan, Kathmandu","Ram Mandir, Kapan, Kathmandu",Kathmandu,18500000,0,0,0.0,0,North,,323,0-3-2-0 Aana,13 Feet / Gravelled,13 Feet ,Gravelled,N/A Sq. Feet,8 months ago,[],Sale,1197.875,,15444.015444015444,Kapan,13.0,,2.0,1,0,16.733281344102608,7.089138896048115,0.023228803716608595,14052.66270131135,6293759.08656872,193.94197880055768
"House For Sale In Bhaisepati, Lalitpur","Wai-Wai Noodles Factory, Bhaisepati, Lalitpur",Lalitpur,25000000,0,0,3.0,0,South East,,3.7K,0-5-2-0 Aana,12 Feet / Gravelled,12 Feet ,Gravelled,N/A Aana,8 months ago,"['Balcony', 'Garden', 'Modular Kitchen', 'TV Cable', 'Wifi', 'Drainage', 'Water Supply', 'Water Tank', 'Parking']",Sale,1882.375,,13281.094362175443,Bhaisepati,12.0,,2.0,1,9,17.034386422832473,7.540820659121453,0.02264808362369338,10000.0,24927099.73602966,0.2924538544087879
"House For Sale In Anamnagar, Kathmandu","manakamana colony, Anamnagar, Kathmandu",Kathmandu,33000000,5,4,4.0,1,East,2068.0,415,5 Aana,12 Feet / Blacktopped,12 Feet ,Blacktopped,5 Aana,8 months ago,"['Balcony', 'Water Supply', 'Store Room', 'Backyard', 'Water Tank']",Sale,1711.25,1711.25,19284.149013878745,Anamnagar,12.0,2011.0,9.0,0,5,17.312018149733785,7.445563574078014,0.0017421602787456446,2921.8407596785974,32041124.606647033,2.9926396314879815
"Land For Sale In Pokhara, Pokhara","Miyapatan, Pokhara, Pokhara",Pokhara,8000000,0,0,0.0,0,West,,398,18*35 Haat,12 Feet / Gravelled,12 Feet ,Gravelled,N/A Sq. Feet,8 months ago,[],Sale,1417.5,,5643.73897707231,Pokhara,12.0,,2.0,1,0,15.894952224644102,7.257355254248906,0.011033681765389082,3638.0896618566194,3293355.629161138,142.91333523667188
"House For Sale In Samakhusi, Kathmandu","Samakhusi Kharibot, Samakhusi, Kathmandu",Kathmandu,22500000,9,4,3.0,3,South,,8.6K,3 Aana,13 Feet / Blacktopped,13 Feet ,Blacktopped,N/A Aana,8 months ago,"['Balcony', 'Modular Kitchen', 'Wifi', 'Drainage', 'Water Tank', 'Parking']",Sale,1026.75,,21913.80569758948,Samakhusi,13.0,,2.0,1,6,16.929025911619092,6.935127225777988,0.018002322880371662,19104.343428667755,22376814.461609077,0.5505052499866204
"House For Sale In Samakhusi, Kathmandu","Samakhusi kharibot, Samakhusi, Kathmandu",Kathmandu,27500000,6,3,3.0,3,West,,10K,4 Aana,13 Feet / Blacktopped,13 Feet ,Blacktopped,N/A Aana,8 months ago,"['Balcony', 'Modular Kitchen', 'TV Cable', 'Wifi', 'Drainage', 'Water Supply', 'Water Tank', 'Water Well', 'Parking']",Sale,1369.0,,20087.65522279036,Samakhusi,13.0,,2.0,1,9,17.129696599000436,7.222566018822171,0.018002322880371662,19104.343428667755,28592448.25545471,-3.820758004681534
"House Sell On Imadol : House For Sale In Imadol, Lalitpur","kozy home, Imadol, Lalitpur",Lalitpur,23800000,6,3,3.0,1,South East,2016.0,386,4 Aana,13 Feet / Gravelled,13 Feet ,Gravelled,3 Aana,8 months ago,"['Balcony', 'Water Tank', 'Water Well', 'Wifi', 'Solar Water', 'Garage']",Sale,1369.0,1026.75,17384.952520087656,Imadol,13.0,2016.0,4.0,0,6,16.98519618065851,7.222566018822171,0.050522648083623695,16278.8270896379,23819443.791098867,-0.08162991239171
"House For Sale In Naikap, Kathmandu","Naikap, Naikap, Kathmandu",Kathmandu,18500000,8,0,0.0,0,West,,4.6K,0-3-2-0 Aana,12 Feet,12 Feet,Unknown,N/A Aana,8 months ago,[],Sale,1197.875,,15444.015444015444,Naikap,12.0,,2.0,1,0,16.733281344102608,7.089138896048115,0.005226480836236934,10093.631715253337,17515840.62354935,5.618681955392351
"House For Sale In Kirtipur, Kathmandu","Tyanglaphat, Kirtipur, Kathmandu",Kathmandu,33000000,12,0,0.0,0,North,,2.1K,0-5-5-0 Aana,12 Feet / Gravelled,12 Feet ,Gravelled,N/A Aana,8 months ago,[],Sale,2139.0625,,15427.319211102995,Kirtipur,12.0,,2.0,1,0,17.312018149733785,7.668590313196899,0.008710801393728223,1168.736303871439,18121255.214922268,82.10659034714972
"House For Sale In Swayambhu, Kathmandu","Sano Bharyang, Swayambhu, Kathmandu",Kathmandu,23000000,10,0,3.0,0,South,,4.3K,4 Aana,12 Feet / Blacktopped,12 Feet ,Blacktopped,N/A Aana,8 months ago,"['Balcony', 'Modular Kitchen', 'TV Cable', 'Wifi', 'Drainage', 'Water Supply', 'Internet', 'Parking']",Sale,1369.0,,16800.584368151936,Swayambhu,12.0,,2.0,1,8,16.951004817371683,7.222566018822171,0.011033681765389082,13333.333333333334,24236431.309131026,-5.10154029428088
"House For Sale In Balambu, Kathmandu","Balambu Hariyali, Balambu, Kathmandu",Kathmandu,15500000,7,0,0.0,0,South,,1.4K,3 Aana,12 Feet / Gravelled,12 Feet ,Gravelled,N/A Aana,8 months ago,[],Sale,1026.75,,15096.177258339421,Balambu,12.0,,2.0,1,0,16.5563506464056,6.935127225777988,0.0017421602787456446,11979.54711468225,15308215.481096264,1.2528208734752002
"House For Sale In Madhyapur Thimi, Bhaktapur","Nikoshera, Madhyapur Thimi, Bhaktapur",Bhaktapur,8500000,0,0,0.0,0,East,,389,0-2-2-2 Aana,8 Meter / Soil Stabilized,8 Meter ,Soil Stabilized,N/A Sq. Feet,8 months ago,[],Sale,898.40625,,9461.19865038784,Madhyapur Thimi,26.24672,,2.0,1,0,15.955576839107596,6.801734823389625,0.004645760743321719,2027.7777777777778,3983747.4162014136,113.36694102220284
"Plotted Land For Sale : Land For Sale In Budhanilkantha, Kathmandu","Taulung, Budhanilkantha, Kathmandu",Kathmandu,2000000,0,0,0.0,0,South East,,500,"4,5,6,7,8 aana Aana",20 Feet / Gravelled,20 Feet ,Gravelled,N/A Aana,8 months ago,[],Sale,1369.0,,1460.9203798392987,Budhanilkantha,20.0,,2.0,1,0,14.508658238524095,7.222566018822171,0.11382113821138211,13184.806428049671,3125408.5528372945,-36.00836606835389
"Land For Sale In Budhanilkantha, Kathmandu","Budhanilkantha, Budhanilkantha, Kathmandu",Kathmandu,2225000,0,0,0.0,0,North,,291,0-9-2-2 Aana,15 Feet / Gravelled,15 Feet ,Gravelled,N/A Sq. Feet,8 months ago,[],Sale,3294.15625,,675.4385132763512,Budhanilkantha,15.0,,2.0,1,0,14.615267923020578,8.100208866146138,0.11382113821138211,13184.806428049671,3180003.627785968,-30.03152636183864
"House For Sale In Dhumbarahi, Kathmandu","Dhumbarahi Temple, Dhumbarahi, Kathmandu",Kathmandu,19000000,0,0,0.0,0,East,,555,0-2-3-0 Aana,10 Feet / Blacktopped,10 Feet ,Blacktopped,N/A Sq. Feet,8 months ago,[],Sale,941.1875,,20187.263430506675,Dhumbarahi,10.0,,2.0,1,0,16.759949589762293,6.848204299355605,0.008130081300813009,16950.42235582776,7736395.528698929,145.59240707791645
"House For Sale In Basundhara, Kathmandu","Basundhara - Wedding Hall, Basundhara, Kathmandu",Kathmandu,29800000,0,0,0.0,0,West,,1.3K,0-5-2-0 Aana,15 Feet / Blacktopped,15 Feet ,Blacktopped,N/A Sq. Feet,8 months ago,[],Sale,1882.375,,15831.064479713128,Basundhara,15.0,,2.0,1,0,17.21001898503268,7.540820659121453,0.02148664343786295,17666.944128289193,6329903.368910659,370.7812783740554
"Land For Sale In Kalanki, Kathmandu","Maitrinagar, Kalanki, Kathmandu",Kathmandu,3500000,0,0,0.0,0,North,,2.3K,5 Aana,14 Feet / Gravelled,14 Feet ,Gravelled,N/A Aana,8 months ago,['Water Well'],Sale,1711.25,,2045.2885317750183,Kalanki,14.0,,2.0,1,1,15.068273812173887,7.445563574078014,0.012195121951219513,2045.2885317750183,3575336.4464010396,-2.1071148836041385
"House For Sale In Budhanilkantha, Kathmandu","Bhangal, Budhanilkantha, Kathmandu",Kathmandu,26200000,13,0,0.0,0,West,,304,0-5-5-0 Aana,13 Feet / Blacktopped,13 Feet ,Blacktopped,N/A Sq. Feet,8 months ago,[],Sale,2139.0625,,12248.35646457268,Budhanilkantha,13.0,,2.0,1,0,17.081270006899263,7.668590313196899,0.11382113821138211,13184.806428049671,27044245.154508397,-3.1217183163555875
"House For Sale In Tathali, Kathmandu","Tathali, Tathali, Kathmandu",Kathmandu,4600000,0,0,1.0,0,North,,402,3 Aana,13 Feet / Soil Stabilized,13 Feet ,Soil Stabilized,N/A Sq. Feet,8 months ago,[],Sale,1026.75,,4480.1558315071825,Tathali,13.0,,2.0,1,0,15.341567078850604,6.935127225777988,0.0005807200929152149,4480.1558315071825,3672063.8812669953,25.270151847490002
"Land For Sale In Lubhu, Lalitpur","Lubhu, Lubhu, Lalitpur",Lalitpur,1000000,0,0,0.0,0,North,,424,5 Aana,17 Feet / Gravelled,17 Feet ,Gravelled,N/A Aana,8 months ago,[],Sale,1711.25,,584.3681519357195,Lubhu,17.0,,2.0,1,0,13.815511557963774,7.445563574078014,0.005807200929152149,1207.6941806671534,1608844.138513748,-37.84357502002642
"Urgent Sale 8 Aana Land At Gaushala : Land For Sale In Gaushala, Kathmandu","Gaushala, Gaushala, Kathmandu",Kathmandu,8500000,0,0,0.0,0,South,,681,0-8-0-1 Aana,13 Feet / Blacktopped,13 Feet ,Blacktopped,N/A Aana,8 months ago,[],Sale,2759.390625,,3080.3902582658084,Gaushala,13.0,,2.0,1,0,15.955576839107596,7.9231274794937585,0.0017421602787456446,8000.0,5726562.615026436,48.43110206629184
"Damak Houses(Phase II) : House For Sale In Damak, Jhapa","Dhaneswor, Damak, Jhapa",Jhapa,5500000,0,0,0.0,0,East,2019.0,371,3 Kattha,1 Feet,1 Feet,Unknown,N/A Aana,8 months ago,"['Garage', 'Water Tank', 'Water Well']",Sale,10935.0,,502.9721079103795,Damak,1.0,2019.0,1.0,0,3,15.520258832020865,9.299815378403785,0.0029036004645760743,502.9721079103795,3809597.258660833,44.37221644613912
"House For Sale Siddhartha Colony : House For Sale In Budhanilkantha, Kathmandu","Siddhartha Colony, Budhanilkantha, Kathmandu",Kathmandu,41000000,5,4,2.0,2,East,2073.0,2.2K,0-8-1-0 Aana,13 Feet / Blacktopped,13 Feet ,Blacktopped,2500 Sq. Feet,8 months ago,[],Sale,2823.5625,2500.0,14520.663169311818,Budhanilkantha,13.0,2016.0,4.0,0,0,17.529082649058825,7.946108764330733,0.11382113821138211,13184.806428049671,42029940.796398945,-2.4504930934549134
"House For Sale In Basundhara, Kathmandu","Basundhara, Basundhara, Kathmandu",Kathmandu,42000000,11,0,0.0,0,West,,251,7 Aana,15 Feet / Blacktopped,15 Feet ,Blacktopped,N/A Sq. Feet,8 months ago,[],Sale,2395.75,,17531.044558071586,Basundhara,15.0,,2.0,1,0,17.553180200057167,7.781868931957106,0.02148664343786295,17666.944128289193,38801945.304645576,8.241995782029868
"House For Sale In Surkhet Bazar, Surkhet","Surkhet, Surkhet Bazar, Surkhet",Surkhet,20000000,0,0,0.0,0,North,,420,162 Sq. Feet,20 Feet / Blacktopped,20 Feet ,Blacktopped,N/A Sq. Feet,8 months ago,"['Balcony', 'TV Cable', 'Water Well', 'Parking']",Sale,162.0,,123456.79012345678,Surkhet Bazar,20.0,,2.0,1,4,16.811242881518265,5.093750200806762,0.0005807200929152149,123456.79012345678,14156191.801728548,41.28093402604146
"Land For Sale In Kageshwari-Manohara, Kathmandu","Aalapot, Kageshwari-Manohara, Kathmandu",Kathmandu,2800000,0,0,0.0,0,North,,218,5 Aana,10 Feet / Soil Stabilized,10 Feet ,Soil Stabilized,N/A Sq. Feet,8 months ago,[],Sale,1711.25,,1636.2308254200145,Kageshwari-Manohara,10.0,,2.0,1,0,14.845130332288226,7.445563574078014,0.0017421602787456446,1636.2308254200145,2150770.000308572,30.185933391217233
"Land For Sale In Duwakot, Bhaktapur","KMC, Duwakot, Bhaktapur",Bhaktapur,1800000,0,0,0.0,0,North,,241,30 Aana,20 Feet / Blacktopped,20 Feet ,Blacktopped,N/A Sq. Feet,8 months ago,[],Sale,10267.5,,175.31044558071585,Duwakot,20.0,,2.0,1,0,14.403297778421795,9.236836235780148,0.0017421602787456446,891.9303371650456,1700752.2436905014,5.8355211158880245
"Land For Sale In Saraswatikhel, Bhaktapur","Saraswotikhel Bus Stop, Saraswatikhel, Bhaktapur",Bhaktapur,1300000,0,0,0.0,0,West,,309,10 Aana,13 Feet / Gravelled,13 Feet ,Gravelled,N/A Sq. Feet,8 months ago,[],Sale,3422.5,,379.8392987582177,Saraswatikhel,13.0,,2.0,1,0,14.077875591662238,8.138418698561118,0.0005807200929152149,379.8392987582177,959379.667684729,35.50422671946865
"Land For Sale In Chhauni, Kathmandu","Chhauni Military Barrack, Chhauni, Kathmandu",Kathmandu,2500000,0,0,0.0,0,East,,298,0-3-3-0 Aana,10 Feet / Soil Stabilized,10 Feet ,Soil Stabilized,N/A Aana,8 months ago,[],Sale,1283.4375,,1947.8938397857316,Chhauni,10.0,,2.0,1,0,14.731801689838349,7.158076158301139,0.0023228803716608595,10574.280844551115,2938990.7723055254,-14.9367863431961
"House For Sale In Budhanilkantha, Kathmandu","Jyoti Nagar, Budhanilkantha, Kathmandu",Kathmandu,25500000,6,4,3.0,2,East,,288,4.5 Aana,13 Feet / Blacktopped,13 Feet ,Blacktopped,4 Aana,8 months ago,['Garden'],Sale,1540.125,1369.0,16557.09763817872,Budhanilkantha,13.0,,2.0,1,1,17.05418904934434,7.340267948188717,0.11382113821138211,13184.806428049671,27665889.978477236,-7.828737771176697
"House For Sale In Kapan, Kathmandu","Kharibot Chowk Bus Stop, Kapan, Kathmandu",Kathmandu,15000000,0,0,0.0,0,East,2073.0,414,3 Aana,10 Feet / Blacktopped,10 Feet ,Blacktopped,N/A Aana,8 months ago,[],Sale,1026.75,,14609.203798392988,Kapan,10.0,2016.0,4.0,0,0,16.52356082573315,6.935127225777988,0.023228803716608595,14052.66270131135,6786792.050325082,121.01752770340903
"KAPURDHARA NEW HOME : House For Sale In Kapurdhara, Kathmandu","Kapurdhara, Kapurdhara, Kathmandu",Kathmandu,32000000,5,5,0.0,2,East,,489,4 Aana,13 Feet / Blacktopped,13 Feet ,Blacktopped,N/A Aana,8 months ago,"['Modular Kitchen', 'Water Supply', 'Solar Water', 'TV Cable', 'Drainage', 'Balcony']",Sale,1369.0,,23374.72607742878,Kapurdhara,13.0,,2.0,1,6,17.281246492014,7.222566018822171,0.0005807200929152149,23374.72607742878,31153272.39669241,2.717941128385242
"House For Sale In Bharatpur, Chitwan","Bharatpur lanku -trichok, Bharatpur, Chitwan",Chitwan,5000000,0,0,0.0,0,North,,378,6 Dhur,6 Meter / Gravelled,6 Meter ,Gravelled,N/A Sq. Feet,8 months ago,[],Sale,1093.5,,4572.473708276178,Bharatpur,19.68504,,2.0,1,0,15.424948670398354,6.9980529169629175,0.008710801393728223,6858.710562414266,4847735.444864275,3.140941927782697
"Stay In The Green : Land For Sale In Baghdol, Lalitpur","Awas, Magar Ghau, Shital Colony, Baghdol, Lalitpur",Lalitpur,2900000,0,0,0.0,0,South East,,251,4 Aana,22 Feet / Concrete,22 Feet ,Concrete,N/A Sq. Feet,8 months ago,[],Sale,1369.0,,2118.3345507669833,Baghdol,22.0,,2.0,1,0,14.88022163978423,7.222566018822171,0.0011614401858304297,6238.794076631914,4471338.055639695,-35.14245704723148
"Land For Sale In Imadol, Lalitpur","Boje Pokhari, Imadol, Lalitpur",Lalitpur,2700000,0,0,0.0,0,South,,290,0-3-1-0 Aana,10 Feet / Soil Stabilized,10 Feet ,Soil Stabilized,N/A Sq. Feet,8 months ago,[],Sale,1112.3125,,2427.375400348373,Imadol,10.0,,2.0,1,0,14.80876270134486,7.015095084552704,0.050522648083623695,16278.8270896379,2781822.1104383916,-2.9413135416303486
"House For Sale In Dadikot, Bhaktapur","Dadhikot, Dadikot, Bhaktapur",Bhaktapur,11500000,0,0,0.0,0,North,,587,0-3-0-3 Aana,12 Feet / Gravelled,12 Feet ,Gravelled,N/A Sq. Feet,8 months ago,[],Sale,1090.921875,,10541.543132958077,Dadikot,12.0,,2.0,1,0,16.257857680289998,6.995694610705232,0.0029036004645760743,10541.543132958077,5262892.806824367,118.51100567900619
"Land For Sale In Goldhunga, Kathmandu","Goldhunga, Goldhunga, Kathmandu",Kathmandu,1500000,0,0,0.0,0,South,,280,0-3-3-0 Aana,13 Feet / Gravelled,13 Feet ,Gravelled,N/A Sq. Feet,8 months ago,[],Sale,1283.4375,,1168.736303871439,Goldhunga,13.0,,2.0,1,0,14.220976332738882,7.158076158301139,0.005226480836236934,5064.523983442902,3760855.1452796333,-60.11545401096618
"Land For Sale In Chabahil, Kathmandu","Bhadrabas, Chabahil, Kathmandu",Kathmandu,1200000,0,0,0.0,0,North,,455,0-4-2-3 Aana,20 Feet / Soil Stabilized,20 Feet ,Soil Stabilized,N/A Sq. Feet,8 months ago,[],Sale,1604.296875,,747.9912344777209,Chabahil,20.0,,2.0,1,0,13.997832948091215,7.38106398730684,0.0156794425087108,4515.572083139651,2308429.0650637983,-48.01659630087722
"Hotel On Sale : Business For Sale In Devkota Chowk, Bhairahawa","Nearby Gallamandi Road, Devkota Chowk, Bhairahawa",Bhairahawa,125000000,16,20,3.0,1,North,,637,32 Aana,55 Feet,55 Feet,Unknown,10000 Aana,8 months ago,"['Lawn', 'Air Condition', 'Microwave', 'TV Cable', 'Washing Machine', 'Wifi', 'Drainage', 'Water Supply', 'Water Tank', 'CCTV', 'Cafeteria', 'Electricity Backup', 'Internet', 'Maintenance']",Sale,10952.0,3422500.0,11413.440467494522,Devkota Chowk,55.0,,2.0,1,14,18.643824303266577,9.301368670323747,0.0005807200929152149,11413.440467494522,97807910.12750363,27.80152427042804
"Land For Sale In Boudha, Kathmandu","Boudha Road Town planning, Boudha, Kathmandu",Kathmandu,5400000,0,0,0.0,0,South,,256,4 Aana,6 Meter / Blacktopped,6 Meter ,Blacktopped,N/A Sq. Feet,8 months ago,[],Sale,1369.0,,3944.4850255661067,Boudha,19.68504,,2.0,1,0,15.501909696719672,7.222566018822171,0.004645760743321719,5222.242512783054,4955140.593589558,8.977735303534157
"House For Sale In Gothatar, Kathmandu","Mantar Chowk, Gothatar, Kathmandu",Kathmandu,14000000,8,0,3.0,0,West,,911,0-2-2-0 Aana,13 Feet / Gravelled,13 Feet ,Gravelled,N/A Sq. Feet,8 months ago,[],Sale,855.625,,16362.308254200147,Gothatar,13.0,,2.0,1,0,16.454567959008102,6.753000249905988,0.004645760743321719,14261.365612716963,15740403.83931563,-11.056919867383153
"House For Sale In Bharatpur, Chitwan","Tri Chowk bharatpur, Bharatpur, Chitwan",Chitwan,5000000,2,1,1.0,0,South,,278,6 Dhur,6 Meter / Blacktopped,6 Meter ,Blacktopped,N/A Dhur,8 months ago,[],Sale,1093.5,,4572.473708276178,Bharatpur,19.68504,,2.0,1,0,15.424948670398354,6.9980529169629175,0.008710801393728223,6858.710562414266,5507587.48376137,-9.216149271490403
"House For Sale In Hattiban, Lalitpur","Little Angels School, Hattiban, Lalitpur",Lalitpur,49500000,0,0,0.0,0,East,,11.9K,9 Aana,16 Feet / Blacktopped,16 Feet ,Blacktopped,N/A Aana,8 months ago,[],Sale,3080.25,,16070.124178232287,Hattiban,16.0,,2.0,1,0,17.71748324774094,8.033090637791,0.004645760743321719,1950.328707085464,3175609.4845352257,1458.7558936657067
"13 Anna Land On Sale At Balambu : Land For Sale In Balambu, Kathmandu","gurjhudhara, Balambu, Kathmandu",Kathmandu,1700000,0,0,0.0,0,East,,233,13 Aana,16 Feet,16 Feet,Unknown,N/A Aana,8 months ago,[],Sale,4449.25,,382.08686857335505,Balambu,16.0,,2.0,1,0,14.346139397261565,8.400715553357543,0.0017421602787456446,11979.54711468225,6053181.528106609,-71.91559526000623
"0-4-2-3 Anna Land On Sale At Baad Bhanjyang : Land For Sale In Chandragiri, Kathmandu","baad bhanjyang, Chandragiri, Kathmandu",Kathmandu,1100000,0,0,0.0,0,North East,,301,0-4-2-3 Aana,13 Feet,13 Feet,Unknown,N/A Aana,8 months ago,[],Sale,1604.296875,,685.6586316045775,Chandragiri,13.0,,2.0,1,0,13.910821646859095,7.38106398730684,0.008130081300813009,1241.7823228634038,1744911.9762527086,-36.95957074222686
"Land On Sale At Gairidhara Kathmandu : Land For Sale In Gairidhara, Kathmandu","Gairidhara Road, Gairidhara, Kathmandu",Kathmandu,10000000,0,0,0.0,0,East,,317,0-4-0-0 Aana,13 Feet / Blacktopped,13 Feet ,Blacktopped,N/A Aana,8 months ago,[],Sale,1369.0,,7304.601899196494,Gairidhara,13.0,,2.0,1,0,16.118095750958314,7.222566018822171,0.0011614401858304297,19722.425127830535,7187797.074045801,39.124684475424296
"Land On Sale At Manbhawan Lalitpur : Land For Sale In Jawalakhel, Lalitpur","Lokeshwor Tole, Jawalakhel, Lalitpur",Lalitpur,8500000,0,0,0.0,0,North West,,248,1-0-0-0 Aana,13 Feet / Blacktopped,13 Feet ,Blacktopped,N/A Aana,8 months ago,[],Sale,5476.0,,1552.2279035792549,Jawalakhel,13.0,,2.0,1,0,15.955576839107596,8.608312784783722,0.0005807200929152149,1552.2279035792549,4049443.2887892015,109.9053967129771
"House For Sale In Dhading, Dhading","Dhading Mankamana tol, Dhading, Dhading",Dhading,9500000,0,0,2.0,0,North,,157,5 Aana,15 Feet / Soil Stabilized,15 Feet ,Soil Stabilized,N/A Sq. Feet,8 months ago,[],Sale,1711.25,,5551.497443389335,Dhading,15.0,,2.0,1,0,16.066802461833923,7.445563574078014,0.0017421602787456446,5551.497443389335,12589387.863044173,-24.539619373496244
"House On Sale At Dhobighat : House For Sale In Dhobighat, Lalitpur","Naya Bato, Dhobighat, Lalitpur",Lalitpur,80000000,5,5,0.0,4,East,2069.0,544,0-9-0-0 Aana,20 Feet / Blacktopped,20 Feet ,Blacktopped,N/A Aana,8 months ago,[],Sale,3080.25,,25971.917863809755,Dhobighat,20.0,2012.0,8.0,0,0,18.197537205138154,8.033090637791,0.004645760743321719,12685.252820387956,65991800.03491529,21.227182707053267
"House For Sale In Kadaghari, Kathmandu","HarHar Mahadev Chowk, Kadaghari, Kathmandu",Kathmandu,17000000,5,2,3.0,1,East,2076.0,531,3 Aana,12 Feet / Blacktopped,12 Feet ,Blacktopped,N/A Aana,8 months ago,"['Garage', 'Fencing', 'Water Tank']",Sale,1026.75,,16557.09763817872,Kadaghari,12.0,2019.0,1.0,0,3,16.648723960844016,6.935127225777988,0.009291521486643438,11930.849768687607,16394030.054600384,3.6962842167632397
"House For Sale In Imadol, Lalitpur","bhadrakali imadol, Imadol, Lalitpur",Lalitpur,10000000,2,2,1.0,1,North East,,3.1K,3 Aana,13 Feet / Blacktopped,13 Feet ,Blacktopped,N/A Aana,8 months ago,"['TV Cable', 'Drainage', 'Water Supply', 'Water Well', 'Internet', 'Parking']",Sale,1026.75,,9739.469198928658,Imadol,13.0,,2.0,1,6,16.118095750958314,6.935127225777988,0.050522648083623695,16278.8270896379,11020278.021539124,-9.258187674984162
"House For Sale In Imadol, Lalitpur","Imadol, way to tikathali, Imadol, Lalitpur",Lalitpur,30000000,9,5,4.0,3,North West,2076.0,919,0-3-2-0 Aana,33 Feet / Blacktopped,33 Feet ,Blacktopped,0-3-0-0 Aana,8 months ago,"['Garage', 'Balcony', 'Store Room', 'Parking', 'Water Well', 'Water Tank']",Sale,1197.875,1026.75,25044.349368673695,Imadol,33.0,2019.0,1.0,0,6,17.216707972959764,7.089138896048115,0.050522648083623695,16278.8270896379,28471525.194288194,5.368433181157574
"Land For Sale In Bhaisepati, Lalitpur","Bhaisepati, Bhaisepati, Lalitpur",Lalitpur,4500000,0,0,0.0,0,West,,239,8 Aana,15 Feet / Gravelled,15 Feet ,Gravelled,N/A Sq. Feet,8 months ago,[],Sale,2738.0,,1643.535427319211,Bhaisepati,15.0,,2.0,1,0,15.319588176962746,7.915348169263078,0.02264808362369338,10000.0,3911321.60256616,15.050626290807104
"Land For Sale In Sitapaila, Kathmandu","Nagarjun Municipality Office, Sitapaila, Kathmandu",Kathmandu,1200000,0,0,0.0,0,South,,433,0-4-2-0 Aana,12 Feet / Gravelled,12 Feet ,Gravelled,N/A Sq. Feet,8 months ago,[],Sale,1540.125,,779.1575359142927,Sitapaila,12.0,,2.0,1,0,13.997832948091215,7.340267948188717,0.013937282229965157,14791.8188458729,3424634.2755006505,-64.95976202233827
"Land For Sale In Naikap, Kathmandu","Purano Naikap, Naikap, Kathmandu",Kathmandu,1300000,0,0,0.0,0,West,,1.4K,10 Aana,10 Feet / Soil Stabilized,10 Feet ,Soil Stabilized,N/A Aana,8 months ago,[],Sale,3422.5,,379.8392987582177,Naikap,10.0,,2.0,1,0,14.077875591662238,8.138418698561118,0.005226480836236934,10093.631715253337,2282524.3494418524,-43.04551448408907
"Land For Sale In Naikap, Kathmandu","Purano Naikap, Naikap, Kathmandu",Kathmandu,1700000,0,0,0.0,0,South,,3.4K,4 Aana,10 Feet / Soil Stabilized,10 Feet ,Soil Stabilized,N/A Aana,8 months ago,[],Sale,1369.0,,1241.782322863404,Naikap,10.0,,2.0,1,0,14.346139397261565,7.222566018822171,0.005226480836236934,10093.631715253337,2017059.9112605185,-15.718913924692432
"Sukedhara, Jyotinagar House For Sell : House For Sale In Budhanilkantha, Kathmandu","Sukedhara, Jyoti Nagar, Budhanilkantha, Kathmandu",Kathmandu,22500000,0,3,3.0,2,East,,344,3.5 Aana,13 Feet / Paved,13 Feet ,Paved,3 Aana,8 months ago,['Balcony'],Sale,1197.875,1026.75,18783.26202650527,Budhanilkantha,13.0,,2.0,1,1,16.929025911619092,7.089138896048115,0.11382113821138211,13184.806428049671,20736389.024567425,8.504908802314317
"Land For Sale In Sanepa, Lalitpur","Everest Engineering College, Sanepa, Lalitpur",Lalitpur,5500000,0,0,0.0,0,West,,690,8 Aana,15 Feet / Concrete,15 Feet ,Concrete,N/A Aana,8 months ago,[],Sale,2738.0,,2008.7655222790358,Sanepa,15.0,,2.0,1,0,15.520258832020865,7.915348169263078,0.009872241579558653,3756.652405301054,4769193.411451074,15.323483983564646
"Land For Sale In Sanepa, Lalitpur","Chaudhary Group, Sanepa, Lalitpur",Lalitpur,7000000,0,0,0.0,0,West,,688,11 Aana,15 Feet / Blacktopped,15 Feet ,Blacktopped,N/A Aana,8 months ago,[],Sale,3764.75,,1859.3532107045621,Sanepa,15.0,,2.0,1,0,15.76142084987672,8.233702323582925,0.009872241579558653,3756.652405301054,5134174.896614544,36.341284450901234
"Land For Sale In Sanepa, Lalitpur","Sanepa Heights Road, Sanepa, Lalitpur",Lalitpur,5500000,0,0,0.0,0,West,,517,12 Aana,13 Feet / Concrete,13 Feet ,Concrete,N/A Aana,8 months ago,[],Sale,4107.0,,1339.1770148526905,Sanepa,13.0,,2.0,1,0,15.520258832020865,8.32069157104845,0.009872241579558653,3756.652405301054,4875431.430101715,12.810529259874235
"House For Sale In Kadaghari, Kathmandu","Hattidada Gothatar 9, Kadaghari, Kathmandu",Kathmandu,22000000,11,0,2.0,0,West,,351,5 Aana,15 Feet / Gravelled,15 Feet ,Gravelled,N/A Sq. Feet,8 months ago,[],Sale,1711.25,,12856.099342585829,Kadaghari,15.0,,2.0,1,0,16.906553056777135,7.445563574078014,0.009291521486643438,11930.849768687607,22307063.850875527,-1.3765319045494855
"Shivam Guest House : Land For Sale In Buddha Bhumi Nagarpalika, Kapilvastu","Near Shree Laxmi Narayan Rd, Krishnanagar, Buddha Bhumi Nagarpalika, Kapilvastu",Kapilvastu,37000000,0,0,0.0,0,East,,151,8520 Sq. Feet,0 Feet / Paved,0 Feet ,Paved,N/A Sq. Feet,8 months ago,[],Sale,8520.0,,4342.723004694835,Buddha Bhumi Nagarpalika,0.0,,2.0,1,0,17.426428497635523,9.050288983827956,0.0005807200929152149,4342.723004694835,13838246.776586207,167.374910979349
"House For Sale In Gothatar, Kathmandu","Gothatar, Gothatar, Kathmandu",Kathmandu,36000000,0,0,0.0,0,South,,255,0-6-3-0 Aana,20 Feet / Gravelled,20 Feet ,Gravelled,N/A Aana,8 months ago,[],Sale,2310.1875,,15583.150718285853,Gothatar,20.0,,2.0,1,0,17.399029524198163,7.745516740691571,0.004645760743321719,14261.365612716963,4377255.021040622,722.4332333152839
"House For Sale In Kadaghari, Kathmandu","Gandhi Adarsha H. S. School/College, Kadaghari, Kathmandu",Kathmandu,13200000,7,0,2.0,0,North,,414,0-2-2-0 Aana,13 Feet / Gravelled,13 Feet ,Gravelled,N/A Sq. Feet,8 months ago,[],Sale,855.625,,15427.319211102995,Kadaghari,13.0,,2.0,1,0,16.395727463314174,6.753000249905988,0.009291521486643438,11930.849768687607,13958468.143710203,-5.433749147122389
"House For Sale In Kapan, Kathmandu","Ramhity Pragati Chowk, Kapan, Kathmandu",Kathmandu,29000000,18,0,4.0,0,North,,279,0-4-1-0 Aana,32 Feet / Gravelled,32 Feet ,Gravelled,N/A Sq. Feet,8 months ago,[],Sale,1454.5625,,19937.266360159843,Kapan,32.0,,2.0,1,0,17.182806422433504,7.283147702834008,0.023228803716608595,14052.66270131135,26951025.14303623,7.602585972479028
"House For Sale In Sitapaila, Kathmandu","Padma colony, Sitapaila, Kathmandu",Kathmandu,20500000,0,0,0.0,0,West,,481,5 Aana,20 Feet / Blacktopped,20 Feet ,Blacktopped,N/A Sq. Feet,8 months ago,[],Sale,1711.25,,11979.54711468225,Sitapaila,20.0,,2.0,1,0,16.835935492889124,7.445563574078014,0.013937282229965157,14791.8188458729,4958169.227024746,313.4590624350564
"House For Sale In Tahachal, Kathmandu","Tahachal, Tahachal, Kathmandu",Kathmandu,27000000,3,4,0.0,1,North,2018.0,452,3.5 Aana,0 Feet,0 Feet,Unknown,3 Aana,8 months ago,[],Sale,1197.875,1026.75,22539.914431806323,Tahachal,0.0,2018.0,2.0,0,0,17.11134746100564,7.089138896048115,0.0023228803716608595,11243.00743263969,24715953.68742606,9.24118219939828
"Land For Sale In Sanepa, Lalitpur","Jhamsikhel, Sanepa, Lalitpur",Lalitpur,8000000,0,0,0.0,0,West,,310,6 Aana,0 Feet,0 Feet,Unknown,N/A Aana,8 months ago,[],Sale,2053.5,,3895.7876795714633,Sanepa,0.0,,2.0,1,0,15.894952224644102,7.627787788323465,0.009872241579558653,3756.652405301054,3465588.4774471964,130.84102604972063
"House For Sale In Balaju, Kathmandu","Balaju, Balaju, Kathmandu",Kathmandu,12000000,0,0,0.0,0,West,,672,0-3-5-0 Aana,26 Feet / Blacktopped,26 Feet ,Blacktopped,N/A Sq. Feet,8 months ago,[],Sale,1454.5625,,8249.903321445452,Balaju,26.0,,2.0,1,0,16.300417291085605,7.283147702834008,0.007549361207897794,8249.903321445452,5131234.979262528,133.86182953025988
"House For Sale In Imadol, Lalitpur","Imadol, Imadol, Lalitpur",Lalitpur,19500000,5,3,3.0,0,North,2076.0,1.4K,0-3-2-0 Aana,13 Feet / Gravelled,13 Feet ,Gravelled,N/A Aana,8 months ago,[],Sale,1197.875,,16278.8270896379,Imadol,13.0,2019.0,1.0,0,0,16.785925074816024,7.089138896048115,0.050522648083623695,16278.8270896379,18898425.679625846,3.1831980640731534
"House For Sale In Basundhara, Kathmandu","HERALD INT'L COLLEGE & H.S.S., Basundhara, Kathmandu",Kathmandu,19500000,0,0,0.0,0,North,,524,0-3-5-0 Aana,13 Feet / Blacktopped,13 Feet ,Blacktopped,N/A Sq. Feet,8 months ago,[],Sale,1454.5625,,13406.092897348859,Basundhara,13.0,,2.0,1,0,16.785925074816024,7.283147702834008,0.02148664343786295,17666.944128289193,8820504.845739154,121.07578127367277
"Land For Sale In Dhobighat, Lalitpur","Sunrise Towers, Dhobighat, Lalitpur",Lalitpur,3700000,0,0,0.0,0,East,,530,4 Aana,5 Feet / Blacktopped,5 Feet ,Blacktopped,N/A Aana,8 months ago,[],Sale,1369.0,,2702.7027027027025,Dhobighat,5.0,,2.0,1,0,15.123843647884687,7.222566018822171,0.004645760743321719,12685.252820387956,3883249.057520914,-4.718962260893486
"Land For Sale In Sankhu, Kathmandu","Sankhu Road, Sankhu, Kathmandu",Kathmandu,1350000,0,0,0.0,0,North,,179,10 Aana,13 Feet / Soil Stabilized,13 Feet ,Soil Stabilized,N/A Sq. Feet,8 months ago,[],Sale,3422.5,,394.44850255661066,Sankhu,13.0,,2.0,1,0,14.115615891155079,8.138418698561118,0.0017421602787456446,701.2417823228634,1640742.0034792218,-17.720153617247465
"Land For Sale In Boudha, Kathmandu","Townplanning, Boudha, Kathmandu",Kathmandu,3700000,0,0,0.0,0,West,,251,4 Aana,12 Feet / Gravelled,12 Feet ,Gravelled,N/A Sq. Feet,8 months ago,[],Sale,1369.0,,2702.7027027027025,Boudha,12.0,,2.0,1,0,15.123843647884687,7.222566018822171,0.004645760743321719,5222.242512783054,3794323.793085729,-2.485918393617643
"Land For Sale : Land For Sale In Chandragiri, Kathmandu","chekpost ,thankot ,chandragiri, Chandragiri, Kathmandu",Kathmandu,1500000,0,0,0.0,0,West,,493,0-4-0-0 Aana,20 Feet / Blacktopped,20 Feet ,Blacktopped,N/A Aana,8 months ago,[],Sale,1369.0,,1095.6902848794741,Chandragiri,20.0,,2.0,1,0,14.220976332738882,7.222566018822171,0.008130081300813009,1241.7823228634038,1704363.5480223258,-11.990607770241331
"Land For Sale : Land For Sale In Chandragiri, Kathmandu","cable car bottom station, Chandragiri, Kathmandu",Kathmandu,1600000,0,0,0.0,0,East,,449,0-5-0-1 Aana,13 Feet / Blacktopped,13 Feet ,Blacktopped,N/A Aana,8 months ago,[],Sale,1732.640625,,923.4459684910136,Chandragiri,13.0,,2.0,1,0,14.285514812209815,7.457978883842365,0.008130081300813009,1241.7823228634038,1703158.2465166287,-6.056879724923522
"Land For Sale In Patan, Lalitpur","Chyasal gate, Patan, Lalitpur",Lalitpur,4000000,0,0,0.0,0,North,,267,3 Ropani,20 Feet / Blacktopped,20 Feet ,Blacktopped,N/A Ropani,8 months ago,[],Sale,16428.0,,243.48672997321646,Patan,20.0,,2.0,1,0,15.201805169084134,9.706803344906337,0.0029036004645760743,2333.3333333333335,6597399.254467389,-39.370048018673046
"Land For Sale In Koteshwor, Kathmandu","Koteshwor, Koteshwor, Kathmandu",Kathmandu,5000000,0,0,0.0,0,South,,210,1 Ropani,20 Feet / Blacktopped,20 Feet ,Blacktopped,N/A Ropani,8 months ago,[],Sale,5476.0,,913.0752373995617,Koteshwor,20.0,,2.0,1,0,15.424948670398354,8.608312784783722,0.004645760743321719,1823.906416811822,2447910.054818297,104.25587084616717
"House For Sale In Kapan, Kathmandu","Jyoti Nagar Road, Kapan, Kathmandu",Kathmandu,26500000,11,5,3.0,0,East,,253,4 Aana,13 Feet / Blacktopped,13 Feet ,Blacktopped,N/A Sq. Feet,8 months ago,[],Sale,1369.0,,19357.19503287071,Kapan,13.0,,2.0,1,0,17.0926553286923,7.222566018822171,0.023228803716608595,14052.66270131135,26184665.804237857,1.2042704616497617
"House For Sale In Kapan, Kathmandu","Valley Public H.S. School, Kapan, Kathmandu",Kathmandu,25500000,11,0,3.0,0,North,,2.2K,0-4-0-0 Aana,13 Feet / Blacktopped,13 Feet ,Blacktopped,N/A Sq. Feet,8 months ago,[],Sale,1369.0,,18626.73484295106,Kapan,13.0,,2.0,1,0,17.05418904934434,7.222566018822171,0.023228803716608595,14052.66270131135,23548666.450965397,8.286386632966243
"House For Sale In Naikap, Kathmandu","Naikap Naya Bhanjyang, Naikap, Kathmandu",Kathmandu,29500000,5,2,3.0,1,South,2067.0,1.9K,0-6-3-3 Aana,15 Feet / Blacktopped,15 Feet ,Blacktopped,N/A Aana,8 months ago,"['Balcony', 'Garden', 'TV Cable', 'Drainage', 'Water Supply', 'Solar Water', 'Water Tank', 'Water Well', 'Internet', 'Parking', 'Store Room']",Sale,2374.359375,,12424.403951065748,Naikap,15.0,2010.0,10.0,0,11,17.19990085520835,7.7729040208111355,0.005226480836236934,10093.631715253337,31216908.9623132,-5.499932630696875
"House For Sale In Sukedhara Ektabasti : House For Sale In Budhanilkantha, Kathmandu","Sukedhara, Budhanilkantha, Kathmandu",Kathmandu,23500000,0,3,3.0,2,East,2018.0,530,4.1 Aana,13 Feet / Blacktopped,13 Feet ,Blacktopped,3.5 Aana,8 months ago,['Balcony'],Sale,1403.225,1197.875,16747.13606157245,Budhanilkantha,13.0,2018.0,2.0,0,1,16.97251102166758,7.247240828156326,0.11382113821138211,13184.806428049671,23780059.5734841,-1.1777076193550844
"House For Sale In Imadol, Lalitpur","Nayabasti, Imadol, Lalitpur",Lalitpur,15000000,4,3,3.0,0,South,,998,0-2-2-0 Aana,13 Feet / Gravelled,13 Feet ,Gravelled,N/A Sq. Feet,8 months ago,[],Sale,855.625,,17531.044558071586,Imadol,13.0,,2.0,1,0,16.52356082573315,6.753000249905988,0.050522648083623695,16278.8270896379,16094651.86236884,-6.801339176079127
"House For Sale In Imadol, Lalitpur","Krishna Temple, Imadol, Lalitpur",Lalitpur,19000000,4,3,3.0,0,South East,,587,0-3-0-3 Aana,10 Feet / Gravelled,10 Feet ,Gravelled,N/A Sq. Feet,8 months ago,[],Sale,1090.921875,,17416.462567495953,Imadol,10.0,,2.0,1,0,16.759949589762293,6.995694610705232,0.050522648083623695,16278.8270896379,17864705.964668285,6.354955058185842
"House For Sale In Imadol, Lalitpur","Nayabasti, Imadol, Lalitpur",Lalitpur,15000000,4,3,3.0,0,South,,1K,0-2-2-0 Aana,13 Feet / Gravelled,13 Feet ,Gravelled,N/A Aana,8 months ago,[],Sale,855.625,,17531.044558071586,Imadol,13.0,,2.0,1,0,16.52356082573315,6.753000249905988,0.050522648083623695,16278.8270896379,16094651.86236884,-6.801339176079127
"Business For Sale In Basantapur, Kathmandu","Basantapur Durbar Square, Basantapur, Kathmandu",Kathmandu,1700000,0,0,0.0,0,South East,,1.9K,200 Sq. Feet,30 Feet / Blacktopped,30 Feet ,Blacktopped,N/A Sq. Feet,8 months ago,[],Sale,200.0,,8500.0,Basantapur,30.0,,2.0,1,0,14.346139397261565,5.303304908059076,0.0011614401858304297,4523.922571219869,1642889.9283377645,3.476195859330521
"House For Sale In Imadol, Lalitpur","Imadol Swimming Pool, Imadol, Lalitpur",Lalitpur,23500000,4,3,3.0,0,South,,300,0-3-3-0 Aana,20 Feet / Gravelled,20 Feet ,Gravelled,N/A Sq. Feet,8 months ago,"['Balcony', 'Modular Kitchen', 'Wifi', 'Drainage', 'Water Tank', 'Parking']",Sale,1283.4375,,18310.202093985878,Imadol,20.0,,2.0,1,6,16.97251102166758,7.158076158301139,0.050522648083623695,16278.8270896379,20588741.30454768,14.14005184867361
"House For Sale In Imadol, Lalitpur","Nayabasti, Imadol, Lalitpur",Lalitpur,18000000,5,4,3.0,0,North West,,4.1K,3 Aana,11 Feet / Gravelled,11 Feet ,Gravelled,N/A Sq. Feet,8 months ago,"['Balcony', 'Modular Kitchen', 'Wifi', 'Drainage', 'Water Tank', 'Water Well', 'Parking']",Sale,1026.75,,17531.044558071586,Imadol,11.0,,2.0,1,7,16.705882371415992,6.935127225777988,0.050522648083623695,16278.8270896379,18308083.449484084,-1.6827728054340143
"House For Sale In Imadol, Lalitpur","Korean Church, Imadol, Lalitpur",Lalitpur,18500000,3,3,3.0,2,South,2076.0,2K,0-3-1-0 Aana,13 Feet / Gravelled,13 Feet ,Gravelled,N/A Aana,8 months ago,"['Balcony', 'Modular Kitchen', 'TV Cable', 'Wifi', 'Drainage', 'Water Tank', 'Water Well', 'Internet', 'Parking']",Sale,1112.3125,,16632.01663201663,Imadol,13.0,2019.0,1.0,0,9,16.733281344102608,7.015095084552704,0.050522648083623695,16278.8270896379,18701602.259066753,-1.0779945818226029
"House For Sale In Itahari, Sunsari","Itahari, Itahari, Sunsari",Sunsari,15000000,0,0,0.0,0,North,,312,9 Dhur,20 Feet / Blacktopped,20 Feet ,Blacktopped,N/A Sq. Feet,8 months ago,[],Sale,1640.25,,9144.947416552355,Itahari,20.0,,2.0,1,0,16.52356082573315,7.403213425617006,0.0023228803716608595,3017.8326474622772,3647972.7801834974,311.1872786300089
"House For Sale In Tokha, Kathmandu","Panchetar, Tokha, Kathmandu",Kathmandu,24500000,7,3,3.0,0,South East,,301,0-4-2-0 Aana,10 Feet / Gravelled,10 Feet ,Gravelled,N/A Sq. Feet,8 months ago,[],Sale,1540.125,,15907.799691583476,Tokha,10.0,,2.0,1,0,17.01418371633128,7.340267948188717,0.020905923344947737,15806.346887427968,24644963.769681923,-0.5882084917497692
"House For Sale In Baneshwor, Kathmandu","Buddhanagar, Baneshwor, Kathmandu",Kathmandu,33000000,0,0,3.0,3,South,,4.3K,0-4-2-0 Aana,8 Feet / Gravelled,8 Feet ,Gravelled,N/A Sq. Feet,8 months ago,[],Sale,1540.125,,21426.832237643048,Baneshwor,8.0,,2.0,1,0,17.312018149733785,7.340267948188717,0.009291521486643438,6726.190476190476,27196629.691213414,21.338564280490672
"6 Aana Land Sale At Minbhawan : Land For Sale In Minbhawan, Kathmandu","Aloknagar, Minbhawan, Kathmandu",Kathmandu,6500000,0,0,0.0,0,South East,,268,0-6-0-0 Aana,20 Feet,20 Feet,Unknown,N/A Aana,8 months ago,[],Sale,2053.5,,3165.327489651814,Minbhawan,20.0,,2.0,1,0,15.687312888712007,7.627787788323465,0.0011614401858304297,3481.8602386169955,5004457.178590486,29.884216570132317
"Shankhamul 12 Aana Land Sale : Land For Sale In Baneshwor, Kathmandu","Shankhamul, Baneshwor, Kathmandu",Kathmandu,6500000,0,0,0.0,0,East,,324,0-12-0-0 Aana,20 Feet,20 Feet,Unknown,N/A Aana,8 months ago,[],Sale,4107.0,,1582.663744825907,Baneshwor,20.0,,2.0,1,0,15.687312888712007,8.32069157104845,0.009291521486643438,6726.190476190476,6252549.116370119,3.957599996807974
"12 Aana Land Dhobighat : Land For Sale In Dhobighat, Lalitpur","Thadodhunga, Dhobighat, Lalitpur",Lalitpur,6500000,0,0,0.0,0,North,,312,0-12-0-0 Aana,20 Feet,20 Feet,Unknown,N/A Aana,8 months ago,[],Sale,4107.0,,1582.663744825907,Dhobighat,20.0,,2.0,1,0,15.687312888712007,8.32069157104845,0.004645760743321719,12685.252820387956,5904835.519914799,10.079272793931917
"Land For Sale In Sanepa, Lalitpur","Sanepa, Sanepa, Lalitpur",Lalitpur,5500000,0,0,0.0,0,South East,,248,1-0-0-0 Aana,13 Feet,13 Feet,Unknown,N/A Aana,8 months ago,[],Sale,5476.0,,1004.3827611395179,Sanepa,13.0,,2.0,1,0,15.520258832020865,8.608312784783722,0.009872241579558653,3756.652405301054,4821664.424659517,14.068494104883381
"House For Sale In Damak, Jhapa","Damak, Damak, Jhapa",Jhapa,19000000,0,0,2.0,0,East,,300,21 Dhur,15 Feet / Gravelled,15 Feet ,Gravelled,N/A Dhur,8 months ago,[],Sale,3827.25,,4964.400026128421,Damak,15.0,,2.0,1,0,16.759949589762293,8.250163058695318,0.0029036004645760743,502.9721079103795,10610237.071096804,79.0723418589546
"48lak House Cheap : House For Sale In Sanepa, Lalitpur","sanepa, Sanepa, Lalitpur",Lalitpur,4800000,2,1,1.0,1,West,2018.0,859,3 Aana,13 Feet / Gravelled,13 Feet ,Gravelled,540 Sq. Feet,8 months ago,"['Garden', 'Modular Kitchen', 'Wifi', 'Water Tank', 'Water Well', 'Water Supply', 'Electricity Backup', 'Internet', 'Kids Playground']",Sale,1026.75,540.0,4674.945215485756,Sanepa,13.0,2018.0,2.0,0,9,15.38412668421143,6.935127225777988,0.009872241579558653,3756.652405301054,6555068.643909103,-26.774222197350955
"Business For Sale In Hattigauda, Kathmandu","Hattigauda, Hattigauda, Kathmandu",Kathmandu,900000,0,0,0.0,0,East,,207,400 Sq. Feet,15 Feet / Blacktopped,15 Feet ,Blacktopped,N/A Sq. Feet,8 months ago,[],Sale,400.0,,2250.0,Hattigauda,15.0,,2.0,1,0,13.710151153416941,5.993961427306569,0.022067363530778164,14609.203798392988,1001216.3703259263,-10.109340330999316
"House For Sale In Changunarayan, Bhaktapur","Jhaukhel, Changunarayan, Bhaktapur",Bhaktapur,21500000,0,0,3.5,0,West,,165,7 Aana,15 Feet / Gravelled,15 Feet ,Gravelled,N/A Sq. Feet,8 months ago,[],Sale,2395.75,,8974.225190441406,Changunarayan,15.0,,2.0,1,0,16.88356353960952,7.781868931957106,0.003484320557491289,774.2878013148284,13845701.692969453,55.28284861804609
"House For Sale In Dhapakhel, Lalitpur","Dhapakhel, Dhapakhel, Lalitpur",Lalitpur,26000000,0,0,0.0,0,South,,205,0-4-5-0 Aana,12 Feet / Blacktopped,12 Feet ,Blacktopped,N/A Sq. Feet,8 months ago,[],Sale,1796.8125,,14470.068524122578,Dhapakhel,12.0,,2.0,1,0,17.073607134447293,7.494325927057613,0.005807200929152149,14214.98718796016,4809036.124994468,440.6488810692789
"House For Sale In Pokhara, Pokhara","Pokhara, Pokhara, Pokhara",Pokhara,26000000,13,0,0.0,0,East,,7.4K,16*34 Haat,20 Feet / Blacktopped,20 Feet ,Blacktopped,N/A Haat,8 months ago,[],Sale,1224.0,,21241.830065359478,Pokhara,20.0,,2.0,1,0,17.073607134447293,7.110696122978827,0.011033681765389082,3638.0896618566194,17246690.88471863,50.75355715360567
"Land For Sale In Tikathali, Lalitpur","Tikathali, Tikathali, Lalitpur",Lalitpur,2300000,0,0,0.0,0,South,,370,0-3-1-0 Aana,13 Feet / Soil Stabilized,13 Feet ,Soil Stabilized,N/A Sq. Feet,8 months ago,[],Sale,1112.3125,,2067.764229926392,Tikathali,13.0,,2.0,1,0,14.648420115681892,7.015095084552704,0.011033681765389082,11687.36303871439,2146478.008468198,7.15227414052849
"House For Sale In Damak, Jhapa","Damak, Damak, Jhapa",Jhapa,20000000,4,1,2.0,3,South,,773,10 Aana,20 Feet / Blacktopped,20 Feet ,Blacktopped,N/A Sq. Feet,8 months ago,[],Sale,3422.5,,5843.681519357195,Damak,20.0,,2.0,1,0,16.811242881518265,8.138418698561118,0.0029036004645760743,502.9721079103795,20132601.628919903,-0.658641299142505
"Modern House For Sale At Budhanilkantha : House For Sale In Budhanilkantha, Kathmandu","Taulung road, Budhanilkantha, Kathmandu",Kathmandu,51000000,5,5,2.0,0,East,2011.0,240,14 Aana,14 Feet / Blacktopped,14 Feet ,Blacktopped,N/A Aana,8 months ago,"['Lawn', 'Balcony', 'Fencing', 'Garden', 'Modular Kitchen', 'TV Cable', 'Drainage', 'Water Supply', 'Solar Water', 'Water Tank', 'Parking', 'Store Room', 'Garage']",Sale,4791.5,,10643.84848168632,Budhanilkantha,14.0,2011.0,9.0,0,13,17.747336210296442,8.4748074749198,0.11382113821138211,13184.806428049671,58474076.6705188,-12.781863513010455
"House On Sale At Nakkhu : House For Sale In Nakkhu, Lalitpur","Nakkhu, Nakkhu, Lalitpur",Lalitpur,26500000,4,4,2.0,1,East,2075.0,227,0-4-0-0 Aana,16 Feet / Gravelled,16 Feet ,Gravelled,820 Sq. Feet,8 months ago,"['Garage', 'Drainage', 'TV Cable', 'Balcony', 'Store Room', 'Water Well', 'Frontyard', 'Parking', 'Internet', 'Water Tank', 'Garden', 'Modular Kitchen']",Sale,1369.0,820.0,19357.19503287071,Nakkhu,16.0,2018.0,2.0,0,12,17.0926553286923,7.222566018822171,0.0023228803716608595,18861.525618282376,25111320.10458934,5.5300951508195135
"2.5 Stories Beautiful House In Dhobhighat : House For Sale In Dhobighat, Lalitpur","Dhobighat, Dhobighat, Lalitpur",Lalitpur,29500000,5,3,0.0,4,East,,315,4 Aana,0 Feet,0 Feet,Unknown,N/A Aana,8 months ago,"['Balcony', 'Fencing', 'Garden', 'TV Cable', 'Wifi', 'Water Supply', 'Water Tank', 'Water Well', 'Internet', 'Kids Playground']",Sale,1369.0,,21548.575602629655,Dhobighat,0.0,,2.0,1,10,17.19990085520835,7.222566018822171,0.004645760743321719,12685.252820387956,25984850.36917407,13.52768856039273
"Residential Land : Land For Sale In Hetauda, Makwanpur","Gauritaar, Hetauda, Makwanpur",Makwanpur,200000,0,0,0.0,0,East,,295,14 Dhur,8 Meter / Blacktopped,8 Meter ,Blacktopped,N/A Dhur,8 months ago,[],Sale,2551.5,,78.38526357044876,Hetauda,26.24672,,2.0,1,0,12.206077645517674,7.84482855003882,0.004645760743321719,301.7832647462277,399239.04421870783,-49.90469922815524
"Commercial Land On Sale At Deep, Pokhara. : Land For Sale In Birendra Chowk, Pokhara","Tallo Deep, Birendra Chowk, Pokhara",Pokhara,15000000,0,0,0.0,0,South West,,220,1-5-0-0 Aana,30 Feet / Blacktopped,30 Feet ,Blacktopped,N/A Aana,8 months ago,[],Sale,7187.25,,2087.029114056141,Birendra Chowk,30.0,,2.0,1,0,16.52356082573315,8.880203027487838,0.0005807200929152149,2087.029114056141,8597820.448255034,74.46281985388886
"Residential Land In Hetauda, Karra : Land For Sale In Hetauda, Makwanpur","Karra, Hetauda, Makwanpur",Makwanpur,650000,0,0,0.0,0,East,,226,10 Dhur,8 Meter / Paved,8 Meter ,Paved,N/A Dhur,8 months ago,[],Sale,1822.5,,356.65294924554183,Hetauda,26.24672,,2.0,1,0,13.384729180332174,7.508513010248735,0.004645760743321719,301.7832647462277,610307.515509497,6.503686007760676
"Residential Land In Swayambhu : Land For Sale In Swayambhu, Kathmandu","Swayambhu, Swayambhu, Kathmandu",Kathmandu,1600000,0,0,0.0,0,East,,599,0-3-0-0 Aana,12 Feet / Gravelled,12 Feet ,Gravelled,N/A Aana,8 months ago,[],Sale,1026.75,,1558.3150718285854,Swayambhu,12.0,,2.0,1,0,14.285514812209815,6.935127225777988,0.011033681765389082,13333.333333333334,4297354.022829954,-62.767787073164016
"4 Aana, Mulpani, Residential Land, South Facing : Land For Sale In Mulpani, Kathmandu","Near Mulpani Chaur, Mulpani, Kathmandu",Kathmandu,1600000,0,0,0.0,0,South,,309,4 Aana,10 Feet / Gravelled,10 Feet ,Gravelled,N/A Aana,8 months ago,[],Sale,1369.0,,1168.736303871439,Mulpani,10.0,,2.0,1,0,14.285514812209815,7.222566018822171,0.007549361207897794,1623.2448664881097,2002719.2079709233,-20.108620637784895
"Sale 6 Katha (120 Dhur) Land Near Bhairahawa Airport : Land For Sale In Bhairahawa, Rupandehi","Lumbini, Bhairahawa, Rupandehi",Rupandehi,1200000,0,0,0.0,0,East,,634,0-6-0 Kattha,12 Feet / Gravelled,12 Feet ,Gravelled,N/A Kattha,8 months ago,[],Sale,21870.0,,54.869684499314126,Bhairahawa,12.0,,2.0,1,0,13.997832948091215,9.992916837362552,0.0005807200929152149,54.869684499314126,891370.8480164539,34.62410204129191
"House For Sale In Budhanilkantha, Kathmandu","RudreshworChowk, Budhanilkantha, Kathmandu",Kathmandu,15000000,2,3,3.0,1,West,2012.0,409,3 Aana,12 Feet / Soil Stabilized,12 Feet ,Soil Stabilized,2.6 Aana,8 months ago,"['Lawn', 'Backyard', 'Balcony', 'Garden', 'Fencing', 'Modular Kitchen', 'TV Cable', 'Drainage', 'Solar Water', 'Water Supply']",Sale,1026.75,889.85,14609.203798392988,Budhanilkantha,12.0,2012.0,8.0,0,10,16.52356082573315,6.935127225777988,0.11382113821138211,13184.806428049671,17462633.982417922,-14.102305441993462
"House For Sale InKhusibun, Naya Bazar, Kathmandu","Nabazar Khusibun, Naya Bazar, Kathmandu",Kathmandu,40000000,3,4,3.0,1,East,2075.0,267,0-3-0-0 Aana,20 Feet,20 Feet,Unknown,N/A Aana,8 months ago,[],Sale,1026.75,,38957.876795714634,Naya Bazar,20.0,2018.0,2.0,0,0,17.50439003707821,6.935127225777988,0.005807200929152149,9203.798392987583,32422585.2203564,23.37079146571615
"House On Sale @ Very Low Price : House For Sale In Mulpani, Kathmandu","Dumakhal, Mulpani, Kathmandu",Kathmandu,17500000,6,2,3.0,1,East,2007.0,433,11 Aana,20 Feet / Gravelled,20 Feet ,Gravelled,4 Aana,8 months ago,"['Balcony', 'Backyard', 'TV Cable', 'Water Supply', 'Solar Water', 'Water Well']",Sale,3764.75,1369.0,4648.383026761405,Mulpani,20.0,2007.0,13.0,0,6,16.677711496036597,8.233702323582925,0.007549361207897794,1623.2448664881097,21267225.58839217,-17.71376135892569
"Budhanilkantha Hattigauda 20 Ana Bungalow : House For Sale In Hattigauda, Kathmandu","Hattigauda, Hattigauda, Kathmandu",Kathmandu,90000000,6,6,3.0,4,East,2069.0,812,20 Aana,15 Feet / Blacktopped,15 Feet ,Blacktopped,N/A Aana,8 months ago,"['Garage', 'Balcony', 'Lawn', 'Backyard', 'Frontyard', 'Garden', 'TV Cable', 'Drainage', 'Water Supply', 'Solar Water', 'Modular Kitchen', 'Washing Machine', 'Microwave', 'Wifi']",Sale,6845.0,,13148.283418553689,Hattigauda,15.0,2012.0,8.0,0,14,18.31532023940565,8.831419819090131,0.022067363530778164,14609.203798392988,94417078.75909057,-4.678262468129255
"House For Sale In Manamaiju, Kathmandu","BASUKI NAG TOLE, Manamaiju, Kathmandu",Kathmandu,13500000,4,3,3.0,0,East,2075.0,388,2-2 Aana,10 Feet / Blacktopped,10 Feet ,Blacktopped,2-1 Aana,8 months ago,[],Sale,855.625,770.0625,15777.940102264427,Manamaiju,10.0,2018.0,2.0,0,0,16.41820031748273,6.753000249905988,0.005807200929152149,14828.341855368883,14933544.60057016,-9.59949321419262
"Business For Sale In Madhyapur Thimi, Bhaktapur","Muktinath Bank Building 1st floor, Madhyapur Thimi, Bhaktapur",Bhaktapur,2000000,0,0,0.0,0,North,,213,900 Sq. Feet,15 Feet / Blacktopped,15 Feet ,Blacktopped,N/A Sq. Feet,8 months ago,[],Sale,900.0,,2222.222222222222,Madhyapur Thimi,15.0,,2.0,1,0,14.508658238524095,6.803505257608338,0.004645760743321719,2027.7777777777778,2604245.2679868704,-23.2023179772911
"Land For Sale In Shuklagandaki, Tanahu","Shuklagandaki Municipality, Shuklagandaki, Tanahu",Tanahu,15000000,0,0,0.0,0,South East,,181,2-3-0-0 Ropani,20 Feet / Soil Stabilized,20 Feet ,Soil Stabilized,N/A Sq. Feet,8 months ago,[],Sale,11978.75,,1252.2174684336846,Shuklagandaki,20.0,,2.0,1,0,16.52356082573315,9.390973003338175,0.0005807200929152149,1252.2174684336846,1666492.9276419522,800.0938288543861
"Business For Sale In Baneshwor, Kathmandu","Civil Bank, Baneshwor, Kathmandu",Kathmandu,1500000,0,0,0.0,0,North,,298,200 Sq. Feet,20 Feet / Blacktopped,20 Feet ,Blacktopped,N/A Sq. Feet,8 months ago,[],Sale,200.0,,7500.0,Baneshwor,20.0,,2.0,1,0,14.220976332738882,5.303304908059076,0.009291521486643438,6726.190476190476,1592494.3606697766,-5.808143686667435
"Business For Sale In Baneshwor, Kathmandu","Columbus HSS & College, Baneshwor, Kathmandu",Kathmandu,1500000,0,0,0.0,0,East,,199,700 Sq. Feet,8 Meter / Blacktopped,8 Meter ,Blacktopped,N/A Sq. Feet,8 months ago,[],Sale,700.0,,2142.8571428571427,Baneshwor,26.24672,,2.0,1,0,14.220976332738882,6.55250788703459,0.009291521486643438,6726.190476190476,2959526.774510682,-49.3162213324458
"Business For Sale In Suryabinayak, Bhaktapur","Biruwa Chowk (Pipalbot), Suryabinayak, Bhaktapur",Bhaktapur,1800000,0,0,0.0,0,North,,197,300 Sq. Feet,15 Feet / Blacktopped,15 Feet ,Blacktopped,N/A Sq. Feet,8 months ago,[],Sale,300.0,,6000.0,Suryabinayak,15.0,,2.0,1,0,14.403297778421795,5.707110264748875,0.0029036004645760743,1186.444429687673,1889222.601494391,-4.722715122284433
"House For Sale In Imadol, Lalitpur","Pawan Prakriti English Secondary School, Imadol, Lalitpur",Lalitpur,11000000,3,1,1.0,0,North,,443,3 Aana,14 Feet / Gravelled,14 Feet ,Gravelled,N/A Sq. Feet,8 months ago,[],Sale,1026.75,,10713.416118821524,Imadol,14.0,,2.0,1,0,16.213405921671733,6.935127225777988,0.050522648083623695,16278.8270896379,12526454.193292484,-12.185844212082388
"Land For Sale In Suryabinayak, Bhaktapur","Sirutar, Suryabinayak, Bhaktapur",Bhaktapur,1400000,0,0,0.0,0,West,,270,4 Aana,10 Feet / Soil Stabilized,10 Feet ,Soil Stabilized,N/A Sq. Feet,8 months ago,[],Sale,1369.0,,1022.6442658875092,Suryabinayak,10.0,,2.0,1,0,14.151983508870947,7.222566018822171,0.0029036004645760743,1186.444429687673,1598121.4599112344,-12.397146579975143
"House For Sale In Maharajgunj, Kathmandu","Maharajgunj, Maharajgunj, Kathmandu",Kathmandu,70000000,5,5,3.0,0,North,,383,9 Aana,13 Feet / Blacktopped,13 Feet ,Blacktopped,N/A Aana,8 months ago,[],Sale,3080.25,,22725.428130833538,Maharajgunj,13.0,,2.0,1,0,18.064005814299346,8.033090637791,0.011614401858304297,20270.270270270274,66990788.35457538,4.491978254528325
"Business For Sale In Chabahil, Kathmandu","Gopi Krishna Movies, Chabahil, Kathmandu",Kathmandu,1400000,0,0,0.0,0,North,,163,300 Sq. Feet,15 Feet / Blacktopped,15 Feet ,Blacktopped,N/A Sq. Feet,8 months ago,[],Sale,300.0,,4666.666666666667,Chabahil,15.0,,2.0,1,0,14.151983508870947,5.707110264748875,0.0156794425087108,4515.572083139651,1167157.578574057,19.949527441736866
"Land For Sale In Pokhara, Pokhara","Pokhara, Pokhara, Pokhara",Pokhara,4500000,0,0,0.0,0,West,,655,20*40 Haat,18 Feet / Blacktopped,18 Feet ,Blacktopped,N/A Sq. Feet,8 months ago,[],Sale,1800.0,,2500.0,Pokhara,18.0,,2.0,1,0,15.319588176962746,7.496097345175956,0.011033681765389082,3638.0896618566194,4178974.958860707,7.68190870487562
"Beautiful Sweet Home Kapan Housing : House For Sale In Bhangal, Kathmandu","na, Bhangal, Kathmandu",Kathmandu,17900000,5,5,3.0,1,East,2076.0,641,3.5 Aana,14 Feet / Gravelled,14 Feet ,Gravelled,N/A Aana,8 months ago,[],Sale,1197.875,,14943.12845664197,Bhangal,14.0,2019.0,1.0,0,0,16.700311326676903,7.089138896048115,0.012775842044134728,17531.044558071586,22390555.822650164,-20.055579942805807
"7 Ana Bungalow Bhangal Kapan : House For Sale In Bhangal, Kathmandu","na, Bhangal, Kathmandu",Kathmandu,34500000,5,5,3.0,2,South West,2076.0,439,7 Aana,15 Feet / Blacktopped,15 Feet ,Blacktopped,N/A Aana,8 months ago,"['Garden', 'Balcony', 'Microwave', 'Lawn']",Sale,2395.75,,14400.500886987373,Bhangal,15.0,2019.0,1.0,0,4,17.356469910987094,7.781868931957106,0.012775842044134728,17531.044558071586,46131849.40592612,-25.214357446575487
"Beautiful (150m From Main Ringroad) Stunning, Magnificent Views, Prestigious Location : House For Sale In Basundhara, Kathmandu","Basundhara, Basundhara, Kathmandu",Kathmandu,41000000,7,6,3.0,3,East,2012.0,1.2K,7 Aana,20 Feet / Blacktopped,20 Feet ,Blacktopped,N/A Aana,8 months ago,"['Backyard', 'Balcony', 'Frontyard', 'Garden', 'Drainage', 'Water Tank', 'Kids Playground', 'Parking', 'Security Staff', 'Store Room']",Sale,2395.75,,17113.638735260356,Basundhara,20.0,2012.0,8.0,0,10,17.529082649058825,7.781868931957106,0.02148664343786295,17666.944128289193,41230727.91787976,-0.5596018540815156
"4 Story House/Building On Ring Road : House For Sale In Koteshwor, Kathmandu","Balkumari Pul, Koteshwor, Kathmandu",Kathmandu,18500000,7,4,4.0,0,East,2014.0,299,1.5 Aana,26 Feet / Blacktopped,26 Feet ,Blacktopped,1.5 Aana,8 months ago,"['Balcony', 'Drainage', 'Water Supply', 'Water Tank']",Sale,513.375,513.375,36036.036036036036,Koteshwor,26.0,2014.0,6.0,0,4,16.733281344102608,6.242952571431334,0.004645760743321719,1823.906416811822,20569060.479960293,-10.059090846546468
"Land : Land For Sale In Kalanki, Kathmandu","Dahachok Rd, Kalanki, Kathmandu",Kathmandu,1900000,0,0,0.0,0,South West,,404,1700 Sq. Feet,16 Feet / Blacktopped,16 Feet ,Blacktopped,1700 Sq. Feet,8 months ago,[],Sale,1700.0,1700.0,1117.6470588235295,Kalanki,16.0,,2.0,1,0,14.45736497045232,7.438971592395862,0.012195121951219513,2045.2885317750183,3165065.7791440208,-39.96965205210215
"Urgent Restaurant On Sale : Business For Sale In Chabahil, Kathmandu","chabahil, Chabahil, Kathmandu",Kathmandu,1500000,0,0,0.0,0,East,,213,4 Aana,0 Feet,0 Feet,Unknown,4 Aana,8 months ago,[],Sale,1369.0,1369.0,1095.6902848794741,Chabahil,0.0,,2.0,1,0,14.220976332738882,7.222566018822171,0.0156794425087108,4515.572083139651,2835122.536748107,-47.09223391379393
"BUDHANILKANTHA 32 ANA LUXURY HOME : House For Sale In Budhanilkantha, Kathmandu","NA, Budhanilkantha, Kathmandu",Kathmandu,105000000,5,6,3.0,10,West,2074.0,833,32 Aana,20 Feet / Blacktopped,20 Feet ,Blacktopped,N/A Aana,8 months ago,"['Garden', 'Frontyard', 'Garage', 'Fencing', 'Water Supply', 'Solar Water', 'TV Cable', 'Water Tank', 'Water Well', 'Washing Machine', 'Balcony', 'Backyard', 'Lawn', 'Microwave', 'Modular Kitchen']",Sale,10952.0,,9587.289992695398,Budhanilkantha,20.0,2017.0,3.0,0,15,18.46947091764561,9.301368670323747,0.11382113821138211,13184.806428049671,106725366.50794077,-1.6166414456045886
"Land For Sale In Kausaltar, Bhaktapur","Sanothimi, Kausaltar, Bhaktapur",Bhaktapur,3000000,0,0,0.0,0,South,,284,3 Aana,10 Feet,10 Feet,Unknown,N/A Aana,8 months ago,[],Sale,1026.75,,2921.8407596785974,Kausaltar,10.0,,2.0,1,0,14.914123179965662,6.935127225777988,0.0017421602787456446,11687.36303871439,3527358.2228114335,-14.950515073887496
"HATTIGAUDA 4.5 FLOOR HOME : House For Sale In Hattigauda, Kathmandu","NA, Hattigauda, Kathmandu",Kathmandu,36500000,9,10,5.0,2,South,2075.0,308,6 Aana,14 Feet / Blacktopped,14 Feet ,Blacktopped,N/A Aana,8 months ago,"['Garden', 'Frontyard', 'Wifi', 'Water Tank', 'Solar Water', 'TV Cable']",Sale,2053.5,,17774.5312880448,Hattigauda,14.0,2018.0,2.0,0,6,17.41282284594998,7.627787788323465,0.022067363530778164,14609.203798392988,38976562.44384175,-6.3539786183300055
"House For Sale In Kirtipur, Kirtipur","Maitrinagar, Kirtipur, Kathmandu",Kathmandu,15000000,0,0,0.0,0,South,,664,3 Aana,10 Feet / Blacktopped,10 Feet ,Blacktopped,N/A Sq. Feet,8 months ago,[],Sale,1026.75,,14609.203798392988,Kirtipur,10.0,,2.0,1,0,16.52356082573315,6.935127225777988,0.008710801393728223,1168.736303871439,1872358.7470879506,701.1285242921133
"Chapali Vangal House In Sell : House For Sale In Bhangal, Kathmandu","Sundarbasti, Bhangal, Kathmandu",Kathmandu,21000000,5,4,2.0,2,West,,490,3.5 Aana,13 Feet / Gravelled,13 Feet ,Gravelled,3 Aana,8 months ago,['Modular Kitchen'],Sale,1197.875,1026.75,17531.044558071586,Bhangal,13.0,,2.0,1,1,16.860033043306743,7.089138896048115,0.012775842044134728,17531.044558071586,21873316.70465626,-3.9926121696503025
"House For Sale In Chabahil, Kathmandu","Malpot Office, Chabahil, Kathmandu",Kathmandu,38000000,0,0,0.0,0,North,,405,8 Aana,14 Feet / Blacktopped,14 Feet ,Blacktopped,N/A Sq. Feet,8 months ago,[],Sale,2738.0,,13878.743608473338,Chabahil,14.0,,2.0,1,0,17.453096744006448,7.915348169263078,0.0156794425087108,4515.572083139651,7886382.479987989,381.84322909047995
"Business For Sale In Jorpati, Kathmandu","Jorpati Narayantar, Jorpati, Kathmandu",Kathmandu,600000,0,0,0.0,0,North,,240,500 Sq. Feet,15 Feet / Blacktopped,15 Feet ,Blacktopped,N/A Sq. Feet,8 months ago,[],Sale,500.0,,1200.0,Jorpati,15.0,,2.0,1,0,13.304686600863562,6.2166061010848646,0.012195121951219513,6000.0,1217533.3508345366,-50.720035751896184
"House At Sale At Panchakumai Marg, Kapan : House For Sale In Kapan, Kathmandu","Pancha Kumari Marg, Kapan, Kathmandu",Kathmandu,11000000,0,0,3.0,0,West,,273,2.5 Aana,12 Feet / Blacktopped,12 Feet ,Blacktopped,2 Aana,8 months ago,[],Sale,855.625,684.5,12856.099342585829,Kapan,12.0,,2.0,1,0,16.213405921671733,6.753000249905988,0.023228803716608595,14052.66270131135,13837338.667688878,-20.50494488737387
"House For Sale In Kapan, Kathmandu","Kapan, Kapan, Kathmandu",Kathmandu,7500000,2,1,1.0,0,North,,510,0-3-5-0 Aana,12 Feet / Gravelled,12 Feet ,Gravelled,N/A Sq. Feet,8 months ago,[],Sale,1454.5625,,5156.189575903408,Kapan,12.0,,2.0,1,0,15.830413711839864,7.283147702834008,0.023228803716608595,14052.66270131135,7885750.662370021,-4.89174308047531
"2.5 Storey House On Sale At Ramkot : House For Sale In Ramkot, Kathmandu","Dadapauwa, Ramkot, Kathmandu",Kathmandu,17500000,7,3,3.0,0,East,,299,3.2 Aana,0 Feet,0 Feet,Unknown,N/A Aana,8 months ago,[],Sale,1095.2,,15978.81665449233,Ramkot,0.0,,2.0,1,0,16.677711496036597,6.999604932612016,0.004645760743321719,10774.28780131483,17763761.61626786,-1.484829744767065
"Land For Sale In Goldhunga, Kathmandu","Goldhunga, Goldhunga, Kathmandu",Kathmandu,1350000,0,0,0.0,0,West,,292,4 Aana,10 Feet / Gravelled,10 Feet ,Gravelled,N/A Sq. Feet,8 months ago,[],Sale,1369.0,,986.1212563915267,Goldhunga,10.0,,2.0,1,0,14.115615891155079,7.222566018822171,0.005226480836236934,5064.523983442902,3365670.8094717953,-59.88912533570484
"Land For Sale In Pokhara, Pokhara","Malepatan, Pokhara, Pokhara",Pokhara,9000000,0,0,0.0,0,West,,439,32*80 Haat,16 Feet / Gravelled,16 Feet ,Gravelled,N/A Sq. Feet,8 months ago,[],Sale,5760.0,,1562.5,Pokhara,16.0,,2.0,1,0,16.012735246411598,8.658866349732383,0.011033681765389082,3638.0896618566194,4466313.476531775,101.50847107554053
"Land Sale : Land For Sale In Mulpani, Kathmandu","Mulpani, Mulpani, Kathmandu",Kathmandu,1700000,0,0,0.0,0,South,,262,0-4-3-0 Aana,14 Feet / Gravelled,14 Feet ,Gravelled,N/A Aana,8 months ago,[],Sale,1625.6875,,1045.7114297797086,Mulpani,14.0,,2.0,1,0,14.346139397261565,7.394301017474119,0.007549361207897794,1623.2448664881097,2028611.6310998865,-16.19884388229193
"Land For Sale In Lekhnath, Pokhara","Pokhara, Lekhnath, Pokhara",Pokhara,1400000,0,0,0.0,0,West,,288,19*64 Haat,20 Feet / Blacktopped,20 Feet ,Blacktopped,N/A Sq. Feet,8 months ago,[],Sale,2736.0,,511.69590643274853,Lekhnath,20.0,,2.0,1,0,14.151983508870947,7.914617709040679,0.0023228803716608595,3595.0945357062,4785942.22290201,-70.74766190655987
"Land On Sale : Land For Sale In Manamaiju, Kathmandu","Manamaiju opposite to manshing school, Manamaiju, Kathmandu",Kathmandu,5000000,0,0,0.0,0,West,,247,4 Aana,20 Feet / Blacktopped,20 Feet ,Blacktopped,4 Aana,8 months ago,[],Sale,1369.0,1369.0,3652.300949598247,Manamaiju,20.0,,2.0,1,0,15.424948670398354,7.222566018822171,0.005807200929152149,14828.341855368883,5325834.945806545,-6.118006831268795
"Land For Sale In Goldhunga, Kathmandu","Goldhunga, Goldhunga, Kathmandu",Kathmandu,5200000,0,0,0.0,0,North,,279,3 Aana,24 Feet,24 Feet,Unknown,N/A Sq. Feet,8 months ago,[],Sale,1026.75,,5064.523983442902,Goldhunga,24.0,,2.0,1,0,15.46416937585933,6.935127225777988,0.005226480836236934,5064.523983442902,5416161.124519919,-3.991039401344975
"Land For Sale In Lekhnath, Pokhara","Dhungepatan, Lekhnath, Pokhara",Pokhara,1800000,0,0,0.0,0,West,,232,60 Aana,20 Feet / Blacktopped,20 Feet ,Blacktopped,N/A Sq. Feet,8 months ago,[],Sale,20535.0,,87.65522279035793,Lekhnath,20.0,,2.0,1,0,14.403297778421795,9.929934722550977,0.0023228803716608595,3595.0945357062,6638429.111235112,-72.88515144413282
"2.5 Storey House On Sale At Pachdhara Gairigau, Swoyambhu : House For Sale In Swayambhu, Kathmandu","gairigaun, Swayambhu, Kathmandu",Kathmandu,27000000,0,0,0.0,0,East,,466,9 Aana,0 Feet,0 Feet,Unknown,N/A Aana,8 months ago,[],Sale,3080.25,,8765.522279035793,Swayambhu,0.0,,2.0,1,0,17.11134746100564,8.033090637791,0.011033681765389082,13333.333333333334,5244591.024550556,414.8161195717603
"House For Sale In Imadol, Lalitpur","Sitapakha, Imadol, Lalitpur",Lalitpur,13000000,2,1,1.0,0,East,,290,0-3-3-3 Aana,13 Feet / Gravelled,13 Feet ,Gravelled,N/A Sq. Feet,8 months ago,[],Sale,1347.609375,,9646.712349415053,Imadol,13.0,,2.0,1,0,16.380459992348886,7.206829247929885,0.050522648083623695,16278.8270896379,10100301.438356604,28.709029916984324
"House For Sale In Goldhunga, Kathmandu","Goldhunga, Goldhunga, Kathmandu",Kathmandu,13000000,0,0,0.0,0,North,,238,0-3-2-0 Aana,13 Feet / Gravelled,13 Feet ,Gravelled,N/A Sq. Feet,8 months ago,[],Sale,1197.875,,10852.551393091933,Goldhunga,13.0,,2.0,1,0,16.380459992348886,7.089138896048115,0.005226480836236934,5064.523983442902,5158315.102080006,152.0202768295012
"House For Sale In Bharatpur, Chitwan","Narayanghat, Bharatpur, Chitwan",Chitwan,48000000,0,0,0.0,0,North East,,385,25*52 Haat,6 Meter,6 Meter,Unknown,N/A Sq. Feet,8 months ago,[],Sale,2925.0,,16410.25641025641,Bharatpur,19.68504,,2.0,1,0,17.6867115897055,7.98139158158007,0.008710801393728223,6858.710562414266,9410770.248947019,410.05389282955633
"Land For Sale In Namobuddha, Kavre","Namobuddha Municipality Office, Namobuddha, Kavre",Kavre,1050000,0,0,0.0,0,West,,345,0-8-5-0 Aana,15 Feet / Gravelled,15 Feet ,Gravelled,N/A Sq. Feet,8 months ago,[],Sale,3165.8125,,331.6684105581111,Namobuddha,15.0,,2.0,1,0,13.864301674514206,8.060480840491712,0.0005807200929152149,331.6684105581111,1057779.9881630403,-0.7355015456996042
"House For Sale In Tarkeshwor, Kathmandu","Tarkeshwor Municipality Head Office, Tarkeshwor, Kathmandu",Kathmandu,8000000,7,3,0.0,0,West,,339,4 Aana,10 Feet,10 Feet,Unknown,N/A Sq. Feet,8 months ago,"['Balcony', 'TV Cable', 'Drainage', 'Water Supply', 'Water Tank', 'Water Well']",Sale,1369.0,,5843.681519357195,Tarkeshwor,10.0,,2.0,1,6,15.894952224644102,7.222566018822171,0.005807200929152149,10993.425858290724,11521947.815463778,-30.567295320821703
"Greenland Home For Sale : House For Sale In Tokha, Kathmandu","na, Tokha, Kathmandu",Kathmandu,17800000,5,6,3.0,1,South,2076.0,519,3.1 Aana,12 Feet / Blacktopped,12 Feet ,Blacktopped,N/A Aana,8 months ago,[],Sale,1060.9750000000001,,16777.021136219042,Tokha,12.0,2019.0,1.0,0,0,16.694709071442087,6.967885661035161,0.020905923344947737,15806.346887427968,19615366.776242588,-9.254819432901419
"Villa 8 Ana : Land For Sale In Budhanilkantha, Kathmandu","na, Budhanilkantha, Kathmandu",Kathmandu,4000000,0,0,0.0,0,North East,,318,0-8-0-0 Aana,18 Feet / Blacktopped,18 Feet ,Blacktopped,N/A Aana,8 months ago,[],Sale,2738.0,,1460.9203798392987,Budhanilkantha,18.0,,2.0,1,0,15.201805169084134,7.915348169263078,0.11382113821138211,13184.806428049671,3682986.2035059547,8.607520609017474
"Baluwakhani 3.5 Ana Home : House For Sale In Budhanilkantha, Kathmandu","na, Budhanilkantha, Kathmandu",Kathmandu,21800000,5,6,3.0,1,North East,2076.0,689,3.5 Aana,12 Feet / Blacktopped,12 Feet ,Blacktopped,N/A Aana,8 months ago,[],Sale,1197.875,,18198.89387456955,Budhanilkantha,12.0,2019.0,1.0,0,0,16.897420573630875,7.089138896048115,0.11382113821138211,13184.806428049671,21636510.601875056,0.7556181360906512
"House For Sale In Kalopul, Kathmandu","Best Venue (Previously Hira Ratna Cinema), Kalopul, Kathmandu",Kathmandu,29000000,0,0,0.0,0,West,,445,0-3-3-0 Aana,10 Feet / Blacktopped,10 Feet ,Blacktopped,N/A Aana,8 months ago,[],Sale,1283.4375,,22595.568541514487,Kalopul,10.0,,2.0,1,0,17.182806422433504,7.158076158301139,0.0011614401858304297,11485.284270757244,4014923.6754360683,622.3051381381554
"Land For Sale In Baluwatar, Kathmandu","Baluwatar, Baluwatar, Kathmandu",Kathmandu,6000000,0,0,0.0,0,West,,227,0-7-2-0 Aana,14 Feet / Blacktopped,14 Feet ,Blacktopped,N/A Sq. Feet,8 months ago,[],Sale,2566.875,,2337.472607742878,Baluwatar,14.0,,2.0,1,0,15.607270193858982,7.850833987612675,0.02032520325203252,19576.333089846605,5514912.0406492315,8.795932841272705
"House For Sale In Birgunj, Parsa","Alakhiya math main road, Birgunj, Parsa",Parsa,4500000,24,22,4.0,3,East,,633,43 Dhur,30 Feet / Blacktopped,30 Feet ,Blacktopped,16000 Sq. Feet,8 months ago,['Balcony'],Sale,7836.75,16000.0,574.2176284811944,Birgunj,30.0,,2.0,1,1,15.319588176962746,8.966707082359083,0.0023228803716608595,381.6066042116382,48978287.733589485,-90.81225537226389
"Land For Sale In Kalanki, Kathmandu","Makalu Petrol Pump, Kalanki, Kathmandu",Kathmandu,3500000,0,0,0.0,0,West,,274,0-3-0-0 Aana,12 Feet / Soil Stabilized,12 Feet ,Soil Stabilized,N/A Sq. Feet,8 months ago,[],Sale,1026.75,,3408.8142196250305,Kalanki,12.0,,2.0,1,0,15.068273812173887,6.935127225777988,0.012195121951219513,2045.2885317750183,2064994.9710547714,69.49193819160962
"Land For Sale In Naikap, Kathmandu","Naya Naikap, Naikap, Kathmandu",Kathmandu,2400000,0,0,0.0,0,West,,267,0-6-3-0 Aana,10 Feet / Blacktopped,10 Feet ,Blacktopped,N/A Sq. Feet,8 months ago,[],Sale,2310.1875,,1038.8767145523902,Naikap,10.0,,2.0,1,0,14.690979711984754,7.745516740691571,0.005226480836236934,10093.631715253337,3773467.0335654337,-36.398013321655725
"HOUSE FOR SALE : House For Sale In Basundhara, Kathmandu","Shree tole, Basundhara, Kathmandu",Kathmandu,23000000,4,3,2.0,0,South,,705,3.1 Aana,15 Feet / Gravelled,15 Feet ,Gravelled,3 Aana,9 months ago,"['Drainage', 'Water Supply', 'Water Tank', 'Store Room']",Sale,1060.9750000000001,1026.75,21678.17337826056,Basundhara,15.0,,2.0,1,4,16.951004817371683,6.967885661035161,0.02148664343786295,17666.944128289193,21869439.20859537,5.169592053189391
"House For Sale In Kadaghari, Kathmandu","Kadaghari, Kadaghari, Kathmandu",Kathmandu,29000000,5,0,3.0,0,West,,1.2K,0-4-0-0 Aana,12 Feet / Blacktopped,12 Feet ,Blacktopped,N/A Sq. Feet,9 months ago,[],Sale,1369.0,,21183.345507669834,Kadaghari,12.0,,2.0,1,0,17.182806422433504,7.222566018822171,0.009291521486643438,11930.849768687607,24162725.50913123,20.019573077717315
"Dhapasi House Sale : House For Sale In Dhapasi, Kathmandu","Dhapasi, Dhapasi, Kathmandu",Kathmandu,70000000,3,4,2.0,4,North,,589,1-0-0-0 Aana,20 Feet / Blacktopped,20 Feet ,Blacktopped,N/A Aana,9 months ago,[],Sale,5476.0,,12783.053323593864,Dhapasi,20.0,,2.0,1,0,18.064005814299346,8.608312784783722,0.015098722415795587,15555.54898371399,66970944.13938219,4.522940358006056
"House For Sale In Tinkune, Kathmandu","Subidhanagar, Tinkune, Kathmandu",Kathmandu,37500000,0,0,0.0,0,North,,345,0-4-2-0 Aana,22 Feet / Blacktopped,22 Feet ,Blacktopped,N/A Sq. Feet,9 months ago,"['Balcony', 'Modular Kitchen', 'TV Cable', 'Wifi', 'Drainage', 'Water Supply', 'Water Tank', 'Water Well', 'Parking']",Sale,1540.125,,24348.672997321646,Tinkune,22.0,,2.0,1,9,17.439851517607305,7.340267948188717,0.0017421602787456446,16514.75211992251,32237897.044367976,16.322723992790102
"House For Sale In Kadaghari, Kathmandu","Gothatar, Kadaghari, Kathmandu",Kathmandu,11500000,0,0,0.0,0,North,,643,0-3-5-0 Aana,12 Feet / Gravelled,12 Feet ,Gravelled,N/A Sq. Feet,9 months ago,[],Sale,1454.5625,,7906.157349718558,Kadaghari,12.0,,2.0,1,0,16.257857680289998,7.283147702834008,0.009291521486643438,11930.849768687607,4604601.896186854,149.75014690245726
"House For Sale In Kadaghari, Kathmandu","Force Park Bus Stop, Kadaghari, Kathmandu",Kathmandu,12500000,6,0,0.0,0,North,,2.3K,0-2-3-0 Aana,13 Feet / Gravelled,13 Feet ,Gravelled,N/A Sq. Feet,9 months ago,[],Sale,941.1875,,13281.094362175443,Kadaghari,13.0,,2.0,1,0,16.341239282272525,6.848204299355605,0.009291521486643438,11930.849768687607,13340772.812914182,-6.30227967078709
"Land For Sale In Jorpati, Kathmandu","Sugamnagar Saving & Credit Co-operative Ltd, Jorpati, Kathmandu",Kathmandu,2900000,0,0,0.0,0,West,,226,4 Aana,12 Feet / Blacktopped,12 Feet ,Blacktopped,N/A Sq. Feet,9 months ago,[],Sale,1369.0,,2118.3345507669833,Jorpati,12.0,,2.0,1,0,14.88022163978423,7.222566018822171,0.012195121951219513,6000.0,4282785.664137342,-32.28706203339431
"Land For Sale In Itahari, Sunsari","Itahari, Itahari, Sunsari",Sunsari,350000,0,0,0.0,0,South,,249,11 Dhur,20 Feet / Blacktopped,20 Feet ,Blacktopped,N/A Sq. Feet,9 months ago,[],Sale,2004.75,,174.58535977054495,Itahari,20.0,,2.0,1,0,12.765691290604371,7.6037733346337655,0.0023228803716608595,3017.8326474622772,1401786.6667153453,-75.03186409811437
"House For Sale In Shantinagar, Kathmandu","Siddhicharan Marg, Shantinagar, Kathmandu",Kathmandu,42500000,6,0,3.0,4,North,2042.0,13.1K,0-6-2-0 Aana,10 Feet / Blacktopped,10 Feet ,Blacktopped,N/A Aana,9 months ago,"['Balcony', 'TV Cable', 'Wifi', 'Drainage', 'Water Supply', 'Water Tank', 'Water Well', 'Internet', 'Parking']",Sale,2224.625,,19104.343428667755,Shantinagar,10.0,1985.0,35.0,0,9,17.565014657424058,7.7077930540320425,0.0029036004645760743,19104.343428667755,45019649.50672417,-5.596777261333042
"Commercial And Residential : Land For Sale In Gaurighat, Kathmandu","Gaurighat Nayabasti, Gaurighat, Kathmandu",Kathmandu,4200000,0,0,0.0,0,West,,225,0-10-0-0 Aana,16 Feet / Gravelled,16 Feet ,Gravelled,0-5-0-0 Aana,9 months ago,[],Sale,3422.5,1711.25,1227.173119065011,Gaurighat,16.0,,2.0,1,0,15.250595321348806,8.138418698561118,0.005226480836236934,1460.9203798392987,2982140.132416631,40.838452034661906
"Greenhill City Jorpati Siva Chok Vitra : Land For Sale In Greenhill City, Mulpani, Kathmandu","Greenhill city jorpati, Greenhill city, Mulpani, Kathmandu",Kathmandu,2400000,0,0,0.0,0,East,,247,0-5-0-0 Aana,12 Feet / Blacktopped,12 Feet ,Blacktopped,0 Aana,9 months ago,[],Sale,1711.25,0.0,1402.4835646457268,Mulpani,12.0,,2.0,1,0,14.690979711984754,7.445563574078014,0.007549361207897794,1623.2448664881097,2253503.7988021467,6.500818914781665
"Land For Sale In Budhanilkantha, Kathmandu","Nearby, Kantipur Colony, Budhanilkantha, Kathmandu",Kathmandu,2300000,0,0,0.0,0,East,,335,12 Aana,13 Feet,13 Feet,Unknown,N/A Sq. Feet,9 months ago,[],Sale,4107.0,,560.0194789383978,Budhanilkantha,13.0,,2.0,1,0,14.648420115681892,8.32069157104845,0.11382113821138211,13184.806428049671,3126955.825638615,-26.446034793911
"Urgent Sale : Land For Sale In Sankhu, Kathmandu","Sakhu jane bato ko indryani chok najik healthpost ma, Sankhu, Kathmandu",Kathmandu,1200000,0,0,0.0,0,North,,249,0-5-0-0 Aana,20 Feet / Gravelled,20 Feet ,Gravelled,0 Aana,9 months ago,[],Sale,1711.25,0.0,701.2417823228634,Sankhu,20.0,,2.0,1,0,13.997832948091215,7.445563574078014,0.0017421602787456446,701.2417823228634,1560565.5519442984,-23.10480014729738
"House For Sale In Kalimati, Kathmandu","Nearby, Police Station, Kalimati, Kathmandu",Kathmandu,25000000,0,0,0.0,0,South,,240,0-1-3-0 Aana,9 Feet / Blacktopped,9 Feet ,Blacktopped,N/A Sq. Feet,9 months ago,"['Wifi', 'Drainage', 'Water Tank', 'Water Well']",Sale,598.9375,,41740.58228112282,Kalimati,9.0,,2.0,1,4,17.034386422832473,6.396825483123756,0.0017421602787456446,22985.147309471635,15725117.595914137,58.98132301723301
"House For Sale In Balaju, Kathmandu","Balaju, Balaju, Kathmandu",Kathmandu,22000000,0,0,0.0,0,South,,360,4 Aana,22 Feet / Gravelled,22 Feet ,Gravelled,N/A Sq. Feet,9 months ago,"['Balcony', 'Modular Kitchen', 'TV Cable', 'Wifi', 'Drainage', 'Water Supply', 'Water Tank', 'Water Well', 'Parking']",Sale,1369.0,,16070.124178232287,Balaju,22.0,,2.0,1,9,16.906553056777135,7.222566018822171,0.007549361207897794,8249.903321445452,24002028.935245786,-8.341082083714623
"Budhanilkantha House Sale : House For Sale In Pasikot, Kathmandu","Budhanilkantha, Pasikot, Kathmandu",Kathmandu,30000000,5,4,3.0,2,West,2075.0,462,0-4-0-0 Aana,20 Feet,20 Feet,Unknown,N/A Aana,9 months ago,[],Sale,1369.0,,21913.80569758948,Pasikot,20.0,2018.0,2.0,0,0,17.216707972959764,7.222566018822171,0.008710801393728223,13391.770148526904,29167476.869185545,2.854285732524187
"House For Sale In Imadol, Lalitpur","Imadol, Imadol, Lalitpur",Lalitpur,17500000,0,0,0.0,0,South,,430,3 Aana,13 Feet,13 Feet,Unknown,N/A Sq. Feet,9 months ago,"['Balcony', 'Modular Kitchen', 'TV Cable', 'Wifi', 'Drainage', 'Water Supply', 'Water Tank', 'Water Well', 'Parking']",Sale,1026.75,,17044.07109812515,Imadol,13.0,,2.0,1,9,16.677711496036597,6.935127225777988,0.050522648083623695,16278.8270896379,16266094.176518941,7.585753593276706
"House For Sale In Imadol, Lalitpur","Nearby, Little Angel's College of Higher Studies, Imadol, Lalitpur",Lalitpur,15000000,0,0,0.0,0,South,,304,0-2-2-0 Aana,13 Feet / Gravelled,13 Feet ,Gravelled,N/A Sq. Feet,9 months ago,[],Sale,855.625,,17531.044558071586,Imadol,13.0,,2.0,1,0,16.52356082573315,6.753000249905988,0.050522648083623695,16278.8270896379,6578959.1455175,127.99959185367615
"For Sale : Land For Sale In Jorpati, Kathmandu","Jorpati makalbari highway, Jorpati, Kathmandu",Kathmandu,3700000,0,0,0.0,0,West,,262,0-4-2-0 Aana,20 Feet / Blacktopped,20 Feet ,Blacktopped,0 Aana,9 months ago,[],Sale,1540.125,0.0,2402.4024024024025,Jorpati,20.0,,2.0,1,0,15.123843647884687,7.340267948188717,0.012195121951219513,6000.0,4762414.39519423,-22.30831479650986
"House For Sale Near Kumaripati : House For Sale In Kumaripati, Lalitpur","Near kumaripati, Kumaripati, Lalitpur",Lalitpur,76000000,0,0,0.0,5,South East,,1.2K,0-5-0-0 Aana,22 Feet,22 Feet,Unknown,N/A Aana,9 months ago,[],Sale,1711.25,,44411.97954711468,Kumaripati,22.0,,2.0,1,0,18.1462439114085,7.445563574078014,0.0017421602787456446,3538.4615384615386,18193744.7463819,317.72598802186525
"Land For Sale In Lubhu, Lalitpur","Lubhu, Lubhu, Lalitpur",Lalitpur,1450000,0,0,0.0,0,North,,396,0-3-3-0 Aana,13 Feet / Blacktopped,13 Feet ,Blacktopped,N/A Sq. Feet,9 months ago,[],Sale,1283.4375,,1129.7784270757243,Lubhu,13.0,,2.0,1,0,14.187074804051692,7.158076158301139,0.005807200929152149,1207.6941806671534,1681202.4723354606,-13.752208680390721
"Apartment For Sale : Apartment For Sale In Jhamsikhel, Lalitpur","Thadodhunga, Jhamsikhel, Lalitpur",Lalitpur,12000000,2,1,1.0,1,East,2016.0,914,700 Sq. Feet,20 Feet / Blacktopped,20 Feet ,Blacktopped,N/A Aana,9 months ago,"['Washing Machine', 'Wifi', 'Microwave', 'Balcony', 'Gym', 'Garden', 'TV Cable', 'Swimming Pool', 'Drainage']",Sale,700.0,,17142.85714285714,Jhamsikhel,20.0,2016.0,4.0,0,9,16.300417291085605,6.55250788703459,0.0023228803716608595,17862.371888726208,11601292.030444616,3.4367548761730737
"New House : House For Sale In Ranipauwa, Pokhara","mahendra pul, Ranipauwa, Pokhara",Pokhara,37000000,7,5,3.0,3,South East,2074.0,668,6.5 Aana,20 Feet / Gravelled,20 Feet ,Gravelled,6.5 Aana,9 months ago,"['Garage', 'Backyard', 'Balcony', 'Garden', 'Modular Kitchen', 'TV Cable', 'Wifi', 'Water Supply', 'Solar Water', 'Water Tank', 'Water Well', 'Electricity Backup', 'Kids Playground', 'Parking', 'Store Room']",Sale,2224.625,2224.625,16632.01663201663,Ranipauwa,20.0,2017.0,3.0,0,15,17.426428497635523,7.7077930540320425,0.0005807200929152149,16632.01663201663,37461618.37151234,-1.2322435377308096
"Land For Sale In Kirtipur, Kirtipur","Kirtipur, Kirtipur, Kathmandu",Kathmandu,800000,0,0,0.0,0,South,,459,16 Aana,20 Feet / Gravelled,20 Feet ,Gravelled,N/A Sq. Feet,9 months ago,[],Sale,5476.0,,146.09203798392988,Kirtipur,20.0,,2.0,1,0,13.592368256649284,8.608312784783722,0.008710801393728223,1168.736303871439,1370723.1152957566,-41.6366448429385
"Land For Sale In Chamati, Kathmandu","Bijeshwori, Chamati, Kathmandu",Kathmandu,4000000,0,0,0.0,0,West,,322,3 Aana,12 Feet / Gravelled,12 Feet ,Gravelled,N/A Sq. Feet,9 months ago,[],Sale,1026.75,,3895.7876795714633,Chamati,12.0,,2.0,1,0,15.201805169084134,6.935127225777988,0.0005807200929152149,3895.7876795714633,4667673.396825946,-14.30420125966759
"House For Sale In Bhaisepati, Lalitpur","Nearby, Talimkendra, Bhaisepati, Lalitpur",Lalitpur,26000000,5,4,0.0,0,North,,419,4 Aana,13 Feet / Blacktopped,13 Feet ,Blacktopped,N/A Sq. Feet,9 months ago,"['Balcony', 'Modular Kitchen', 'TV Cable', 'Wifi', 'Drainage', 'Water Tank', 'Water Well', 'Parking', 'Store Room']",Sale,1369.0,,18991.964937910885,Bhaisepati,13.0,,2.0,1,9,17.073607134447293,7.222566018822171,0.02264808362369338,10000.0,26266631.474457037,-1.0150958059327946
"Land For Sale In Mulpani, Kathmandu","Nearby, Bode Pool, Mulpani, Kathmandu",Kathmandu,1400000,0,0,0.0,0,West,,295,3 Aana,12 Feet / Soil Stabilized,12 Feet ,Soil Stabilized,N/A Sq. Feet,9 months ago,[],Sale,1026.75,,1363.5256878500122,Mulpani,12.0,,2.0,1,0,14.151983508870947,6.935127225777988,0.007549361207897794,1623.2448664881097,1840995.860585098,-23.954201637636622
"House For Sale In Sukedhara, Kathmandu","Near Hemshospital, Sukedhara, Kathmandu",Kathmandu,29800000,11,0,0.0,0,North,,473,5 Aana,13 Feet / Blacktopped,13 Feet ,Blacktopped,N/A Sq. Feet,9 months ago,"['Balcony', 'Modular Kitchen', 'TV Cable', 'Wifi', 'Drainage', 'Water Supply', 'Water Tank', 'Water Well', 'Internet', 'Parking', 'Store Room']",Sale,1711.25,,17414.17092768444,Sukedhara,13.0,,2.0,1,11,17.21001898503268,7.445563574078014,0.013356562137049941,20452.885317750184,29870439.483390816,-0.23581669573352876
"Lubu Mahalaxmi Ko Jagga Bikrima : Land For Sale In Mahalaxmi Nagarpalika, Lalitpur","Lubu imadol, Mahalaxmi Nagarpalika, Lalitpur",Lalitpur,1800000,0,0,0.0,0,East,,354,0-3-2 Aana,16 Feet / Gravelled,16 Feet ,Gravelled,0-3-2 Aana,9 months ago,[],Sale,299.46875,299.46875,6010.643848481686,Mahalaxmi Nagarpalika,16.0,,2.0,1,0,14.403297778421795,5.705343755223153,0.0011614401858304297,3827.089637900449,1833226.2810791617,-1.8124484370583227
"Business For Sale In Thamel, Kathmandu","Nearby Everest School, Thamel, Kathmandu",Kathmandu,1700000,0,0,0.0,0,West,,402,1000 Sq. Feet,15 Feet / Blacktopped,15 Feet ,Blacktopped,N/A Sq. Feet,9 months ago,[],Sale,1000.0,,1700.0,Thamel,15.0,,2.0,1,0,14.346139397261565,6.90875477931522,0.0040650406504065045,10956.90284879474,4002213.0829700483,-57.52350100413876
"Business For Sale In Madhyapur Thimi, Bhaktapur","Nearby Madhyapur Hospital, Madhyapur Thimi, Bhaktapur",Bhaktapur,800000,0,0,0.0,0,South,,257,1000 Sq. Feet,20 Feet / Blacktopped,20 Feet ,Blacktopped,N/A Sq. Feet,9 months ago,[],Sale,1000.0,,800.0,Madhyapur Thimi,20.0,,2.0,1,0,13.592368256649284,6.90875477931522,0.004645760743321719,2027.7777777777778,2205644.8860406554,-63.72942874607177
"Business For Sale In Baneshwor, Kathmandu","Nearby Ace college, Baneshwor, Kathmandu",Kathmandu,1900000,0,0,0.0,0,North,,228,1000 Sq. Feet,15 Feet / Blacktopped,15 Feet ,Blacktopped,N/A Sq. Feet,9 months ago,[],Sale,1000.0,,1900.0,Baneshwor,15.0,,2.0,1,0,14.45736497045232,6.90875477931522,0.009291521486643438,6726.190476190476,5841623.475396524,-67.4747951831827
"House On Sale Or For Rent In Kirtipur : House For Sale In Kirtipur, Kirtipur","Bhatkepati (Prithivi Chowk), Kirtipur, Kathmandu",Kathmandu,25000000,6,4,3.0,1,South,2019.0,374,0-4-2-3 Aana,12 Feet / Gravelled,12 Feet ,Gravelled,2548 Sq. Feet,9 months ago,"['Garden', 'Frontyard']",Sale,1604.296875,2548.0,15583.150718285853,Kirtipur,12.0,2019.0,1.0,0,2,17.034386422832473,7.38106398730684,0.008710801393728223,1168.736303871439,26921134.28405719,-7.136156537040465
"House For Sale In Baneshwor, Kathmandu","Buddhanagar, Baneshwor, Kathmandu",Kathmandu,32000000,0,0,0.0,0,South,,1.2K,6 Aana,12 Feet / Blacktopped,12 Feet ,Blacktopped,N/A Sq. Feet,9 months ago,[],Sale,2053.5,,15583.150718285853,Baneshwor,12.0,,2.0,1,0,17.281246492014,7.627787788323465,0.009291521486643438,6726.190476190476,4833349.927679677,562.0666924350352
"House For Sale In Dharan, Dharan","Nearby, Phusre, Dharan, Dharan",Dharan,10000000,0,0,0.0,0,West,,567,10 Dhur,15 Feet / Blacktopped,15 Feet ,Blacktopped,N/A Sq. Feet,9 months ago,[],Sale,1822.5,,5486.968449931413,Dharan,15.0,,2.0,1,0,16.118095750958314,7.508513010248735,0.005807200929152149,452.55765420374473,2945794.216680282,239.4670253399217
"House For Sale In Patan, Lalitpur","Okubahal, Patan, Lalitpur",Lalitpur,15000000,0,0,0.0,0,West,,374,0-1-0-0 Aana,40 Feet / Paved,40 Feet ,Paved,0-1-0-0 Aana,9 months ago,[],Sale,342.25,342.25,43827.61139517896,Patan,40.0,,2.0,1,0,16.52356082573315,5.83845904464808,0.0029036004645760743,2333.3333333333335,6218485.420307529,141.21629281327785
"House For Sale In Pokhara, Pokhara","Kaski, Pokhara, Pokhara",Pokhara,9500000,0,0,0.0,0,West,,568,0-7-2-0 Aana,15 Feet / Gravelled,15 Feet ,Gravelled,N/A Sq. Feet,9 months ago,[],Sale,2566.875,,3700.9982955928904,Pokhara,15.0,,2.0,1,0,16.066802461833923,7.850833987612675,0.011033681765389082,3638.0896618566194,3265061.0714231003,190.95933558937557
"Land For Sale : Land For Sale In Chabahil, Kathmandu","Aarubari Nageshwor Housing, Chabahil, Kathmandu",Kathmandu,3500000,0,0,0.0,0,South East,,348,0-5-3-0 Aana,14 Feet / Blacktopped,14 Feet ,Blacktopped,N/A Aana,9 months ago,[],Sale,1967.9375,,1778.5117667608854,Chabahil,14.0,,2.0,1,0,15.068273812173887,7.585249336134321,0.0156794425087108,4515.572083139651,4210876.848018187,-16.881919696909566
"Land For Sale In Lubhu, Lalitpur","Lubhu Sundar Basti, Lubhu, Lalitpur",Lalitpur,1650000,0,0,0.0,0,South,,469,0-3-3-0 Aana,10 Feet / Soil Stabilized,10 Feet ,Soil Stabilized,N/A Sq. Feet,9 months ago,[],Sale,1283.4375,,1285.6099342585828,Lubhu,10.0,,2.0,1,0,14.316286451937186,7.158076158301139,0.005807200929152149,1207.6941806671534,1673591.2812091645,-1.409620226517905
"House For Sale In Thali, Kathmandu","Nearby, Thali Buspark, Thali, Kathmandu",Kathmandu,11000000,0,0,0.0,0,West,,344,3 Aana,10 Feet / Soil Stabilized,10 Feet ,Soil Stabilized,N/A Sq. Feet,9 months ago,"['Balcony', 'Modular Kitchen', 'TV Cable', 'Wifi', 'Drainage', 'Water Supply', 'Water Tank', 'Parking', 'Store Room']",Sale,1026.75,,10713.416118821524,Thali,10.0,,2.0,1,9,16.213405921671733,6.935127225777988,0.0029036004645760743,1205.2593133674216,8952980.658133259,22.864109954344016
"2.5 Storey House On Sale At Sano Mandir , Gurjudhara : House For Sale In Gurujudhara, Kathmandu","gurjudhara , sano mandir, Gurujudhara, Kathmandu",Kathmandu,17000000,6,3,2.0,2,South East,,450,4.1 Aana,11 Feet,11 Feet,Unknown,N/A Aana,9 months ago,[],Sale,1403.225,,12114.949491350284,Gurujudhara,11.0,,2.0,1,0,16.648723960844016,7.247240828156326,0.0017421602787456446,7641.737371467101,19039142.767120555,-10.710265646214024
"Civil Homes House : House For Sale In Chandragiri, Kathmandu","Civil Homes, Chandragiri, Kathmandu",Kathmandu,35000000,0,0,2.0,2,South East,,290,0-5-2-3 Aana,20 Feet / Blacktopped,20 Feet ,Blacktopped,N/A Aana,9 months ago,"['Lawn', 'Balcony', 'Swimming Pool', 'Modular Kitchen']",Sale,1946.546875,,17980.55852109906,Chandragiri,20.0,,2.0,1,4,17.370858648025116,7.574325846774882,0.008130081300813009,1241.7823228634038,27870052.32555643,25.582828446667506
"Sanepa House Sale : House For Sale In Sanepa, Lalitpur","Sanepa, Sanepa, Lalitpur",Lalitpur,30000000,4,4,3.0,2,North,,680,0-4-0-0 Aana,13 Feet / Blacktopped,13 Feet ,Blacktopped,N/A Aana,9 months ago,[],Sale,1369.0,,21913.80569758948,Sanepa,13.0,,2.0,1,0,17.216707972959764,7.222566018822171,0.009872241579558653,3756.652405301054,24656266.090388577,21.672924399913494
"Kamaldi Land Sale : Land For Sale In Kamaladi, Kathmandu","Kamaladi, Kamaladi, Kathmandu",Kathmandu,22000000,0,0,0.0,0,North,,275,0-5-1-3 Aana,30 Feet / Blacktopped,30 Feet ,Blacktopped,N/A Aana,9 months ago,[],Sale,1860.984375,,11821.70054490651,Kamaladi,30.0,,2.0,1,0,16.906553056777135,7.529398066287303,0.0005807200929152149,11821.70054490651,8866430.297515217,148.12691536260556
"House For Sale In Sukedhara, Kathmandu","Jyotinagar, Sukedhara, Kathmandu",Kathmandu,24000000,0,0,0.0,0,North,,1.9K,0-3-3-0 Aana,13 Feet / Soil Stabilized,13 Feet ,Soil Stabilized,N/A Sq. Feet,9 months ago,"['Balcony', 'Modular Kitchen', 'TV Cable', 'Wifi', 'Drainage', 'Water Tank', 'Water Well', 'Parking']",Sale,1283.4375,,18699.780861943025,Sukedhara,13.0,,2.0,1,8,16.993564429978885,7.158076158301139,0.013356562137049941,20452.885317750184,22882378.167674005,4.884203137175935
"House For Sale In Kirtipur, Kirtipur","Kirtipur, Kirtipur, Kathmandu",Kathmandu,4000000,0,0,0.0,0,South,,630,1 Aana,10 Feet / Blacktopped,10 Feet ,Blacktopped,N/A Sq. Feet,9 months ago,[],Sale,342.25,,11687.36303871439,Kirtipur,10.0,,2.0,1,0,15.201805169084134,5.83845904464808,0.008710801393728223,1168.736303871439,2157093.2934163855,85.43472422858609
"Land For Sale In Pepsicola, Kathmandu","Birendra Chowk, Pepsicola, Kathmandu",Kathmandu,2750000,0,0,0.0,0,South West,,819,6.5 Aana,15 Feet / Blacktopped,15 Feet ,Blacktopped,N/A Aana,9 months ago,[],Sale,2224.625,,1236.1633983255606,Pepsicola,15.0,,2.0,1,0,14.827111833279051,7.7077930540320425,0.009291521486643438,3246.4897329762193,4287530.793270525,-35.860518965455576
"12 Anna 3 Paisa Highway Touched Land On Sale At Dhungeadda , Kalanki : Land For Sale In Kalanki, Kathmandu","Dhungeadda ,kalanki, Kalanki, Kathmandu",Kathmandu,4000000,0,0,0.0,0,South West,,392,12 .3 Aana,20 Feet / Blacktopped,20 Feet ,Blacktopped,N/A Aana,9 months ago,[],Sale,4107.0,,973.9469198928658,Kalanki,20.0,,2.0,1,0,15.201805169084134,8.32069157104845,0.012195121951219513,2045.2885317750183,4145714.014718711,-3.5148110603234097
"Land For Sale In Kirtipur, Kirtipur","Dhalpa, Kirtipur, Kathmandu",Kathmandu,1900000,0,0,0.0,0,East,,417,0-4-2-0 Aana,13 Feet / Gravelled,13 Feet ,Gravelled,N/A Sq. Feet,9 months ago,[],Sale,1540.125,,1233.6660985309634,Kirtipur,13.0,,2.0,1,0,14.45736497045232,7.340267948188717,0.008710801393728223,1168.736303871439,1739036.5205010052,9.255899896376082
"House For Sale In Dharan, Dharan","Dharan-15, Dharan, Dharan",Dharan,8500000,0,0,0.0,0,West,,417,5 Dhur,15 Feet / Gravelled,15 Feet ,Gravelled,N/A Sq. Feet,9 months ago,[],Sale,911.25,,9327.846364883402,Dharan,15.0,,2.0,1,0,15.955576839107596,6.815914075316557,0.005807200929152149,452.55765420374473,4530416.096603157,87.62073546341983
"House For Sale In Dharan, Dharan","Dharan-16, Dharan, Dharan",Dharan,8000000,0,0,0.0,0,West,,470,5 Dhur,52 Feet / Blacktopped,52 Feet ,Blacktopped,N/A Sq. Feet,9 months ago,[],Sale,911.25,,8779.149519890261,Dharan,52.0,,2.0,1,0,15.894952224644102,6.815914075316557,0.005807200929152149,452.55765420374473,5803361.127937364,37.85114907786838
"Ploted Land On Sale At Harisiddi Near Cancer Hospital : Land For Sale In Harisiddhi, Lalitpur","Harisiddhi, Harisiddhi, Lalitpur",Lalitpur,2500000,0,0,0.0,0,East,,342,4 Aana,13 Feet / Gravelled,13 Feet ,Gravelled,4 Aana,9 months ago,[],Sale,1369.0,1369.0,1826.1504747991235,Harisiddhi,13.0,,2.0,1,0,14.731801689838349,7.222566018822171,0.005226480836236934,13580.386629492074,4337599.979056038,-42.364440887330105
"Beautiful Square Land On Sale At Sanepa : Land For Sale In Sanepa, Lalitpur","Sanepa, Sanepa, Lalitpur",Lalitpur,6000000,0,0,0.0,0,East,,259,8 Aana,20 Feet / Gravelled,20 Feet ,Gravelled,N/A Aana,9 months ago,[],Sale,2738.0,,2191.3805697589482,Sanepa,20.0,,2.0,1,0,15.607270193858982,7.915348169263078,0.009872241579558653,3756.652405301054,5315623.910988994,12.874802666083934
"Land For Sale In Kirtipur, Kirtipur","Langol, Kirtipur, Kathmandu",Kathmandu,1200000,0,0,0.0,0,West,,502,8 Aana,20 Feet,20 Feet,Unknown,N/A Sq. Feet,9 months ago,[],Sale,2738.0,,438.2761139517896,Kirtipur,20.0,,2.0,1,0,13.997832948091215,7.915348169263078,0.008710801393728223,1168.736303871439,1621908.2658680158,-26.013078220685813
"House For Sale In Chandragiri, Kathmandu","Chandragiri, Chandragiri, Kathmandu",Kathmandu,21000000,0,0,3.0,0,West,,264,0-3-2-1 Aana,15 Feet,15 Feet,Unknown,N/A Sq. Feet,9 months ago,[],Sale,1219.265625,,17223.48237284226,Chandragiri,15.0,,2.0,1,0,16.860033043306743,7.106823839438401,0.008130081300813009,1241.7823228634038,15192420.315810408,38.22682339920371
"Land For Sale In Chovar, Kathmandu","Chovar, Chovar, Kathmandu",Kathmandu,1500000,0,0,0.0,0,West,,254,18 Aana,15 Feet / Soil Stabilized,15 Feet ,Soil Stabilized,N/A Sq. Feet,9 months ago,[],Sale,6160.5,,243.48672997321646,Chovar,15.0,,2.0,1,0,14.220976332738882,8.726075533378177,0.0017421602787456446,243.48672997321646,1346752.4615832616,11.379042755680459
"House For Sale In Banasthali, Kathmandu","Banasthali, Banasthali, Kathmandu",Kathmandu,22500000,0,0,2.0,0,West,,802,0-3-2-2 Aana,13 Feet / Gravelled,13 Feet ,Gravelled,N/A Sq. Feet,9 months ago,[],Sale,1240.65625,,18135.563335936124,Banasthali,13.0,,2.0,1,0,16.929025911619092,7.124201452848615,0.005226480836236934,20071.775653444278,22178102.696543366,1.451419482816285
"Naranthan 2 Ropani Home : House For Sale In Budhanilkantha, Kathmandu","NA, Budhanilkantha, Kathmandu",Kathmandu,115000000,0,0,3.0,0,East,2069.0,627,2 Ropani,14 Feet / Blacktopped,14 Feet ,Blacktopped,N/A Aana,9 months ago,[],Sale,10952.0,,10500.36523009496,Budhanilkantha,14.0,2012.0,8.0,0,0,18.560442695023177,9.301368670323747,0.11382113821138211,13184.806428049671,73079023.83100851,57.36389728731407
"House For Sale In Budhanilkantha, Kathmandu","Budhanilkanth, Budhanilkantha, Kathmandu",Kathmandu,28000000,0,0,0.0,0,South,,289,4 Aana,15 Feet / Gravelled,15 Feet ,Gravelled,N/A Sq. Feet,9 months ago,[],Sale,1369.0,,20452.885317750184,Budhanilkantha,15.0,,2.0,1,0,17.147715103853763,7.222566018822171,0.11382113821138211,13184.806428049671,3587510.324867633,680.485558631336
"House For Sale In Lamatar, Lalitpur","Lamatar, Lamatar, Lalitpur",Lalitpur,10000000,0,0,0.0,0,West,,272,5 Aana,12 Feet / Soil Stabilized,12 Feet ,Soil Stabilized,N/A Sq. Feet,9 months ago,[],Sale,1711.25,,5843.681519357195,Lamatar,12.0,,2.0,1,0,16.118095750958314,7.445563574078014,0.0017421602787456446,5843.681519357195,4309561.124900904,132.04218968422092
"House For Sale In Lamatar, Lalitpur","Lamatra, Lamatar, Lalitpur",Lalitpur,25000000,0,0,0.0,0,West,,188,8 Aana,14 Feet / Gravelled,14 Feet ,Gravelled,N/A Sq. Feet,9 months ago,[],Sale,2738.0,,9130.752373995618,Lamatar,14.0,,2.0,1,0,17.034386422832473,7.915348169263078,0.0017421602787456446,5843.681519357195,6206775.025862208,302.7856639854149
"House For Sale In Pokhara, Pokhara","Birauta, Pokhara, Pokhara",Pokhara,13500000,2,1,1.0,0,North,,821,18*35 Sq. Feet,16 Feet / Gravelled,16 Feet ,Gravelled,N/A Sq. Feet,9 months ago,[],Sale,630.0,,21428.571428571428,Pokhara,16.0,,2.0,1,0,16.41820031748273,6.447305862541213,0.011033681765389082,3638.0896618566194,7571962.395763273,78.28931648622068
"Land At The Heart Of The Ktm City ,2.08 Cr : Land For Sale In Tahachal, Kathmandu","Tahachal,Ktm-13, Tahachal, Kathmandu",Kathmandu,3500000,0,0,0.0,0,West,,405,0-5-3-3 Aana,14 Feet / Paved,14 Feet ,Paved,N/A Aana,9 months ago,[],Sale,2032.109375,,1722.348237284226,Tahachal,14.0,,2.0,1,0,15.068273812173887,7.617321611984435,0.0023228803716608595,11243.00743263969,3976679.9608413284,-11.98688266431376
"Baluwakhani Chok 4 Ana Home : House For Sale In Bhangal, Kathmandu","NA, Bhangal, Kathmandu",Kathmandu,24000000,6,6,3.0,1,North West,2076.0,292,4 Aana,15 Feet / Blacktopped,15 Feet ,Blacktopped,N/A Aana,9 months ago,[],Sale,1369.0,,17531.044558071586,Bhangal,15.0,2019.0,1.0,0,0,16.993564429978885,7.222566018822171,0.012775842044134728,17531.044558071586,26043388.671371818,-7.846093675275107
"Baluwakhani Home : House For Sale In Bhangal, Kathmandu","NA, Bhangal, Kathmandu",Kathmandu,24000000,6,6,3.0,1,South East,2076.0,318,4 Aana,14 Feet / Blacktopped,14 Feet ,Blacktopped,N/A Aana,9 months ago,[],Sale,1369.0,,17531.044558071586,Bhangal,14.0,2019.0,1.0,0,0,16.993564429978885,7.222566018822171,0.012775842044134728,17531.044558071586,26239426.055370405,-8.534584752901116
"House For Sale In Imadol, Lalitpur","Sheetal tole, Imadol, Lalitpur",Lalitpur,21000000,5,3,3.0,3,East,2014.0,384,0-3-0-0 Aana,13 Feet / Blacktopped,13 Feet ,Blacktopped,1880 Sq. Feet,9 months ago,"['Drainage', 'Solar Water', 'Water Tank', 'Water Well', 'Parking', 'TV Cable', 'Balcony', 'Internet']",Sale,1026.75,1880.0,20452.885317750184,Imadol,13.0,2014.0,6.0,0,8,16.860033043306743,6.935127225777988,0.050522648083623695,16278.8270896379,19134543.912158217,9.749153658459868
"Land For Sale In Ekantakuna, Lalitpur","Opposite of Dav College, Ekantakuna, Lalitpur",Lalitpur,5500000,0,0,0.0,0,West,,302,11 Aana,10 Feet / Gravelled,10 Feet ,Gravelled,N/A Sq. Feet,9 months ago,[],Sale,3764.75,,1460.9203798392987,Ekantakuna,10.0,,2.0,1,0,15.520258832020865,8.233702323582925,0.0017421602787456446,1460.9203798392987,3305157.9520595223,66.40657057169747
"Land On Sale On Lagankhel, Lalitpur : Land For Sale In Lagankhel, Lalitpur","Next to Campaign School, Lalitpur, Lagankhel, Lalitpur",Lalitpur,5000000,0,0,0.0,0,East,,354,0-5-0-0 Aana,20 Feet / Blacktopped,20 Feet ,Blacktopped,N/A Aana,9 months ago,[],Sale,1711.25,,2921.8407596785974,Lagankhel,20.0,,2.0,1,0,15.424948670398354,7.445563574078014,0.0011614401858304297,2389.491808410727,5190492.255971866,-3.670022929958076
"Land For Sale In Satungal, Kathmandu","Satungal, Satungal, Kathmandu",Kathmandu,2000000,0,0,0.0,0,North,,310,0-8-1-0 Aana,15 Feet / Blacktopped,15 Feet ,Blacktopped,N/A Sq. Feet,9 months ago,[],Sale,2823.5625,,708.325032649357,Satungal,15.0,,2.0,1,0,14.508658238524095,7.946108764330733,0.003484320557491289,11066.47187728269,5042840.183162747,-60.33980996110711
"Land For Sale In Kadaghari, Kathmandu","Nearby, Forcepark, Kadaghari, Kathmandu",Kathmandu,2500000,0,0,0.0,0,North,,270,4 Aana,13 Feet / Gravelled,13 Feet ,Gravelled,N/A Sq. Feet,9 months ago,[],Sale,1369.0,,1826.1504747991235,Kadaghari,13.0,,2.0,1,0,14.731801689838349,7.222566018822171,0.009291521486643438,11930.849768687607,4559497.421900217,-45.169395469071254
"House For Sale In Harisiddhi, Lalitpur","Harisiddhi, Harisiddhi, Lalitpur",Lalitpur,12500000,0,0,2.0,0,East,,1.8K,3 Aana,13 Feet / Gravelled,13 Feet ,Gravelled,N/A Sq. Feet,9 months ago,[],Sale,1026.75,,12174.336498660823,Harisiddhi,13.0,,2.0,1,0,16.341239282272525,6.935127225777988,0.005226480836236934,13580.386629492074,13978488.692993263,-10.576885137335035
"Land For Sale In Sanepa, Lalitpur","opposite to old star hospital, Sanepa, Lalitpur",Lalitpur,1000000,0,0,0.0,0,West,,914,5 Aana,4 Feet / Soil Stabilized,4 Feet ,Soil Stabilized,N/A Sq. Feet,9 months ago,[],Sale,1711.25,,584.3681519357195,Sanepa,4.0,,2.0,1,0,13.815511557963774,7.445563574078014,0.009872241579558653,3756.652405301054,1676703.6666876322,-40.359169013119434
"House For Sale In Tokha, Kathmandu","Nearby, Grandy Hospital, Tokha, Kathmandu",Kathmandu,27500000,5,3,3.0,0,South,,559,4 Aana,26 Feet / Gravelled,26 Feet ,Gravelled,N/A Sq. Feet,9 months ago,"['Balcony', 'Modular Kitchen', 'TV Cable', 'Wifi', 'Drainage', 'Water Supply', 'Solar Water', 'Water Well', 'Parking', 'Store Room']",Sale,1369.0,,20087.65522279036,Tokha,26.0,,2.0,1,10,17.129696599000436,7.222566018822171,0.020905923344947737,15806.346887427968,27108898.491187237,1.4427052760550376
"House For Sale In Jorpati, Kathmandu","Narayantar, Jorpati, Kathmandu",Kathmandu,24000000,0,0,3.0,0,South,,449,4 Aana,15 Feet / Blacktopped,15 Feet ,Blacktopped,N/A Sq. Feet,9 months ago,[],Sale,1369.0,,17531.044558071586,Jorpati,15.0,,2.0,1,0,16.993564429978885,7.222566018822171,0.012195121951219513,6000.0,21508276.924716372,11.584949756808498
"Land For Sale In Budhanilkantha, Kathmandu","Pasikot, Budhanilkantha, Kathmandu",Kathmandu,2000000,0,0,0.0,0,South,,676,0-3-2-0 Aana,24 Feet / Gravelled,24 Feet ,Gravelled,N/A Sq. Feet,9 months ago,[],Sale,1197.875,,1669.623291244913,Budhanilkantha,24.0,,2.0,1,0,14.508658238524095,7.089138896048115,0.11382113821138211,13184.806428049671,3643578.042035695,-45.10890182874786
"House For Sale In Nepaltar, Kathmandu","Nearby, Laxmi Bank, Nepaltar, Kathmandu",Kathmandu,24000000,11,3,3.0,0,North,,282,4 Aana,13 Feet / Blacktopped,13 Feet ,Blacktopped,N/A Sq. Feet,9 months ago,"['Balcony', 'Modular Kitchen', 'Wifi', 'Drainage', 'Water Tank', 'Water Well', 'Parking']",Sale,1369.0,,17531.044558071586,Nepaltar,13.0,,2.0,1,7,16.993564429978885,7.222566018822171,0.0011614401858304297,9432.188945702459,23706292.376781393,1.2389437308479019
"Land For Sale In Budhanilkantha, Kathmandu","Pasikot, Budhanilkantha, Kathmandu",Kathmandu,1900000,0,0,0.0,0,South,,396,4 Aana,13 Feet / Gravelled,13 Feet ,Gravelled,N/A Sq. Feet,9 months ago,[],Sale,1369.0,,1387.8743608473337,Budhanilkantha,13.0,,2.0,1,0,14.45736497045232,7.222566018822171,0.11382113821138211,13184.806428049671,3350963.4686803874,-43.29988918834076
"House For Sale In Harisiddhi, Lalitpur","Nearby, Harisiddhi Buspark Chowk, Harisiddhi, Lalitpur",Lalitpur,11500000,0,0,1.0,0,East,,402,33 Aana,13 Feet,13 Feet,Unknown,N/A Sq. Feet,9 months ago,[],Sale,11294.25,,1018.2172344334507,Harisiddhi,13.0,,2.0,1,0,16.257857680289998,9.332137562344629,0.005226480836236934,13580.386629492074,6774997.785321686,69.74175290381979
"House On Sale At Dhungedhara : House For Sale In Dhungedhara, Kathmandu","dhungedhara, Dhungedhara, Kathmandu",Kathmandu,24500000,7,4,0.0,0,West,,269,3.3 Aana,12 Feet,12 Feet,Unknown,N/A Aana,9 months ago,['Garden'],Sale,1129.425,,21692.454124886557,Dhungedhara,12.0,,2.0,1,1,17.01418371633128,7.030348947190871,0.0023228803716608595,17292.851017880395,22739516.744956937,7.741955446056236
"Land For Sale In Pokhara, Pokhara","Nearby, Malepatan, Pokhara, Pokhara",Pokhara,600000,0,0,0.0,0,West,,377,20*40 Haat,15 Feet / Soil Stabilized,15 Feet ,Soil Stabilized,N/A Sq. Feet,9 months ago,[],Sale,1800.0,,333.3333333333333,Pokhara,15.0,,2.0,1,0,13.304686600863562,7.496097345175956,0.011033681765389082,3638.0896618566194,1345574.225344651,-55.409371798399455
"भैंसेपाटीमा नयाँ घर बिक्रिमा !! 285 Lakh ( Negotiable ) : House For Sale In Bhaisepati, Lalitpur","Bhaisepati, Bhaisepati, Lalitpur",Lalitpur,28500000,3,5,3.0,1,South West,2019.0,864,0-4-2-0 Aana,18 Feet / Blacktopped,18 Feet ,Blacktopped,N/A Aana,9 months ago,"['Balcony', 'Gym', 'Washing Machine', 'TV Cable', 'Modular Kitchen', 'Fencing', 'Frontyard']",Sale,1540.125,,18504.99147796445,Bhaisepati,18.0,2019.0,1.0,0,7,17.1654146803266,7.340267948188717,0.02264808362369338,10000.0,26787506.443423815,6.392881547944873
"Urgent Sale Dhulikhel Land : Land For Sale In Bhaktapur, Bhaktapur","dhulikhel tourist area, Bhaktapur, Bhaktapur",Bhaktapur,1050000,0,0,0.0,0,East,,271,18 Aana,14 Feet / Blacktopped,14 Feet ,Blacktopped,N/A Aana,9 months ago,[],Sale,6160.5,,170.44071098125153,Bhaktapur,14.0,,2.0,1,0,13.864301674514206,8.726075533378177,0.0040650406504065045,1022.6442658875092,1376382.8574193355,-23.713086490432662
"BUDHANILKANTHA VILLA LAND : Land For Sale In Budhanilkantha, Kathmandu","NA, Budhanilkantha, Kathmandu",Kathmandu,4200000,0,0,0.0,0,North East,,374,8 Aana,20 Feet / Blacktopped,20 Feet ,Blacktopped,N/A Aana,9 months ago,[],Sale,2738.0,,1533.9663988312636,Budhanilkantha,20.0,,2.0,1,0,15.250595321348806,7.915348169263078,0.11382113821138211,13184.806428049671,3731193.3995006285,12.564521596819805
"GOLFUTAR HEPLAI CLASSIC BUNGALOW : House For Sale In Budhanilkantha, Kathmandu","NA, Budhanilkantha, Kathmandu",Kathmandu,62000000,4,6,3.0,4,East,2076.0,1.1K,10 Aana,15 Feet / Blacktopped,15 Feet ,Blacktopped,N/A Aana,9 months ago,"['Modular Kitchen', 'Microwave', 'TV Cable', 'Garden', 'Backyard', 'Frontyard', 'Balcony']",Sale,3422.5,,18115.412710007306,Budhanilkantha,15.0,2019.0,1.0,0,7,17.9426449591384,8.138418698561118,0.11382113821138211,13184.806428049671,54565567.31761525,13.624769333214125
"Basundhra Choker 6 Ana Home : House For Sale In Basundhara, Kathmandu","na, Basundhara, Kathmandu",Kathmandu,42500000,6,6,4.0,2,South,2075.0,277,6 Aana,15 Feet / Blacktopped,15 Feet ,Blacktopped,N/A Aana,9 months ago,"['Modular Kitchen', 'TV Cable', 'Balcony']",Sale,2053.5,,20696.3720477234,Basundhara,15.0,2018.0,2.0,0,3,17.565014657424058,7.627787788323465,0.02148664343786295,17666.944128289193,41964301.93479253,1.2765565981292306
"Hattigauda Chokaima 4 Ana Home : House For Sale In Hattigauda, Kathmandu","na, Hattigauda, Kathmandu",Kathmandu,24500000,5,5,3.0,1,East,2076.0,444,4 Aana,30 Feet / Gravelled,30 Feet ,Gravelled,N/A Aana,9 months ago,"['Modular Kitchen', 'TV Cable']",Sale,1369.0,,17896.27465303141,Hattigauda,30.0,2019.0,1.0,0,2,17.01418371633128,7.222566018822171,0.022067363530778164,14609.203798392988,27830024.29507569,-11.9655817033006
"Busundhara 8 Ana Modern Home : House For Sale In Basundhara, Kathmandu","na, Basundhara, Kathmandu",Kathmandu,45000000,6,6,3.0,2,South West,,1.4K,8 Aana,15 Feet / Blacktopped,15 Feet ,Blacktopped,N/A Aana,9 months ago,"['Garden', 'TV Cable', 'Modular Kitchen', 'Microwave', 'Balcony', 'Backyard', 'Frontyard']",Sale,2738.0,,16435.35427319211,Basundhara,15.0,,2.0,1,7,17.622173069956816,7.915348169263078,0.02148664343786295,17666.944128289193,46596718.767911315,-3.426676405830727
"Hattigauda 6.5 Ana Bungalow : House For Sale In Hattigauda, Kathmandu","NA, Hattigauda, Kathmandu",Kathmandu,33000000,0,0,0.0,3,South West,,642,6.5 Aana,18 Feet / Blacktopped,18 Feet ,Blacktopped,N/A Aana,9 months ago,"['Garden', 'Frontyard', 'Modular Kitchen', 'TV Cable']",Sale,2224.625,,14833.960779906725,Hattigauda,18.0,,2.0,1,4,17.312018149733785,7.7077930540320425,0.022067363530778164,14609.203798392988,29412197.29784215,12.198349772463526
"House For Sale In Gaushala, Kathmandu","Nearby, Bijay Chowk, Gaushala, Kathmandu",Kathmandu,80000000,0,0,0.0,0,South,,471,0-10-3-2 Aana,12 Feet / Blacktopped,12 Feet ,Blacktopped,N/A Sq. Feet,9 months ago,"['Garage', 'Balcony', 'Modular Kitchen', 'TV Cable', 'Wifi', 'Drainage', 'Solar Water', 'Water Well', 'Parking', 'Store Room']",Sale,3721.96875,,21494.000990739107,Gaushala,12.0,,2.0,1,10,18.197537205138154,8.222276680069022,0.0017421602787456446,8000.0,54656404.39582736,46.36894044590216
"2.5 Floored House On Sale : House For Sale In Thasikhel, Lalitpur","Thashikhel-5, Near Open University Manbhawan, Amar Colony, Thasikhel, Lalitpur",Lalitpur,46500000,0,0,2.0,0,East,2070.0,484,4 Aana,21 Feet / Blacktopped,21 Feet ,Blacktopped,0-4-1-2/139.11 Aana,9 months ago,"['TV Cable', 'Balcony', 'Air Condition', 'Wifi', 'Drainage', 'Water Supply', 'Water Tank', 'Water Well', 'Solar Water']",Sale,1369.0,,33966.398831263694,Thasikhel,21.0,2013.0,7.0,0,9,17.65496289206296,7.222566018822171,0.0011614401858304297,25748.72169466764,38554322.60408458,20.609044224456497
"House For Sale In Baluwatar, Kathmandu","Nearby, Russian Embassy, Baluwatar, Kathmandu",Kathmandu,34000000,5,0,3.0,0,South,,4.2K,4 Aana,15 Feet / Blacktopped,15 Feet ,Blacktopped,N/A Aana,9 months ago,"['Garage', 'Balcony', 'Modular Kitchen', 'TV Cable', 'Wifi', 'Drainage', 'Water Supply', 'Water Tank', 'Water Well', 'Parking']",Sale,1369.0,,24835.646457268078,Baluwatar,15.0,,2.0,1,10,17.341871111992198,7.222566018822171,0.02032520325203252,19576.333089846605,28046136.827982873,21.228817389483368
"Business For Sale In Boudha, Kathmandu","Infront of KFC, Boudha, Kathmandu",Kathmandu,800000,0,0,0.0,0,West,,284,400 Sq. Feet,15 Feet / Blacktopped,15 Feet ,Blacktopped,N/A Sq. Feet,9 months ago,[],Sale,400.0,,2000.0,Boudha,15.0,,2.0,1,0,13.592368256649284,5.993961427306569,0.004645760743321719,5222.242512783054,1154578.2964374605,-30.71063240418938
"Plotting Land : Land For Sale In Nakhipot, Lalitpur","Kantipur Colony, Nakhipot, Lalitpur",Lalitpur,2200000,0,0,0.0,0,South,,562,0-5-0-0 Aana,20 Feet / Blacktopped,20 Feet ,Blacktopped,N/A Aana,9 months ago,[],Sale,1711.25,,1285.6099342585828,Nakhipot,20.0,,2.0,1,0,14.603968372873895,7.445563574078014,0.003484320557491289,12575.075075075074,4552746.630179381,-51.67752175320772
"Attractive Commercial Cum Residential Land At Prime Location Near Nirmal Niwas Maharajgunj For Sale : Land For Sale In Maharajgunj, Kathmandu","Behind Nirmal Niwas near UNHCR office, Maharajgunj, Kathmandu",Kathmandu,6500000,0,0,0.0,0,East,,452,0-4-0-0 Aana,20 Feet / Blacktopped,20 Feet ,Blacktopped,0-4-0-0 Aana,9 months ago,[],Sale,1369.0,1369.0,4747.991234477721,Maharajgunj,20.0,,2.0,1,0,15.687312888712007,7.222566018822171,0.011614401858304297,20270.270270270274,6497340.946370067,0.04092525930039864
"MILAN CHOWK Land On Sale!! : Land For Sale In Mid Baneshwor, Kathmandu","MILAN CHOWK # 10, Mid Baneshwor, Kathmandu",Kathmandu,5800000,0,0,0.0,0,West,,822,4701 Sq. Feet,20 Feet / Blacktopped,20 Feet ,Blacktopped,N/A Sq. Feet,9 months ago,[],Sale,4701.0,,1233.7800467985535,Mid Baneshwor,20.0,,2.0,1,0,15.573368647930426,8.455743229100015,0.003484320557491289,11053.227269443485,7500684.341220658,-22.67372234123226
"MODERN HOUSE ON SALE!! : House For Sale In Jorpati, Kathmandu","Jambu Danda, Jorpati, Kathmandu",Kathmandu,21500000,4,3,3.0,1,East,,547,2700 Sq. Feet,12 Feet / Blacktopped,12 Feet ,Blacktopped,2700 Sq. Feet,9 months ago,"['Lawn', 'Frontyard', 'Garden', 'Modular Kitchen', 'TV Cable', 'Wifi', 'Drainage', 'Water Supply', 'Solar Water', 'Water Tank', 'Kids Playground']",Sale,2700.0,2700.0,7962.962962962963,Jorpati,12.0,,2.0,1,11,16.88356353960952,7.901377353792616,0.012195121951219513,6000.0,26633418.054922327,-19.274349406960855
"House For Sale In Joranku, Kathmandu","jarankhu kapresthali, Joranku, Kathmandu",Kathmandu,15900000,5,3,3.0,0,West,2075.0,403,0-3-0-0 Aana,8 Feet / Soil Stabilized,8 Feet ,Soil Stabilized,0-2-4-6 Aana,9 months ago,"['Backyard', 'Frontyard', 'Balcony', 'Wifi', 'TV Cable', 'Water Supply']",Sale,1026.75,1155.09375,15485.756026296567,Joranku,8.0,2018.0,2.0,0,6,16.58182973008354,6.935127225777988,0.0011614401858304297,14590.942293644996,16050355.492497688,-0.9367735971204365
"Attractive Land For Sale : Land For Sale In Ratnanagar, Chitwan","Rathnanagar -2, Tandi, Ratnanagar, Chitwan",Chitwan,350000,0,0,0.0,0,East,,350,455.97 Sq. Meter,8 Meter / Gravelled,8 Meter ,Gravelled,N/A Aana,9 months ago,[],Sale,4908.015483,,71.31191847546174,Ratnanagar,26.24672,,2.0,1,0,12.765691290604371,8.49882868805593,0.0011614401858304297,1910.5037800314976,1162584.7691956905,-69.89466839117976
"Land For Sale In Tokha, Kathmandu","Sangla, Tokha, Kathmandu",Kathmandu,1650000,0,0,0.0,0,South,,426,0-4-5-0 Aana,10 Feet / Soil Stabilized,10 Feet ,Soil Stabilized,N/A Sq. Feet,9 months ago,[],Sale,1796.8125,,918.292810184702,Tokha,10.0,,2.0,1,0,14.316286451937186,7.494325927057613,0.020905923344947737,15806.346887427968,2483255.854845862,-33.554973935522355
"House For Sale In Basundhara, Kathmandu","Basundhara, Basundhara, Kathmandu",Kathmandu,23500000,0,0,0.0,0,East,,448,0-3-1-0 Aana,15 Feet / Blacktopped,15 Feet ,Blacktopped,N/A Sq. Feet,9 months ago,"['TV Cable', 'Wifi', 'Drainage', 'Water Supply', 'Water Tank']",Sale,1112.3125,,21127.1562622914,Basundhara,15.0,,2.0,1,5,16.97251102166758,7.015095084552704,0.02148664343786295,17666.944128289193,22335094.88753428,5.215581658960762
"Land For Sale In Goldhunga, Kathmandu","Goldhunga, Goldhunga, Kathmandu",Kathmandu,1000000,0,0,0.0,0,North,,502,0-2-2-0 Aana,15 Feet / Soil Stabilized,15 Feet ,Soil Stabilized,N/A Sq. Feet,9 months ago,[],Sale,855.625,,1168.736303871439,Goldhunga,15.0,,2.0,1,0,13.815511557963774,6.753000249905988,0.005226480836236934,5064.523983442902,1960571.6157045842,-48.994467124292065
"House For Sale In Sukedhara, Kathmandu","Sukedhara Chowk, Sukedhara, Kathmandu",Kathmandu,42000000,0,0,2.5,0,North,,318,4 Aana,20 Feet / Blacktopped,20 Feet ,Blacktopped,N/A Sq. Feet,9 months ago,[],Sale,1369.0,,30679.327976625274,Sukedhara,20.0,,2.0,1,0,17.553180200057167,7.222566018822171,0.013356562137049941,20452.885317750184,29067572.282045256,44.490911014068324
"Business For Sale In Boudha, Kathmandu","Opp. to Boudha Gate, Boudha, Kathmandu",Kathmandu,6500000,0,0,0.0,0,North,,291,1000 Sq. Feet,20 Feet / Blacktopped,20 Feet ,Blacktopped,N/A Sq. Feet,9 months ago,[],Sale,1000.0,,6500.0,Boudha,20.0,,2.0,1,0,15.687312888712007,6.90875477931522,0.004645760743321719,5222.242512783054,5818107.504768987,11.720176959124236
"Business For Sale In Putalisadak, Kathmandu","Opp. to Nepal Investment Bank, Putalisadak, Kathmandu",Kathmandu,1800000,0,0,0.0,0,West,,240,700 Sq. Feet,15 Feet / Blacktopped,15 Feet ,Blacktopped,N/A Sq. Feet,9 months ago,[],Sale,700.0,,2571.4285714285716,Putalisadak,15.0,,2.0,1,0,14.403297778421795,6.55250788703459,0.0023228803716608595,14303.106194998087,2763613.476447339,-34.86788165782419
"Business For Sale In Chabahil, Kathmandu","Opp. to Gopi Krishna Hall, Chabahil, Kathmandu",Kathmandu,2000000,0,0,0.0,0,West,,228,1000 Sq. Feet,15 Feet / Blacktopped,15 Feet ,Blacktopped,N/A Sq. Feet,9 months ago,[],Sale,1000.0,,2000.0,Chabahil,15.0,,2.0,1,0,14.508658238524095,6.90875477931522,0.0156794425087108,4515.572083139651,3893432.6157747423,-48.631446916616895
"Business For Sale In Sundhara, Kathmandu","Civil Mall, 4th floor, Sundhara, Kathmandu",Kathmandu,2000000,0,0,0.0,0,North,,199,500 Sq. Feet,20 Feet / Blacktopped,20 Feet ,Blacktopped,N/A Sq. Feet,9 months ago,[],Sale,500.0,,4000.0,Sundhara,20.0,,2.0,1,0,14.508658238524095,6.2166061010848646,0.0005807200929152149,4000.0,1917788.9067153311,4.286764460718197
"Business For Sale In Satdobato, Lalitpur","Dholahiti Chowk, Satdobato, Lalitpur",Lalitpur,9000000,0,0,0.0,0,North,,185,3000 Sq. Feet,20 Feet / Blacktopped,20 Feet ,Blacktopped,N/A Sq. Feet,9 months ago,[],Sale,3000.0,,3000.0,Satdobato,20.0,,2.0,1,0,16.012735246411598,8.006700845440367,0.0023228803716608595,11040.704521399502,6284347.053884892,43.21296902971537
"Business For Sale In Jorpati, Kathmandu","Nearby Krishi Bikash Bank, Jorpati, Kathmandu",Kathmandu,900000,0,0,0.0,0,North,,246,500 Sq. Feet,15 Feet / Gravelled,15 Feet ,Gravelled,N/A Sq. Feet,9 months ago,[],Sale,500.0,,1800.0,Jorpati,15.0,,2.0,1,0,13.710151153416941,6.2166061010848646,0.012195121951219513,6000.0,1154321.152046077,-22.032096665237685
"Business For Sale In Newroad, Kathmandu","Park Plazza 1st floor shop no-A11, Newroad, Kathmandu",Kathmandu,550000,0,0,0.0,0,West,,274,400 Sq. Feet,15 Feet / Blacktopped,15 Feet ,Blacktopped,N/A Sq. Feet,9 months ago,[],Sale,400.0,,1375.0,Newroad,15.0,,2.0,1,0,13.217675375388819,5.993961427306569,0.0011614401858304297,72272.59861212564,1720223.5834052567,-68.02741194192609
"Land For Sale In Kirtipur, Kirtipur","Nearby, Rarahill School, Kirtipur, Kathmandu",Kathmandu,2000000,0,0,0.0,0,West,,396,5 Aana,12 Feet / Gravelled,12 Feet ,Gravelled,N/A Sq. Feet,9 months ago,[],Sale,1711.25,,1168.736303871439,Kirtipur,12.0,,2.0,1,0,14.508658238524095,7.445563574078014,0.008710801393728223,1168.736303871439,1730940.0112884468,15.54415444537994
"House For Sale In Gurujudhara, Kathmandu","Gurujudhara, Gurujudhara, Kathmandu",Kathmandu,8500000,2,1,1.0,0,West,,542,0-3-1-0 Aana,10 Feet / Gravelled,10 Feet ,Gravelled,N/A Sq. Feet,9 months ago,"['TV Cable', 'Drainage', 'Water Supply', 'Water Tank']",Sale,1112.3125,,7641.737371467101,Gurujudhara,10.0,,2.0,1,4,15.955576839107596,7.015095084552704,0.0017421602787456446,7641.737371467101,9044525.11494578,-6.02049425509329
"Land For Sale In Dharan, Dharan","Nearby, Shyam Chowk, Dharan, Dharan",Dharan,330000,0,0,0.0,0,East,,523,1 Kattha,20 Feet / Gravelled,20 Feet ,Gravelled,N/A Sq. Feet,9 months ago,[],Sale,3645.0,,90.53497942386831,Dharan,20.0,,2.0,1,0,12.706850963741102,8.201385955238608,0.005807200929152149,452.55765420374473,1479656.9394199047,-77.69753304239727
"Land For Sale In Bafal, Kathmandu","Opposite from Makalu petrol pump, Bafal, Kathmandu",Kathmandu,3500000,0,0,0.0,0,South,,412,0-2-5-0 Aana,18 Feet / Gravelled,18 Feet ,Gravelled,N/A Sq. Feet,9 months ago,[],Sale,1112.3125,,3146.597741192336,Bafal,18.0,,2.0,1,0,15.068273812173887,7.015095084552704,0.004645760743321719,16881.74661147634,4614893.002649844,-24.158588335843948
"Bhalwari Ma Sasto Jagga Tu Bikrima : Land For Sale In Tilottama, Rupandehi","Bhalwari, Tilottama, Rupandehi",Rupandehi,325000,0,0,0.0,0,West,,405,22 Haat,20 Feet / Gravelled,20 Feet ,Gravelled,N/A Haat,9 months ago,[],Sale,1089.0,,298.43893480257117,Tilottama,20.0,,2.0,1,0,12.691583538230217,6.993932975223189,0.0011614401858304297,208.67068691348072,491438.43536126515,-33.86760647626458
"Land For Sale In Pokhara, Pokhara","Chautha majari patan, Pokhara, Pokhara",Pokhara,175000,0,0,0.0,0,West,,470,30*30 Haat,15 Feet / Gravelled,15 Feet ,Gravelled,N/A Sq. Feet,9 months ago,[],Sale,2025.0,,86.41975308641975,Pokhara,15.0,,2.0,1,0,12.07254696717504,7.613818684808629,0.011033681765389082,3638.0896618566194,2430285.8798021423,-92.79920105472334
"Land For Sale In Madhyapur Thimi, Bhaktapur","Nearby, Chardobato, Madhyapur Thimi, Bhaktapur",Bhaktapur,4100000,0,0,0.0,0,South,,301,0-3-1-3 Aana,36 Feet / Blacktopped,36 Feet ,Blacktopped,N/A Sq. Feet,9 months ago,[],Sale,1176.484375,,3484.9591606348363,Madhyapur Thimi,36.0,,2.0,1,0,15.226497775576945,7.071135556163465,0.004645760743321719,2027.7777777777778,3466540.292114055,18.273542336345745
"House For Sale In Bharatpur, Chitwan","Naurangey, Bharatpur, Chitwan",Chitwan,13500000,3,3,3.0,3,South,,459,10 Dhur,6 Meter / Blacktopped,6 Meter ,Blacktopped,N/A Sq. Feet,9 months ago,"['Balcony', 'TV Cable', 'Drainage', 'Water Supply', 'Water Tank']",Sale,1822.5,,7407.407407407408,Bharatpur,19.68504,,2.0,1,5,16.41820031748273,7.508513010248735,0.008710801393728223,6858.710562414266,17492141.526721045,-22.822485860994426
"House For Sale In Sanepa, Lalitpur","Sanepa, Sanepa, Lalitpur",Lalitpur,150000000,10,10,4.5,0,South,,3.2K,17 Aana,20 Feet / Blacktopped,20 Feet ,Blacktopped,N/A Sq. Feet,9 months ago,"['Balcony', 'Garden', 'TV Cable', 'Wifi', 'Drainage', 'Water Supply', 'Solar Water', 'Water Tank', 'Water Well']",Sale,5818.25,,25780.947879517036,Sanepa,20.0,,2.0,1,9,18.826145858727198,8.668926666442168,0.009872241579558653,3756.652405301054,103992648.18167898,44.240965705522264
"House For Sale In Dhapasi, Kathmandu","Dhapasi, Dhapasi, Kathmandu",Kathmandu,12500000,0,0,0.0,0,East,,1.6K,0-2-5-0 Aana,13 Feet / Soil Stabilized,13 Feet ,Soil Stabilized,N/A Sq. Feet,9 months ago,[],Sale,1112.3125,,11237.849075686914,Dhapasi,13.0,,2.0,1,0,16.341239282272525,7.015095084552704,0.015098722415795587,15555.54898371399,5157249.468626746,142.37726090315454
"Nepal Medicity Hospital Agadi 1kilo Mitar Vitra : House For Sale In Nakkhu, Lalitpur","Nepal medicity hospital near, Nakkhu, Lalitpur",Lalitpur,18000000,4,5,3.0,1,North,2019.0,593,0.3.0.0 Aana,13 Feet / Soil Stabilized,13 Feet ,Soil Stabilized,1900 Sq. Feet,9 months ago,"['Garage', 'Water Supply', 'Solar Water', 'TV Cable', 'Balcony', 'Modular Kitchen', 'Water Tank']",Sale,102.675,1900.0,175310.44558071587,Nakkhu,13.0,2019.0,1.0,0,7,16.705882371415992,4.641261006132445,0.0023228803716608595,18861.525618282376,20035721.478492998,-10.16046005968993
"Land For Sale In Dhapasi, Kathmandu","Dhapasi Height, Dhapasi, Kathmandu",Kathmandu,2700000,0,0,0.0,0,East,,402,5 Aana,13 Feet / Gravelled,13 Feet ,Gravelled,N/A Aana,9 months ago,[],Sale,1711.25,,1577.7940102264427,Dhapasi,13.0,,2.0,1,0,14.80876270134486,7.445563574078014,0.015098722415795587,15555.54898371399,3494719.432121068,-22.74057896655597
"Land For Sale In Jorpati, Kathmandu","Thali, Jorpati, Kathmandu",Kathmandu,675000,0,0,0.0,0,West,,561,0-5-3-0 Aana,10 Feet / Soil Stabilized,10 Feet ,Soil Stabilized,N/A Sq. Feet,9 months ago,[],Sale,1967.9375,,342.9986978753136,Jorpati,10.0,,2.0,1,0,13.42246945133505,7.585249336134321,0.012195121951219513,6000.0,2235215.823403553,-69.80157383763593
"House For Sale In Baluwatar, Kathmandu","Baluwatar, Baluwatar, Kathmandu",Kathmandu,46000000,0,0,0.0,0,South West,,899,8 Aana,13 Feet / Blacktopped,13 Feet ,Blacktopped,N/A Aana,9 months ago,"['Balcony', 'TV Cable', 'Wifi', 'Drainage', 'Water Supply', 'Solar Water', 'Water Tank']",Sale,2738.0,,16800.584368151936,Baluwatar,13.0,,2.0,1,7,17.6441519761925,7.915348169263078,0.02032520325203252,19576.333089846605,36116371.164574444,27.366062859383106
"Nepal Medicity Hospital Agadi 200 Mitar Vitra : House For Sale In Nakkhu, Lalitpur","Nepal medicity hospital near, Nakkhu, Lalitpur",Lalitpur,33000000,0,0,3.0,2,North,2016.0,339,0-5-1-0 Aana,13 Feet / Soil Stabilized,13 Feet ,Soil Stabilized,2300 Aana,9 months ago,"['Garage', 'Water Supply', 'Solar Water']",Sale,1796.8125,787175.0,18365.856203694042,Nakkhu,13.0,2016.0,4.0,0,3,17.312018149733785,7.494325927057613,0.0023228803716608595,18861.525618282376,24904540.374389507,32.50595876860844
"Land For Sale In Dhobighat, Lalitpur","Nearby, JCB Karkhana, Dhobighat, Lalitpur",Lalitpur,3200000,0,0,0.0,0,East,,13.1K,21 Aana,12 Feet / Blacktopped,12 Feet ,Blacktopped,N/A Aana,9 months ago,[],Sale,7187.25,,445.23287766531007,Dhobighat,12.0,,2.0,1,0,14.978661680269907,8.880203027487838,0.004645760743321719,12685.252820387956,5188299.192933285,-38.32275508786086
"Kalanki Srijanachowk Jagga Tu Bikrima. : Land For Sale In Chandragiri, Kathmandu","Srijana Chowk, Daha Chowk, Chandragiri, Kathmandu",Kathmandu,1900000,0,0,0.0,0,South West,,500,4 Aana,16 Feet / Blacktopped,16 Feet ,Blacktopped,N/A Aana,9 months ago,[],Sale,1369.0,,1387.8743608473337,Chandragiri,16.0,,2.0,1,0,14.45736497045232,7.222566018822171,0.008130081300813009,1241.7823228634038,1791359.6587067877,6.064686159765455
"House : House For Sale In Kavresthali, Kathmandu","Kavresthali, Balaju, Kavresthali, Kathmandu",Kathmandu,19000000,6,3,3.0,1,North East,2018.0,327,3.2 Aana,0 Feet,0 Feet,Unknown,792 Sq. Feet,9 months ago,"['Backyard', 'Balcony', 'Fencing', 'Drainage', 'Water Supply', 'Modular Kitchen', 'Water Well', 'Water Tank', 'Solar Water', 'Washing Machine']",Sale,1095.2,792.0,17348.42951059167,Kavresthali,0.0,2018.0,2.0,0,10,16.759949589762293,6.999604932612016,0.004645760743321719,4449.719990260531,19417449.077722546,-2.1498657009559565
"BUDANILKANTHA HOMES : House For Sale In Budhanilkantha, Kathmandu","NA, Budhanilkantha, Kathmandu",Kathmandu,30500000,4,4,3.0,2,North East,2019.0,740,5 Aana,15 Feet / Blacktopped,15 Feet ,Blacktopped,N/A Sq. Feet,9 months ago,"['Modular Kitchen', 'Water Supply', 'Drainage', 'Wifi', 'Garage', 'Lawn', 'Balcony', 'Microwave']",Sale,1711.25,,17823.228634039446,Budhanilkantha,15.0,2019.0,1.0,0,8,17.233237274364523,7.445563574078014,0.11382113821138211,13184.806428049671,32215260.078098796,-5.324371350535511
"Land : Land For Sale In Lamatar, Lalitpur","Nearby Sirutar, Lamatar, Lalitpur",Lalitpur,1250000,0,0,0.0,0,East,,253,6.5 Aana,13 Feet / Gravelled,13 Feet ,Gravelled,N/A Aana,9 months ago,[],Sale,2224.625,,561.8924537843457,Lamatar,13.0,,2.0,1,0,14.038654909278163,7.7077930540320425,0.0017421602787456446,5843.681519357195,4200663.5175515,-70.24279629212946
"Modern House For Sale In Hetauda : House For Sale In Hetauda, Makwanpur","Gardoi, Hetauda, Makwanpur",Makwanpur,15000000,4,3,3.0,1,South,2018.0,439,9 Dhur,6 Meter / Gravelled,6 Meter ,Gravelled,4.5 Dhur,9 months ago,"['Backyard', 'Balcony']",Sale,1640.25,820.125,9144.947416552355,Hetauda,19.68504,2018.0,2.0,0,2,16.52356082573315,7.403213425617006,0.004645760743321719,301.7832647462277,16400963.444103446,-8.541958214089716
"House For Sale In Sukedhara, Kathmandu","New colony, Sukedhara, Kathmandu",Kathmandu,21000000,6,3,2.0,2,North,2072.0,288,3 Aana,14 Feet / Blacktopped,14 Feet ,Blacktopped,90.00 Sq. Feet,9 months ago,"['Balcony', 'Water Well', 'TV Cable', 'Wifi']",Sale,1026.75,90.0,20452.885317750184,Sukedhara,14.0,2015.0,5.0,0,4,16.860033043306743,6.935127225777988,0.013356562137049941,20452.885317750184,21664395.559300672,-3.066762502014245
"Land Sale At Lalitpur Kusunti.Ringroad : Land For Sale In Kusunti, Lalitpur","Nearby Ringroad, Kusunti, Lalitpur",Lalitpur,6000000,0,0,0.0,0,East,,193,11 Aana,26 Feet,26 Feet,Unknown,N/A Aana,9 months ago,[],Sale,3764.75,,1593.731323461053,Kusunti,26.0,,2.0,1,0,15.607270193858982,8.233702323582925,0.0011614401858304297,10796.054039297282,6793952.056812,-11.686159251240804
"Tikathaliko Ghar Bikrima : House For Sale In Tikathali, Lalitpur","Tikathali, Tikathali, Lalitpur",Lalitpur,22500000,6,3,3.0,1,East,2076.0,344,0-3-2-0 Ropani,12 Feet / Blacktopped,12 Feet ,Blacktopped,2100 Ropani,9 months ago,['Water Supply'],Sale,1197.875,11499600.0,18783.26202650527,Tikathali,12.0,2019.0,1.0,0,1,16.929025911619092,7.089138896048115,0.011033681765389082,11687.36303871439,20720933.813555893,8.585839820019213
"HOUSE FOR SALE IN CHITWAN : House For Sale In Bharatpur, Chitwan","bharattpur-2 aaptari near samata school, Bharatpur, Chitwan",Chitwan,23000000,11,6,3.0,3,North,2019.0,362,10 Dhur,20 Feet / Blacktopped,20 Feet ,Blacktopped,10 Dhur,9 months ago,"['Garage', 'Balcony', 'Fencing', 'Wifi', 'Water Supply', 'TV Cable', 'Water Tank']",Sale,1822.5,1822.5,12620.02743484225,Bharatpur,20.0,2019.0,1.0,0,7,16.951004817371683,7.508513010248735,0.008710801393728223,6858.710562414266,24238256.00031948,-5.108684388444282
"Land For Sale In Butwal, Butwal","Jogikuti Chowk, Butwal, Butwal",Butwal,300000,0,0,0.0,0,East,,5.5K,10 Dhur,12 Feet / Blacktopped,12 Feet ,Blacktopped,N/A Dhur,9 months ago,[],Sale,1822.5,,164.6090534979424,Butwal,12.0,,2.0,1,0,12.611541086966115,7.508513010248735,0.003484320557491289,559.4993141289438,671685.3595777618,-55.33623061419897
"Land For Sale In Madhyapur Thimi, Bhaktapur","opposite to TB Hospital., Madhyapur Thimi, Bhaktapur",Bhaktapur,3200000,0,0,0.0,0,West,,384,6 Aana,13 Feet / Blacktopped,13 Feet ,Blacktopped,N/A Sq. Feet,9 months ago,[],Sale,2053.5,,1558.3150718285854,Madhyapur Thimi,13.0,,2.0,1,0,14.978661680269907,7.627787788323465,0.004645760743321719,2027.7777777777778,2894668.251993847,10.548073956172368
"Land For Sale In Budhanilkantha, Kathmandu","Hepali Height, Budhanilkantha, Kathmandu",Kathmandu,2200000,0,0,0.0,0,East,,324,9 Aana,15 Feet / Soil Stabilized,15 Feet ,Soil Stabilized,N/A Sq. Feet,9 months ago,[],Sale,3080.25,,714.2277412547683,Budhanilkantha,15.0,,2.0,1,0,14.603968372873895,8.033090637791,0.11382113821138211,13184.806428049671,3301457.6379325963,-33.36276756294651
"House For Sale In Lazimpat, Kathmandu","Khursanitar, Lazimpat, Kathmandu",Kathmandu,55000000,10,5,0.0,5,South,,472,8 Aana,15 Feet / Gravelled,15 Feet ,Gravelled,N/A Sq. Feet,9 months ago,"['Balcony', 'TV Cable', 'Wifi', 'Drainage', 'Water Supply', 'Solar Water', 'Water Tank']",Sale,2738.0,,20087.65522279036,Lazimpat,15.0,,2.0,1,7,17.822843761378564,7.915348169263078,0.005226480836236934,4869.734599464329,49160552.540021926,11.878319421296458
"Land For Sale In Budhanilkantha, Kathmandu","Dauba Chowk, Budhanilkantha, Kathmandu",Kathmandu,2550000,0,0,0.0,0,West,,392,11 Aana,13 Feet / Gravelled,13 Feet ,Gravelled,N/A Sq. Feet,9 months ago,[],Sale,3764.75,,677.3358124709476,Budhanilkantha,13.0,,2.0,1,0,14.751604309291395,8.233702323582925,0.11382113821138211,13184.806428049671,3207558.691188616,-20.50028555969919
"House For Sale In Sukedhara, Kathmandu","Sukedhara, Sukedhara, Kathmandu",Kathmandu,40000000,5,4,2.5,0,South,,449,6 Aana,15 Feet / Gravelled,15 Feet ,Gravelled,N/A Sq. Feet,9 months ago,"['Balcony', 'Modular Kitchen', 'TV Cable', 'Wifi', 'Drainage', 'Water Supply', 'Solar Water', 'Water Tank']",Sale,2053.5,,19478.938397857317,Sukedhara,15.0,,2.0,1,8,17.50439003707821,7.627787788323465,0.013356562137049941,20452.885317750184,42304933.998703405,-5.44838102991497
"Land For Sale In Budhanilkantha, Kathmandu","Budhanilkantha, Budhanilkantha, Kathmandu",Kathmandu,2600000,0,0,0.0,0,North,,285,14 Aana,13 Feet / Soil Stabilized,13 Feet ,Soil Stabilized,N/A Sq. Feet,9 months ago,[],Sale,4791.5,,542.6275696545966,Budhanilkantha,13.0,,2.0,1,0,14.77102238760702,8.4748074749198,0.11382113821138211,13184.806428049671,2690189.4644921087,-3.35253206818784
"3 Aana Land At Dhapakhel, Lalitpur : Land For Sale In Dhapakhel, Lalitpur","Dhapakhel, Dhapakhel, Lalitpur",Lalitpur,2350000,0,0,0.0,0,South,,422,0-3-0-0 Aana,13 Feet / Blacktopped,13 Feet ,Blacktopped,N/A Aana,9 months ago,[],Sale,1026.75,,2288.7752617482347,Dhapakhel,13.0,,2.0,1,0,14.669926311652166,6.935127225777988,0.005807200929152149,14214.98718796016,4777917.329307736,-50.815390095071244
"Kapan House For Sale.. : House For Sale In Kapan, Kathmandu","Kapan, Budanilkantha-11, Kapan, Kathmandu",Kathmandu,10600000,2,1,1.0,1,South,,783,3 Aana,10 Feet,10 Feet,Unknown,3 Aana,9 months ago,"['Garage', 'Wifi', 'Drainage', 'Water Supply', 'Water Tank', 'Water Well']",Sale,1026.75,1026.75,10323.837350864378,Kapan,10.0,,2.0,1,6,16.176364653421913,6.935127225777988,0.023228803716608595,14052.66270131135,11139979.124140143,-4.847218456361538
"Land For Sale In Fikal, Illam","Fikal, Fikal, Illam",Illam,1850000,0,0,0.0,0,South,,206,0-4-2-1 Ropani,16 Feet / Blacktopped,16 Feet ,Blacktopped,N/A Sq. Feet,10 months ago,[],Sale,1561.515625,,1184.7463902258423,Fikal,16.0,,2.0,1,0,14.430696737594902,7.354052381560557,0.0005807200929152149,1184.7463902258423,1725960.8947826258,7.186669500585419
"Land Sale At Nawalparasi : Land For Sale In Kawasoti, Nawalparasi","Shiva Mandir, Kawasoti, Nawalparasi",Nawalparasi,2000000,0,0,0.0,0,North,,508,6 Kattha,6 Meter / Gravelled,6 Meter ,Gravelled,N/A Kattha,9 months ago,[],Sale,21870.0,,91.44947416552355,Kawasoti,19.68504,,2.0,1,0,14.508658238524095,9.992916837362552,0.0005807200929152149,91.44947416552355,1504592.931073672,32.92631905247671
"भैंसेपाटी नक्खुमा Modern Bungalow बिक्रिमा !! 190 Lakh (Negotiable ) : House For Sale In Bhaisepati, Lalitpur","Nakkhu Near Medicty Hospital, Bhaisepati, Lalitpur",Lalitpur,19000000,4,5,3.0,1,East,2019.0,2.9K,1900 Sq. Feet,15 Feet / Gravelled,15 Feet ,Gravelled,3 Aana,9 months ago,"['Garage', 'Drainage', 'Frontyard', 'Balcony', 'Gym', 'Water Supply', 'Modular Kitchen', 'Fencing']",Sale,1900.0,1026.75,10000.0,Bhaisepati,15.0,2019.0,1.0,0,8,16.759949589762293,7.550135342488429,0.02264808362369338,10000.0,23185581.0537495,-18.052517398836645
"Land For Sale In Budhanilkantha, Kathmandu","Chunikhel, Budhanilkantha, Kathmandu",Kathmandu,2200000,0,0,0.0,0,West,,264,24 Aana,14 Feet,14 Feet,Unknown,N/A Sq. Feet,10 months ago,[],Sale,8214.0,,267.8354029705381,Budhanilkantha,14.0,,2.0,1,0,14.603968372873895,9.01371703047137,0.11382113821138211,13184.806428049671,3113155.750252706,-29.332157576073147
"Land For Sale In Durbar Marg, Kathmandu","Durbar Marg, Durbar Marg, Kathmandu",Kathmandu,20000000,0,0,0.0,0,South,,379,14 Aana,20 Feet,20 Feet,Unknown,N/A Aana,10 months ago,[],Sale,4791.5,,4174.058228112282,Durbar Marg,20.0,,2.0,1,0,16.811242881518265,8.4748074749198,0.0029036004645760743,3100.728969454838,7551537.877572051,164.84671499032913
"Land For Sale In Budhanilkantha, Kathmandu","Budhanilkantha, Budhanilkantha, Kathmandu",Kathmandu,2250000,0,0,0.0,0,South,,369,18 Aana,16 Feet,16 Feet,Unknown,N/A Aana,10 months ago,[],Sale,6160.5,,365.23009495982467,Budhanilkantha,16.0,,2.0,1,0,14.626441218624949,8.726075533378177,0.11382113821138211,13184.806428049671,3164274.8284332165,-28.893660570119238
"Land For Sale In Bhaisepati, Lalitpur","Fulbari Marg, Bhaisepati, Lalitpur",Lalitpur,2600000,0,0,0.0,0,South,,382,0-5-3-1 Aana,13 Feet,13 Feet,Unknown,N/A Sq. Feet,10 months ago,[],Sale,1989.328125,,1306.9739312110717,Bhaisepati,13.0,,2.0,1,0,14.77102238760702,7.596054791060855,0.02264808362369338,10000.0,3344730.9110594247,-22.26579449476656
"House For Sale In Sanepa, Lalitpur","Sanepa, Sanepa, Lalitpur",Lalitpur,150000000,0,0,5.0,0,South,,810,17 Aana,20 Feet,20 Feet,Unknown,N/A Sq. Feet,10 months ago,"['Balcony', 'TV Cable', 'Drainage', 'Water Supply', 'Water Tank']",Sale,5818.25,,25780.947879517036,Sanepa,20.0,,2.0,1,5,18.826145858727198,8.668926666442168,0.009872241579558653,3756.652405301054,46542513.202710465,222.28599118980225
"Land For Sale In Dharan, Dharan","Nearby, Fusre Camp, Dharan, Dharan",Dharan,490000,0,0,0.0,0,West,,1K,1 Kattha,30 Feet / Blacktopped,30 Feet ,Blacktopped,N/A Sq. Feet,10 months ago,[],Sale,3645.0,,134.4307270233196,Dharan,30.0,,2.0,1,0,13.102162710901053,8.201385955238608,0.005807200929152149,452.55765420374473,2464835.3808285147,-80.12037624048976
"Land For Sale In Duwakot, Bhaktapur","Duwakot, Duwakot, Bhaktapur",Bhaktapur,1450000,0,0,0.0,0,South,,249,0-4-3-0 Ropani,12 Feet / Soil Stabilized,12 Feet ,Soil Stabilized,N/A Sq. Feet,10 months ago,[],Sale,1625.6875,,891.9303371650456,Duwakot,12.0,,2.0,1,0,14.187074804051692,7.394301017474119,0.0017421602787456446,891.9303371650456,1572428.243425193,-7.785935157111506
"House For Sale In Basundhara, Kathmandu","Basundhara, Basundhara, Kathmandu",Kathmandu,39000000,5,2,3.0,0,South,,302,5 Aana,14 Feet,14 Feet,Unknown,N/A Sq. Feet,10 months ago,"['Balcony', 'TV Cable', 'Drainage', 'Water Supply', 'Water Tank']",Sale,1711.25,,22790.35792549306,Basundhara,14.0,,2.0,1,5,17.479072229734946,7.445563574078014,0.02148664343786295,17666.944128289193,33301012.995134257,17.113554490665027
"House For Sale In Budhanilkantha, Kathmandu","Budhanilkantha, Budhanilkantha, Kathmandu",Kathmandu,39000000,4,4,2.0,3,South,,646,10 Aana,13 Feet,13 Feet,Unknown,N/A Sq. Feet,10 months ago,"['Balcony', 'Garden', 'Modular Kitchen', 'TV Cable', 'Drainage', 'Water Supply', 'Water Tank']",Sale,3422.5,,11395.17896274653,Budhanilkantha,13.0,,2.0,1,7,17.479072229734946,8.138418698561118,0.11382113821138211,13184.806428049671,43805361.31098874,-10.969801794063267
"Land For Sale In Tripureshwor, Kathmandu","Baidhya Chowk, Tripureshwor, Kathmandu",Kathmandu,4700000,0,0,0.0,0,South,,319,11 Aana,12 Feet,12 Feet,Unknown,N/A Sq. Feet,10 months ago,[],Sale,3764.75,,1248.4228700444917,Tripureshwor,12.0,,2.0,1,0,15.363073279446223,8.233702323582925,0.0017421602787456446,2222.2450848259755,4866235.262504981,-3.4160958839340694
"Land For Sale In Hattigauda, Kathmandu","Hattigauda, Hattigauda, Kathmandu",Kathmandu,2800000,0,0,0.0,0,East,,352,4 Aana,15 Feet,15 Feet,Unknown,N/A Sq. Feet,10 months ago,[],Sale,1369.0,,2045.2885317750183,Hattigauda,15.0,,2.0,1,0,14.845130332288226,7.222566018822171,0.022067363530778164,14609.203798392988,3380783.7685565115,-17.178968201343675
"House For Sale In Budhanilkantha, Kathmandu","Taulung, Budhanilkantha, Kathmandu",Kathmandu,26000000,0,0,0.0,0,North East,,535,0-6-1-2 Aana,16 Feet,16 Feet,Unknown,N/A Sq. Feet,10 months ago,"['Balcony', 'TV Cable', 'Drainage', 'Water Supply', 'Water Tank']",Sale,2181.84375,,11916.527019865653,Budhanilkantha,16.0,,2.0,1,5,17.073607134447293,7.688383778175172,0.11382113821138211,13184.806428049671,27402896.328784138,-5.119518433204919
"Land For Sale In Changunarayan, Bhaktapur","Bageshwori, Changunarayan, Bhaktapur",Bhaktapur,725000,0,0,0.0,0,East,,332,14 Aana,13 Feet,13 Feet,Unknown,N/A Sq. Feet,10 months ago,[],Sale,4791.5,,151.30961076907022,Changunarayan,13.0,,2.0,1,0,13.493928313146206,8.4748074749198,0.003484320557491289,774.2878013148284,1210472.2871611714,-40.10602244349705
"House For Sale In Boudha, Kathmandu","Ramhiti, Boudha, Kathmandu",Kathmandu,33000000,0,0,4.0,0,East,,360,7 Aana,20 Feet,20 Feet,Unknown,N/A Sq. Feet,10 months ago,"['Balcony', 'TV Cable', 'Drainage', 'Water Supply', 'Water Tank']",Sale,2395.75,,13774.392152770532,Boudha,20.0,,2.0,1,5,17.312018149733785,7.781868931957106,0.004645760743321719,5222.242512783054,35906311.09402367,-8.094151154690465
"Land Sale On Gongabu, Tokha : Land For Sale In Tokha, Kathmandu","Gongabu Tokha, Tokha, Kathmandu",Kathmandu,2100000,0,0,0.0,0,East,,354,0-5-3-1 Aana,0 Feet,0 Feet,Unknown,N/A Aana,10 months ago,[],Sale,1989.328125,,1055.6327905935577,Tokha,0.0,,2.0,1,0,14.557448378884015,7.596054791060855,0.020905923344947737,15806.346887427968,2760274.8623834434,-23.92062005786297
"House For Sale In Bhangal, Kathmandu","Bhangal, Bhangal, Kathmandu",Kathmandu,24500000,0,0,0.0,0,South East,,782,4 Aana,14 Feet,14 Feet,Unknown,N/A Sq. Feet,10 months ago,"['Balcony', 'Modular Kitchen', 'TV Cable', 'Drainage', 'Water Supply', 'Water Tank']",Sale,1369.0,,17896.27465303141,Bhangal,14.0,,2.0,1,6,17.01418371633128,7.222566018822171,0.012775842044134728,17531.044558071586,23199232.230633672,5.606943179993324
"House For Sale In Hattigauda, Kathmandu","Hattigauda, Hattigauda, Kathmandu",Kathmandu,61500000,0,0,0.0,0,South,,1.2K,18 Aana,15 Feet,15 Feet,Unknown,N/A Sq. Feet,10 months ago,"['Balcony', 'Garden', 'TV Cable', 'Drainage', 'Water Supply', 'Water Tank']",Sale,6160.5,,9982.955928901874,Hattigauda,15.0,,2.0,1,6,17.93454774903691,8.726075533378177,0.022067363530778164,14609.203798392988,52232661.98181328,17.742419525570956
"House For Sale In Banasthali, Kathmandu","Banasthali, Banasthali, Kathmandu",Kathmandu,70000000,4,5,3.0,0,South,,345,10 Aana,12 Feet,12 Feet,Unknown,3700 Sq. Feet,10 months ago,"['Balcony', 'Garden', 'Modular Kitchen', 'TV Cable', 'Wifi', 'Drainage', 'Water Supply', 'Water Tank']",Sale,3422.5,3700.0,20452.885317750184,Banasthali,12.0,,2.0,1,8,18.064005814299346,8.138418698561118,0.005226480836236934,20071.775653444278,71453312.73601483,-2.0339333200464904
"Land For Sale In Kupondole, Lalitpur","Nearby Nightingle School, Kupondole, Lalitpur",Lalitpur,70000000,9,4,4.0,0,South West,,423,1-1-2-0 Ropani,9 Feet,9 Feet,Unknown,N/A Sq. Feet,10 months ago,"['Balcony', 'Garden', 'Wifi', 'Drainage', 'Water Supply', 'Water Tank']",Sale,5989.375,,11687.36303871439,Kupondole,9.0,,2.0,1,6,18.064005814299346,8.697909293490493,0.0023228803716608595,1683.3333333333335,20669804.171648316,238.65826409722507
"House For Sale In Panauti, Kavre","Panauti, Panauti, Kavre",Kavre,9000000,7,3,3.0,0,East,,314,3 Aana,24 Feet,24 Feet,Unknown,2200 Sq. Feet,10 months ago,"['Balcony', 'TV Cable', 'Drainage', 'Water Supply', 'Water Tank']",Sale,1026.75,2200.0,8765.522279035793,Panauti,24.0,,2.0,1,5,16.012735246411598,6.935127225777988,0.0005807200929152149,8765.522279035793,12295082.960376257,-26.800005912895607
"Land On Sell At Sallaghari : Land For Sale In Sallaghari, Bhaktapur","Katunje, Sallaghari, Bhaktapur",Bhaktapur,1200000,0,0,0.0,0,North East,,433,0-6-0-0 Aana,0 Feet / Soil Stabilized,0 Feet ,Soil Stabilized,N/A Aana,10 months ago,[],Sale,2053.5,,584.3681519357195,Sallaghari,0.0,,2.0,1,0,13.997832948091215,7.627787788323465,0.0023228803716608595,1150.1849339687178,1241401.4236526974,-3.335055274133477
"LAND ON SALE : Land For Sale In Mahankal, Kathmandu","Budhanilkantha, Mahankal, Kathmandu",Kathmandu,1950000,0,0,0.0,0,South,,286,0-4-0-0 Ropani,15 Feet,15 Feet,Unknown,N/A Aana,10 months ago,[],Sale,1369.0,,1424.3973703433162,Mahankal,15.0,,2.0,1,0,14.48334044336031,7.222566018822171,0.0005807200929152149,1424.3973703433162,1881074.5438323591,3.664153363492834
"House At Sell : House For Sale In Budhanilkantha, Kathmandu","024, Budhanilkantha, Kathmandu",Kathmandu,35000000,5,4,3.0,5,East,2076.0,257,2845 Sq. Feet,12 Feet / Blacktopped,12 Feet ,Blacktopped,3420 Sq. Feet,10 months ago,"['Backyard', 'Balcony', 'Deck', 'Modular Kitchen', 'TV Cable', 'Wifi', 'Drainage', 'Water Supply']",Sale,2845.0,3420.0,12302.284710017575,Budhanilkantha,12.0,2019.0,1.0,0,8,17.370858648025116,7.953669778649798,0.11382113821138211,13184.806428049671,39651197.49523344,-11.730282536340978
"Land Sale : Land For Sale In Madhyapur Thimi, Bhaktapur","madhyapur thimi, Madhyapur Thimi, Bhaktapur",Bhaktapur,2200000,0,0,0.0,0,South West,,390,04 Aana,13 Feet / Gravelled,13 Feet ,Gravelled,N/A Aana,10 months ago,[],Sale,1369.0,,1607.0124178232286,Madhyapur Thimi,13.0,,2.0,1,0,14.603968372873895,7.222566018822171,0.004645760743321719,2027.7777777777778,2610227.3168167737,-15.71615292560245
"Land For Sale In Baniyatar, Kathmandu","Nearby Dhaneshor Temple, Baniyatar, Kathmandu",Kathmandu,2500000,0,0,0.0,0,East,,295,0-3-0 Ropani,10 Feet / Gravelled,10 Feet ,Gravelled,N/A Sq. Feet,10 months ago,[],Sale,256.6875,,9739.469198928658,Baniyatar,10.0,,2.0,1,0,14.731801689838349,5.551747610467118,0.004645760743321719,19028.487947406866,1537463.1985870015,62.60551812216472
"Banasthali Home On Sale : House For Sale In Banasthali, Kathmandu","Banasthali, Banasthali, Kathmandu",Kathmandu,25000000,6,0,0.0,1,North East,2018.0,483,4 Aana,16 Feet / Gravelled,16 Feet ,Gravelled,2250 Sq. Feet,10 months ago,"['Garage', 'Backyard', 'Balcony', 'Garden', 'Microwave', 'Water Supply', 'Modular Kitchen', 'Water Well', 'Water Tank', 'Solar Water']",Sale,1369.0,2250.0,18261.504747991235,Banasthali,16.0,2018.0,2.0,0,10,17.034386422832473,7.222566018822171,0.005226480836236934,20071.775653444278,24597934.934088346,1.6345480504319245
"1 Storey House On Sale At Makalbari : House For Sale In Makalbari, Kathmandu","Makalbari, Makalbari, Kathmandu",Kathmandu,10500000,2,1,1.0,1,South West,2068.0,1.3K,3.2 Aana,12 Feet / Gravelled,12 Feet ,Gravelled,750 Sq. Feet,10 months ago,"['Garage', 'Backyard', 'Deck', 'Frontyard', 'Modular Kitchen', 'TV Cable', 'Drainage', 'Water Supply', 'Water Well']",Sale,1095.2,750.0,9587.289992695398,Makalbari,12.0,2011.0,9.0,0,9,16.166885910365842,6.999604932612016,0.0023228803716608595,13068.478403378522,11250444.148961,-6.670351312577336
"House At Baluwakhani, Kapan : House For Sale In Kapan, Kathmandu","Kapan Gumba, Kapan, Kathmandu",Kathmandu,12500000,3,3,3.0,0,North,2074.0,4.1K,3 Aana,10 Feet / Gravelled,10 Feet ,Gravelled,700 Aana,10 months ago,"['Balcony', 'Deck', 'Fencing', 'Frontyard', 'TV Cable', 'Wifi', 'Drainage', 'Water Supply', 'Water Well']",Sale,1026.75,239575.0,12174.336498660823,Kapan,10.0,2017.0,3.0,0,9,16.341239282272525,6.935127225777988,0.023228803716608595,14052.66270131135,14853601.384381386,-15.845324803560473
"Bafal Home On Sale. : House For Sale In Bafal, Kathmandu","Bafal, Bafal, Kathmandu",Kathmandu,13500000,0,2,0.0,0,East,,582,2-2 Aana,12 Feet,12 Feet,Unknown,N/A Aana,10 months ago,[],Sale,855.625,,15777.940102264427,Bafal,12.0,,2.0,1,0,16.41820031748273,6.753000249905988,0.004645760743321719,16881.74661147634,6585643.836750724,104.99134685456562
"Land For Sale : Land For Sale In Godawari, Lalitpur","Godawari, Godawari, Lalitpur",Lalitpur,1250000,0,0,0.0,0,East,,406,0-8-0-0 Aana,22 Feet / Gravelled,22 Feet ,Gravelled,0-8-0-0 Aana,10 months ago,[],Sale,2738.0,2738.0,456.53761869978086,Godawari,22.0,,2.0,1,0,14.038654909278163,7.915348169263078,0.005807200929152149,818.1154127100073,1397477.6111876331,-10.553128723278842
"Land For Sale In Hattigauda, Kathmandu","Hattigauda, Hattigauda, Kathmandu",Kathmandu,3000000,0,0,0.0,0,East,,351,21 Aana,13 Feet,13 Feet,Unknown,N/A Sq. Feet,10 months ago,[],Sale,7187.25,,417.40582281122823,Hattigauda,13.0,,2.0,1,0,14.914123179965662,8.880203027487838,0.022067363530778164,14609.203798392988,3370309.3952732077,-10.987400616470385
"House For Sale In Budhanilkantha, Kathmandu","Budhanilkantha, Budhanilkantha, Kathmandu",Kathmandu,142500000,42,0,0.0,0,South,,331,7 Aana,22 Feet / Blacktopped,22 Feet ,Blacktopped,N/A Sq. Feet,10 months ago,[],Sale,2395.75,,59480.32975060002,Budhanilkantha,22.0,,2.0,1,0,18.774852564690523,7.781868931957106,0.11382113821138211,13184.806428049671,33716494.011612944,322.6418083413976
"Land For Sale In Chandragiri, Kathmandu","Nearby Cablecar godam Buspark, Chandragiri, Kathmandu",Kathmandu,1500000,0,0,0.0,0,East,,262,0-3-0-0 Ropani,12 Feet / Blacktopped,12 Feet ,Blacktopped,N/A Sq. Feet,10 months ago,[],Sale,1026.75,,1460.9203798392987,Chandragiri,12.0,,2.0,1,0,14.220976332738882,6.935127225777988,0.008130081300813009,1241.7823228634038,1790357.3202800688,-16.217841935298573
"House For Sale In Khumaltar, Lalitpur","Khumaltar, Khumaltar, Lalitpur",Lalitpur,19500000,6,5,3.0,0,South,,1.9K,4 Aana,14 Feet,14 Feet,Unknown,N/A Sq. Feet,10 months ago,"['Balcony', 'Garden', 'TV Cable', 'Drainage', 'Water Supply', 'Water Tank']",Sale,1369.0,,14243.973703433163,Khumaltar,14.0,,2.0,1,6,16.785925074816024,7.222566018822171,0.0011614401858304297,15887.509130752374,21538237.891215358,-9.463345615876399
"House For Sale In Bhaisepati, Lalitpur","La pu na pa Ward no 18, Bhaisepati, Lalitpur",Lalitpur,97500000,3,0,2.0,0,East,2019.0,1.8K,24 Aana,20 Feet / Soil Stabilized,20 Feet ,Soil Stabilized,4000 Aana,10 months ago,"['Lawn', 'Garage', 'Backyard', 'Frontyard', 'Modular Kitchen', 'Drainage', 'Water Tank']",Sale,8214.0,1369000.0,11869.978086194302,Bhaisepati,20.0,2019.0,1.0,0,7,18.395362946224484,9.01371703047137,0.02264808362369338,10000.0,76486092.80337994,27.474154354622037
"House For Sale In Kalanki, Kathmandu","Kalanki, Kalanki, Kathmandu",Kathmandu,38000000,7,4,3.0,0,East,,451,6.1 Aana,14 Feet,14 Feet,Unknown,3400 Sq. Feet,10 months ago,"['Balcony', 'TV Cable', 'Drainage', 'Water Supply', 'Water Tank']",Sale,2087.725,3400.0,18201.63096193225,Kalanki,14.0,,2.0,1,5,17.453096744006448,7.6443091109570664,0.012195121951219513,2045.2885317750183,34132374.49943639,11.33125238804429
"Business For Sale In Dallu, Kathmandu","Nearby Buddha Jyoti School, Dallu, Kathmandu",Kathmandu,550000,0,0,0.0,0,West,,231,150 Sq. Feet,15 Feet / Blacktopped,15 Feet ,Blacktopped,N/A Sq. Feet,10 months ago,[],Sale,150.0,,3666.6666666666665,Dallu,15.0,,2.0,1,0,13.217675375388819,5.017279836814924,0.0017421602787456446,23374.72607742878,725075.7494498548,-24.145856427096355
"Land For Sale In Sankhamul, Kathmandu","Sankhamul, Sankhamul, Kathmandu",Kathmandu,4500000,0,0,0.0,0,South East,,286,4 Aana,8 Meter,8 Meter,Unknown,N/A Sq. Feet,10 months ago,[],Sale,1369.0,,3287.070854638422,Sankhamul,26.24672,,2.0,1,0,15.319588176962746,7.222566018822171,0.0040650406504065045,3287.070854638422,5367671.869524706,-16.164771070507637
"House For Sale In Sitapaila, Kathmandu","Sita Home Colony, Sitapaila, Kathmandu",Kathmandu,29500000,4,3,3.0,0,South East,,742,7 Aana,20 Feet,20 Feet,Unknown,N/A Sq. Feet,10 months ago,"['Balcony', 'Garden', 'TV Cable', 'Drainage', 'Water Supply', 'Water Tank']",Sale,2395.75,,12313.471772931232,Sitapaila,20.0,,2.0,1,6,17.19990085520835,7.781868931957106,0.013937282229965157,14791.8188458729,32358845.5532039,-8.834819364935102
"Land For Sale In Sanepa, Lalitpur","Sanepa, Sanepa, Lalitpur",Lalitpur,4500000,0,0,0.0,0,North,,422,3.5 Aana,10 Feet,10 Feet,Unknown,N/A Sq. Feet,10 months ago,[],Sale,1197.875,,3756.652405301054,Sanepa,10.0,,2.0,1,0,15.319588176962746,7.089138896048115,0.009872241579558653,3756.652405301054,4546392.863139645,-1.0204323413354832
"House For Sale In Tokha, Kathmandu","Near, Grandy, Tokha, Kathmandu",Kathmandu,14000000,6,0,0.0,0,North,,504,4 Aana,12 Feet / Soil Stabilized,12 Feet ,Soil Stabilized,N/A Sq. Feet,10 months ago,"['Balcony', 'TV Cable', 'Wifi', 'Drainage', 'Water Supply', 'Water Tank']",Sale,1369.0,,10226.442658875092,Tokha,12.0,,2.0,1,6,16.454567959008102,7.222566018822171,0.020905923344947737,15806.346887427968,16228972.407008681,-13.73452582891861
"House For Sale In Hattisar, Kathmandu","Hattisar, Hattisar, Kathmandu",Kathmandu,43500000,0,0,3.0,0,West,,301,3.85 Aana,20 Feet,20 Feet,Unknown,N/A Sq. Feet,10 months ago,"['Drainage', 'Water Supply']",Sale,1317.6625000000001,,33013.005985978954,Hattisar,20.0,,2.0,1,2,17.588271519047417,7.18437324431217,0.0023228803716608595,18114.855704739162,38377463.52368186,13.347772379894629
"Land For Sale In Hattiban, Lalitpur","Hattiban, Hattiban, Lalitpur",Lalitpur,2800000,0,0,0.0,0,South,,341,7.1 Aana,20 Feet,20 Feet,Unknown,N/A Sq. Feet,10 months ago,[],Sale,2429.975,,1152.2752291690244,Hattiban,20.0,,2.0,1,0,14.845130332288226,7.796047690429431,0.004645760743321719,1950.328707085464,2739193.8877008334,2.219854263409034
"House For Sale In Boudha, Kathmandu","Boudha, Boudha, Kathmandu",Kathmandu,22000000,10,3,3.0,0,South,,335,0-3-1-0 Aana,20 Feet,20 Feet,Unknown,N/A Aana,10 months ago,"['Drainage', 'Water Supply', 'Water Tank']",Sale,1112.3125,,19778.61437320897,Boudha,20.0,,2.0,1,3,16.906553056777135,7.015095084552704,0.004645760743321719,5222.242512783054,20798549.37779333,5.776607783471002
"House For Sale At Civil Homes Phase 3 Sunakothi : House For Sale In Civil Homes, Lalitpur","Civil homes phase 3 Sunakothi, Civil Homes, Lalitpur",Lalitpur,29500000,3,2,3.0,1,West,2013.0,838,6 Aana,18 Feet / Blacktopped,18 Feet ,Blacktopped,1785 sqft Aana,10 months ago,"['Lawn', 'Backyard', 'Balcony', 'Frontyard', 'Gym', 'Garden', 'Microwave', 'Wifi', 'Drainage', 'Water Supply', 'Modular Kitchen', 'Swimming Pool', 'TV Cable', 'Washing Machine', 'Solar Water', 'Water Tank']",Sale,2053.5,610916.25,14365.717068419772,Civil Homes,18.0,2013.0,7.0,0,16,17.19990085520835,7.627787788323465,0.0005807200929152149,14365.717068419772,30126136.49549506,-2.078382986775249
"Dhumbarahi Bangalow : House For Sale In Dhumbarahi, Kathmandu","Dhumbarahi bangalow, Dhumbarahi, Kathmandu",Kathmandu,45000000,5,5,0.0,3,South,,511,0-7-0-0 Aana,12 Feet / Soil Stabilized,12 Feet ,Soil Stabilized,0-4-0-0 Aana,10 months ago,[],Sale,2395.75,1369.0,18783.26202650527,Dhumbarahi,12.0,,2.0,1,0,17.622173069956816,7.781868931957106,0.008130081300813009,16950.42235582776,41906703.01398222,7.381389523737279
"House For Sale In Dadikot, Bhaktapur","Dadikot, Dadikot, Bhaktapur",Bhaktapur,22500000,12,4,4.0,0,South East,,228,4 Aana,20 Feet,20 Feet,Unknown,2610 Sq. Feet,10 months ago,"['Balcony', 'TV Cable', 'Drainage', 'Water Supply', 'Water Tank']",Sale,1369.0,2610.0,16435.35427319211,Dadikot,20.0,,2.0,1,5,16.929025911619092,7.222566018822171,0.0029036004645760743,10541.543132958077,23297654.42515221,-3.423754214033919
"Land For Sale In Naghdaha, Lalitpur","Naghdaha, Naghdaha, Lalitpur",Lalitpur,1600000,0,0,0.0,0,North,,205,16 Aana,20 Feet,20 Feet,Unknown,N/A Sq. Feet,10 months ago,[],Sale,5476.0,,292.18407596785977,Naghdaha,20.0,,2.0,1,0,14.285514812209815,8.608312784783722,0.0005807200929152149,292.18407596785977,1479160.0184456822,8.169500260106933
"Business For Sale In Thamel, Kathmandu","Nearby Antarik Rajeshwor Karyalaya, Thamel, Kathmandu",Kathmandu,3000000,0,0,0.0,0,North,,343,600 Sq. Feet,15 Feet / Blacktopped,15 Feet ,Blacktopped,N/A Sq. Feet,10 months ago,[],Sale,600.0,,5000.0,Thamel,15.0,,2.0,1,0,14.914123179965662,6.398594934535208,0.0040650406504065045,10956.90284879474,2995504.848240748,0.15006324432731072
"Business For Sale In Mangal Bazar, Lalitpur","Behind Bhimsen Temple, Mangal Bazar, Lalitpur",Lalitpur,1700000,0,0,0.0,0,North,,246,400 Sq. Feet,15 Feet / Blacktopped,15 Feet ,Blacktopped,N/A Sq. Feet,10 months ago,[],Sale,400.0,,4250.0,Mangal Bazar,15.0,,2.0,1,0,14.346139397261565,5.993961427306569,0.0005807200929152149,4250.0,1768036.5714629279,-3.8481427681460403
"Land For Sale In Imadol, Lalitpur","Imadol, Imadol, Lalitpur",Lalitpur,2500000,0,0,0.0,0,South,,334,0-5-3-2 Aana,12 Feet,12 Feet,Unknown,N/A Sq. Feet,10 months ago,[],Sale,2010.71875,,1243.3364934802544,Imadol,12.0,,2.0,1,0,14.731801689838349,7.606744735166311,0.050522648083623695,16278.8270896379,3331263.1627418855,-24.953392215873215
"House For Sale In Sitapaila, Kathmandu","Dada Pauwa, Sitapaila, Kathmandu",Kathmandu,18000000,3,4,3.0,0,South,,506,3.5 Aana,13 Feet,13 Feet,Unknown,N/A Sq. Feet,10 months ago,"['Balcony', 'TV Cable', 'Drainage', 'Water Supply', 'Water Tank']",Sale,1197.875,,15026.609621204216,Sitapaila,13.0,,2.0,1,5,16.705882371415992,7.089138896048115,0.013937282229965157,14791.8188458729,19264266.76699761,-6.5627557087377735
"House For Sale In Sukedhara, Kathmandu","Sukedhara, Sukedhara, Kathmandu",Kathmandu,34500000,9,4,4.0,0,East,,327,6.3 Aana,12 Feet,12 Feet,Unknown,N/A Sq. Feet,10 months ago,"['Balcony', 'Garden', 'TV Cable', 'Drainage', 'Water Supply', 'Water Tank']",Sale,2156.1749999999997,,16000.556541097083,Sukedhara,12.0,,2.0,1,6,17.356469910987094,7.67655477429894,0.013356562137049941,20452.885317750184,40770366.71643279,-15.379716253338167
"House For Sale In Basundhara, Kathmandu","Basundhara, Basundhara, Kathmandu",Kathmandu,72500000,7,6,0.0,0,South West,,220,14 Aana,20 Feet,20 Feet,Unknown,N/A Sq. Feet,10 months ago,"['Balcony', 'Garden', 'TV Cable', 'Drainage', 'Water Supply', 'Water Tank']",Sale,4791.5,,15130.961076907022,Basundhara,20.0,,2.0,1,6,18.099097133618006,8.4748074749198,0.02148664343786295,17666.944128289193,73955721.87875725,-1.9683695078303185
"House For Sale In Tokha, Kathmandu","Nearby, Grandy Hospital, Tokha, Kathmandu",Kathmandu,11500000,2,1,1.0,0,North,,537,3 Aana,13 Feet / Gravelled,13 Feet ,Gravelled,N/A Sq. Feet,10 months ago,"['TV Cable', 'Water Supply', 'Water Tank']",Sale,1026.75,,11200.389578767958,Tokha,13.0,,2.0,1,3,16.257857680289998,6.935127225777988,0.020905923344947737,15806.346887427968,9654452.187625736,19.11602829976963
"House For Sale In Lazimpat, Kathmandu","Lazimpat, Lazimpat, Kathmandu",Kathmandu,27500000,9,7,0.0,0,North,,926,5 Aana,13 Feet,13 Feet,Unknown,N/A Aana,10 months ago,"['Balcony', 'TV Cable', 'Drainage', 'Water Supply', 'Water Tank']",Sale,1711.25,,16070.124178232287,Lazimpat,13.0,,2.0,1,5,17.129696599000436,7.445563574078014,0.005226480836236934,4869.734599464329,25565594.81378049,7.566439194197107
"Land Sale On Koteshwor : Land For Sale In Koteshwor, Kathmandu","pepsi road, Koteshwor, Kathmandu",Kathmandu,3500000,0,0,0.0,0,East,,444,4 Aana,12 Feet,12 Feet,Unknown,N/A Aana,10 months ago,[],Sale,1369.0,,2556.610664718773,Koteshwor,12.0,,2.0,1,0,15.068273812173887,7.222566018822171,0.004645760743321719,1823.906416811822,2241516.4076694613,56.14429535401007
"Chandol Bangalow : House For Sale In Chandol, Kathmandu","Chandol siddhartha colony, Chandol, Kathmandu",Kathmandu,31500000,4,4,0.0,1,West,,441,0-4-0-0 Aana,20 Feet,20 Feet,Unknown,0-4-0-0 Aana,10 months ago,['Garage'],Sale,1369.0,1369.0,23009.495982468954,Chandol,20.0,,2.0,1,1,17.265498135541893,7.222566018822171,0.005226480836236934,3028.089514576001,27056546.745190926,16.422839531799678
"House For Sale In Sukedhara, Kathmandu","Sukedhara, Sukedhara, Kathmandu",Kathmandu,170000000,0,0,0.0,0,North,,408,19 Aana,20 Feet,20 Feet,Unknown,N/A Sq. Feet,10 months ago,[],Sale,6502.75,,26142.785744492714,Sukedhara,20.0,,2.0,1,0,18.951309000896888,8.780134212604514,0.013356562137049941,20452.885317750184,46559392.89373097,265.12503586121676
"2 Ropani Land For Sale At Dhulikhel : Land For Sale In Dhulikhel, Kavre","Basghari, Dhulikhel, Kavre",Kavre,1700000,0,0,0.0,0,East,,272,1-12-0-0 Ropani,14 Feet,14 Feet,Unknown,N/A Aana,10 months ago,[],Sale,9583.0,,177.397474694772,Dhulikhel,14.0,,2.0,1,0,14.346139397261565,9.16785032035523,0.0011614401858304297,9391.024318742735,8900899.728788046,-80.90080720152687
"House For Sale In New Baneshwor : House For Sale In Baneshwor, Kathmandu","30 Okharbot Galli, New Baneshwor, Baneshwor, Kathmandu",Kathmandu,7700000,0,2,2.0,1,South,,684,0-5-5-0 Aana,14 Feet,14 Feet,Unknown,0-4-0-0 Aana,10 months ago,"['Frontyard', 'Fencing', 'Drainage', 'Water Supply', 'Solar Water', 'Water Tank', 'Water Well']",Sale,2139.0625,1369.0,3599.7078159240323,Baneshwor,14.0,,2.0,1,7,15.856731016694035,7.668590313196899,0.009291521486643438,6726.190476190476,29737257.2597272,-74.10655618725129
"20 Haat Land On Sale Near Royal Palm Resort (Pokhara) : Land For Sale In Chauthe, Pokhara","Near Royal Palm Resort, Chauthe, Pokhara",Pokhara,1100000,0,0,0.0,0,South,,341,20 Haat,20 Feet / Soil Stabilized,20 Feet ,Soil Stabilized,N/A Haat,10 months ago,[],Sale,900.0,,1222.2222222222222,Chauthe,20.0,,2.0,1,0,13.910821646859095,6.803505257608338,0.003484320557491289,711.1111111111111,1625784.655889764,-32.34036278943788
"9.5 Aana Residential Land At Budhanilkantha : Land For Sale In Budhanilkantha, Kathmandu","Thapa Gaun, Budhanilkantha, Kathmandu",Kathmandu,2650000,0,0,0.0,0,South West,,385,9.5 Aana,10 Feet / Gravelled,10 Feet ,Gravelled,N/A Aana,10 months ago,[],Sale,3251.375,,815.039790857714,Budhanilkantha,10.0,,2.0,1,0,14.790070575320824,8.08714077767273,0.11382113821138211,13184.806428049671,3093635.6494741356,-14.340268206747165
"Land For Sale In Maharajgunj, Kathmandu","Maharajgunj, Maharajgunj, Kathmandu",Kathmandu,6200000,0,0,0.0,0,North,,295,7 Aana,20 Feet / Blacktopped,20 Feet ,Blacktopped,N/A Sq. Feet,10 months ago,[],Sale,2395.75,,2587.916101429615,Maharajgunj,20.0,,2.0,1,0,15.64006001130563,7.781868931957106,0.011614401858304297,20270.270270270274,8691258.238737399,-28.663953714247363
"House For Sale In Basundhara, Kathmandu","Basundhara, Basundhara, Kathmandu",Kathmandu,37500000,2,3,3.0,0,North,,313,5 Aana,14 Feet / Blacktopped,14 Feet ,Blacktopped,N/A Sq. Feet,10 months ago,"['Balcony', 'TV Cable', 'Wifi', 'Drainage', 'Water Supply', 'Water Tank']",Sale,1711.25,,21913.80569758948,Basundhara,14.0,,2.0,1,6,17.439851517607305,7.445563574078014,0.02148664343786295,17666.944128289193,32427526.47319316,15.642492901825541
"Land For Sale In Budhanilkantha, Kathmandu","Ganesh Chowk, Budhanilkantha, Kathmandu",Kathmandu,3800000,0,0,0.0,0,South,,275,12 Aana,15 Feet / Gravelled,15 Feet ,Gravelled,N/A Sq. Feet,10 months ago,[],Sale,4107.0,,925.2495738982226,Budhanilkantha,15.0,,2.0,1,0,15.150511887854474,8.32069157104845,0.11382113821138211,13184.806428049671,3480829.6433218033,9.169375964449902
"Land For Sale In Biratnagar (Kanchanbari) Ghaderi : Land For Sale In Bhaswar Marg, Biratnagar","Kanchanbari, Bhaswar Marg, Biratnagar",Biratnagar,600000,0,0,0.0,0,East,,521,17 Dhur,20 Feet / Gravelled,20 Feet ,Gravelled,N/A Sq. Feet,10 months ago,[],Sale,3098.25,,193.65770999757927,Bhaswar Marg,20.0,,2.0,1,0,13.304686600863562,8.038915425718256,0.0005807200929152149,193.65770999757927,519853.5886015691,15.417112270789268
"Land Sale At Budhanilkantha : Land For Sale In Budhanilkantha, Kathmandu","Budhanilkantha, Budhanilkantha, Kathmandu",Kathmandu,1900000,0,0,0.0,0,South East,,465,0-7-1-2 Aana,14 Feet / Gravelled,14 Feet ,Gravelled,N/A Aana,10 months ago,[],Sale,2524.09375,,752.7454160527913,Budhanilkantha,14.0,,2.0,1,0,14.45736497045232,7.834033469733078,0.11382113821138211,13184.806428049671,3056475.5050410214,-37.83689753553252
"Residential Land : Land For Sale In Nagarjun, Kathmandu","Nagarjun 2, Nagarjun, Kathmandu",Kathmandu,1600000,0,0,0.0,0,South,,250,148 Sq. Meter,10 Feet / Gravelled,10 Feet ,Gravelled,N/A Aana,10 months ago,[],Sale,1593.0572,,1004.3581611507735,Nagarjun,10.0,,2.0,1,0,14.285514812209815,7.374037743273451,0.0029036004645760743,2921.8407596785974,3189980.4915190223,-49.84295345210393
"Jharuwarasi Santaneshwor : Land For Sale In Godawari, Lalitpur","Jharuwarasi, Godawari, Lalitpur",Lalitpur,1000000,0,0,0.0,0,North,,334,0-8-0-0 Aana,20 Feet / Gravelled,20 Feet ,Gravelled,N/A Aana,10 months ago,[],Sale,2738.0,,365.23009495982467,Godawari,20.0,,2.0,1,0,13.815511557963774,7.915348169263078,0.005807200929152149,818.1154127100073,1423416.4225441436,-29.746489912442502
"Land For Sale In Sallaghari, Bhaktapur","Sallaghari, Sallaghari, Bhaktapur",Bhaktapur,2400000,0,0,0.0,0,South,,397,7 Aana,18 Feet,18 Feet,Unknown,N/A Sq. Feet,10 months ago,[],Sale,2395.75,,1001.7739747469477,Sallaghari,18.0,,2.0,1,0,14.690979711984754,7.781868931957106,0.0023228803716608595,1150.1849339687178,1684528.2478216572,42.47312285226164
"Land For Sale In Devdaha Municipality : Land For Sale In Tilottama, Rupandehi","Devdaha municipality, Tilottama, Rupandehi",Rupandehi,390000,0,0,0.0,0,West,,367,3280 Sq. Feet,20 Feet / Blacktopped,20 Feet ,Blacktopped,N/A Sq. Feet,10 months ago,[],Sale,3280.0,,118.90243902439025,Tilottama,20.0,,2.0,1,0,12.873904582205107,8.0959035329611,0.0011614401858304297,208.67068691348072,505571.8726261688,-22.85963260294452
"House For Sale In Pasikot, Kathmandu","Pasikot, Pasikot, Kathmandu",Kathmandu,17500000,0,0,3.0,0,West,,574,4 Aana,16 Feet,16 Feet,Unknown,N/A Sq. Feet,10 months ago,[],Sale,1369.0,,12783.053323593864,Pasikot,16.0,,2.0,1,0,16.677711496036597,7.222566018822171,0.008710801393728223,13391.770148526904,20752184.19183001,-15.671527207773972
"House For Sale In Hattigauda, Kathmandu","Hattigauda, Hattigauda, Kathmandu",Kathmandu,37500000,0,0,3.0,0,South,,389,6 Aana,20 Feet,20 Feet,Unknown,N/A Sq. Feet,10 months ago,"['Balcony', 'TV Cable', 'Drainage', 'Water Supply', 'Water Tank']",Sale,2053.5,,18261.504747991235,Hattigauda,20.0,,2.0,1,5,17.439851517607305,7.627787788323465,0.022067363530778164,14609.203798392988,36483867.47205754,2.7851557369039814
"House For Sale In Dharan, Dharan","Dharan-13, Dharan, Dharan",Dharan,12500000,0,0,2.0,0,North,,921,16 Dhur,15 Feet / Blacktopped,15 Feet ,Blacktopped,N/A Sq. Feet,10 months ago,[],Sale,2916.0,,4286.694101508916,Dharan,15.0,,2.0,1,0,16.341239282272525,7.978310969867722,0.005807200929152149,452.55765420374473,12762225.873165157,-2.05470327646005
"Land For Sale In Dharan, Dharan","Deurali path, Dharan, Dharan",Dharan,380000,0,0,0.0,0,West,,312,10 Dhur,15 Feet / Soil Stabilized,15 Feet ,Soil Stabilized,N/A Sq. Feet,10 months ago,[],Sale,1822.5,,208.50480109739368,Dharan,15.0,,2.0,1,0,12.847929163278053,7.508513010248735,0.005807200929152149,452.55765420374473,1148492.564315365,-66.91315104625652
"House For Sale In Tarahara, Sunsari","Harsala Toll, Tarahara, Sunsari",Sunsari,15000000,0,0,3.0,0,North,,323,15 Dhur,15 Feet / Blacktopped,15 Feet ,Blacktopped,N/A Dhur,10 months ago,[],Sale,2733.75,,5486.968449931413,Tarahara,15.0,,2.0,1,0,16.52356082573315,7.9137953029999,0.0017421602787456446,137.17421124828533,4335496.583729292,245.98112835086937
"Business For Sale In Kalanki, Kathmandu","Nearby Nepal National Hospital, Kalanki, Kathmandu",Kathmandu,900000,0,0,0.0,0,South,,198,400 Sq. Feet,15 Feet / Blacktopped,15 Feet ,Blacktopped,N/A Sq. Feet,10 months ago,[],Sale,400.0,,2250.0,Kalanki,15.0,,2.0,1,0,13.710151153416941,5.993961427306569,0.012195121951219513,2045.2885317750183,1102638.5059631274,-18.377601078435735
"Business For Sale In Lagankhel, Lalitpur","Langankhel Buspark, Lagankhel, Lalitpur",Lalitpur,1300000,0,0,0.0,0,South,,208,700 Sq. Feet,20 Feet / Blacktopped,20 Feet ,Blacktopped,N/A Sq. Feet,10 months ago,[],Sale,700.0,,1857.142857142857,Lagankhel,20.0,,2.0,1,0,14.077875591662238,6.55250788703459,0.0011614401858304297,2389.491808410727,2427956.4387709205,-46.45702949027843
"Land For Sale In Chovar, Kathmandu","Chovar, Chovar, Kathmandu",Kathmandu,1500000,0,0,0.0,0,North,,323,4 Ropani,20 Feet / Blacktopped,20 Feet ,Blacktopped,N/A Sq. Feet,10 months ago,[],Sale,21904.0,,68.48064280496713,Chovar,20.0,,2.0,1,0,14.220976332738882,9.994470200248,0.0017421602787456446,243.48672997321646,1568572.2950156617,-4.371637522450126
"घर र जग्गा बिक्रिमा : Land For Sale In Balkot, Bhaktapur","Khalpitar, Balkot, Bhaktapur",Bhaktapur,25000000,2,1,1.0,1,East,,549,7 Aana,13 Feet / Gravelled,13 Feet ,Gravelled,N/A Aana,10 months ago,[],Sale,2395.75,,10435.145570280705,Balkot,13.0,,2.0,1,0,17.034386422832473,7.781868931957106,0.0029036004645760743,15096.177258339421,17747826.666595582,40.862317790460715
"House For Sale In Hattigauda, Kathmandu","Hattigauda, Hattigauda, Kathmandu",Kathmandu,18000000,0,0,3.0,0,South,,380,3 Aana,13 Feet,13 Feet,Unknown,N/A Sq. Feet,10 months ago,[],Sale,1026.75,,17531.044558071586,Hattigauda,13.0,,2.0,1,0,16.705882371415992,6.935127225777988,0.022067363530778164,14609.203798392988,17435409.510179367,3.2381831323835932
"Land For Sale In Sallaghari, Bhaktapur","Sallaghari, Sallaghari, Bhaktapur",Bhaktapur,2000000,0,0,0.0,0,East,,340,4.5 Aana,15 Feet / Soil Stabilized,15 Feet ,Soil Stabilized,N/A Aana,10 months ago,[],Sale,1540.125,,1298.5958931904877,Sallaghari,15.0,,2.0,1,0,14.508658238524095,7.340267948188717,0.0023228803716608595,1150.1849339687178,1685440.5443017469,18.663337414169686
"Land For Sale In Sanobharyang, Kathmandu","Sanobharyang, Sanobharyang, Kathmandu",Kathmandu,4200000,0,0,0.0,0,East,,295,11 Aana,20 Feet / Blacktopped,20 Feet ,Blacktopped,N/A Aana,10 months ago,[],Sale,3764.75,,1115.6119264227373,Sanobharyang,20.0,,2.0,1,0,15.250595321348806,8.233702323582925,0.0023228803716608595,20717.518537919583,12161171.056604696,-65.46385228485877
"House For Sale In Dhulikhel, Kavre","Dhulikhel near KU, Dhulikhel, Kavre",Kavre,15200000,11,2,3.0,2,South,2018.0,352,817 Sq. Feet,10 Feet / Gravelled,10 Feet ,Gravelled,0-4-0-2 Aana,10 months ago,"['Water Well', 'TV Cable', 'Water Supply', 'Wifi', 'Garage', 'Balcony', 'Fencing', 'Garden']",Sale,817.0,1411.78125,18604.6511627907,Dhulikhel,10.0,2018.0,2.0,0,8,16.536806051605975,6.706862336602747,0.0011614401858304297,9391.024318742735,14904851.195439637,1.9802197330938032
"House For Sale In Pasikot, Kathmandu","Budhanilkantha, Pasikot, Kathmandu",Kathmandu,13800000,2,1,0.0,0,East,,529,0-4-3-0 Ropani,12 Feet / Soil Stabilized,12 Feet ,Soil Stabilized,N/A Aana,10 months ago,"['Garage', 'Wifi', 'Drainage', 'Water Well', 'Water Supply', 'Modular Kitchen', 'TV Cable']",Sale,1625.6875,,8488.7163123294,Pasikot,12.0,,2.0,1,7,16.440179222591198,7.394301017474119,0.008710801393728223,13391.770148526904,15274439.757072873,-9.652987477921275
"A Newly House Built In A Nice And Quiet Residential Area On Sale : House For Sale In Basbari, Kathmandu","Hepali height, Basbari, Kathmandu",Kathmandu,45000000,4,0,0.0,2,South,2018.0,441,7-0-2 Aana,20 Feet / Paved,20 Feet ,Paved,N/A Aana,10 months ago,"['Lawn', 'Backyard', 'Balcony', 'Frontyard', 'Fencing', 'Garden', 'Drainage', 'Water Supply', 'Modular Kitchen', 'Air Condition', 'TV Cable', 'Washing Machine', 'Solar Water', 'Water Tank']",Sale,2438.53125,,18453.731113759564,Basbari,20.0,2018.0,2.0,0,14,17.622173069956816,7.799561189175894,0.0040650406504065045,14297.16255221372,39521401.7280245,13.862358196902328
"House For Sale In Budhanilkantha, Kathmandu","Siddhartha Colony, Budhanilkantha, Kathmandu",Kathmandu,57500000,4,6,3.0,0,South,,635,7 Aana,20 Feet,20 Feet,Unknown,N/A Sq. Feet,10 months ago,"['Balcony', 'Garden', 'Modular Kitchen', 'TV Cable', 'Wifi', 'Drainage', 'Water Supply', 'Water Tank']",Sale,2395.75,,24000.83481164562,Budhanilkantha,20.0,,2.0,1,8,17.867295523158884,7.781868931957106,0.11382113821138211,13184.806428049671,37318372.60650444,54.079602040250776
"Business For Sale In Gwarko, Lalitpur","Gwarko, Gwarko, Lalitpur",Lalitpur,600000,0,0,0.0,0,South,,182,500 Sq. Feet,15 Feet / Blacktopped,15 Feet ,Blacktopped,N/A Aana,10 months ago,[],Sale,500.0,,1200.0,Gwarko,15.0,,2.0,1,0,13.304686600863562,6.2166061010848646,0.0017421602787456446,20035.479494938954,897754.0948122212,-33.166553796059375
"Business For Sale In Kupondole, Lalitpur","Kupondole, Kupondole, Lalitpur",Lalitpur,700000,0,0,0.0,0,North,,244,600 Sq. Feet,15 Feet / Blacktopped,15 Feet ,Blacktopped,N/A Aana,10 months ago,"['Wifi', 'Water Supply', 'Modular Kitchen']",Sale,600.0,,1166.6666666666667,Kupondole,15.0,,2.0,1,3,13.45883704259595,6.398594934535208,0.0023228803716608595,1683.3333333333335,3356525.3703155643,-79.14510028165856
"Land For Sale In Kavresthali, Kathmandu","Kavresthali, Kavresthali, Kathmandu",Kathmandu,1350000,0,0,0.0,0,North,,262,0-2-5-0 Aana,15 Feet / Soil Stabilized,15 Feet ,Soil Stabilized,N/A Aana,10 months ago,[],Sale,1112.3125,,1213.6877001741866,Kavresthali,15.0,,2.0,1,0,14.115615891155079,7.015095084552704,0.004645760743321719,4449.719990260531,2095656.9727692876,-35.58106037668683
"House For Sale In Dallu : House For Sale In Dallu, Kathmandu","Dallu, Dallu, Kathmandu",Kathmandu,29000000,8,4,3.0,1,West,2071.0,457,0-3-1-2 Aana,20 Feet / Blacktopped,20 Feet ,Blacktopped,N/A Aana,10 months ago,"['Balcony', 'Water Well', 'Water Tank', 'Solar Water']",Sale,1155.09375,,25106.18726834943,Dallu,20.0,2014.0,6.0,0,4,17.182806422433504,7.052802144559925,0.0017421602787456446,23374.72607742878,30632425.596985385,-5.329077163076619
"House For Sale In Budhanilkantha, Kathmandu","Bhangal, Sundarbasti, Budhanilkantha, Kathmandu",Kathmandu,17800000,7,0,2.0,0,North,,627,0-3-1-0 Aana,15 Feet / Gravelled,15 Feet ,Gravelled,N/A Sq. Feet,10 months ago,"['Balcony', 'TV Cable', 'Wifi', 'Drainage', 'Water Supply', 'Water Tank']",Sale,1112.3125,,16002.697083778165,Budhanilkantha,15.0,,2.0,1,6,16.694709071442087,7.015095084552704,0.11382113821138211,13184.806428049671,17374245.24140445,2.450493547661772
"House For Sale In Golfutar, Kathmandu","Golfutar, Golfutar, Kathmandu",Kathmandu,29000000,5,3,2.5,0,South West,,437,4 Aana,15 Feet / Blacktopped,15 Feet ,Blacktopped,N/A Sq. Feet,10 months ago,"['Balcony', 'TV Cable', 'Wifi', 'Drainage', 'Water Supply', 'Water Tank']",Sale,1369.0,,21183.345507669834,Golfutar,15.0,,2.0,1,6,17.182806422433504,7.222566018822171,0.018002322880371662,15420.826231637042,25990098.581490267,11.580954220209602
"Land For Sale In Chapali, Kathmandu","Nearby, Ganesh Chowk, Chapali, Kathmandu",Kathmandu,2400000,0,0,0.0,0,North,,260,0-4-1-1 Ropani,14 Feet / Gravelled,14 Feet ,Gravelled,N/A Sq. Feet,10 months ago,[],Sale,1475.953125,,1626.0679010385238,Chapali,14.0,,2.0,1,0,14.690979711984754,7.297736545399462,0.008130081300813009,10348.1860238617,4216420.439515704,-43.07968015932342
"Land For Sale In Chapali, Kathmandu","Chapali, Chapali, Kathmandu",Kathmandu,2100000,0,0,0.0,0,West,,294,2-13-0-0 Ropani,16 Feet,16 Feet,Unknown,N/A Sq. Feet,10 months ago,[],Sale,15401.25,,136.3525687850012,Chapali,16.0,,2.0,1,0,14.557448378884015,9.64226888162569,0.008130081300813009,10348.1860238617,4617455.793408609,-54.52040920461572
"House For Sale In Kalanki, Kathmandu","Nearby, Makalu Petrol Pump, Kalanki, Kathmandu",Kathmandu,6750000,7,5,3.0,3,North East,,14.2K,0-13-1-2 Ropani,15 Feet / Blacktopped,15 Feet ,Blacktopped,N/A Ropani,10 months ago,"['Balcony', 'TV Cable', 'Wifi', 'Drainage', 'Water Supply', 'Solar Water', 'Water Tank']",Sale,4577.59375,,1474.573841333124,Kalanki,15.0,,2.0,1,7,15.72505321099685,8.429147188476627,0.012195121951219513,2045.2885317750183,45330540.834112175,-85.10937686646685
"Bungmati : Land For Sale In Bhaisepati, Lalitpur","Bhainsepati, Lalitpur, Bhaisepati, Lalitpur",Lalitpur,9000000,0,0,0.0,0,East,,472,0-3-2-0 Aana,12 Feet / Gravelled,12 Feet ,Gravelled,N/A Aana,10 months ago,[],Sale,1197.875,,7513.304810602108,Bhaisepati,12.0,,2.0,1,0,16.012735246411598,7.089138896048115,0.02264808362369338,10000.0,4882178.426145969,84.3439385951462
"Near Kohinoor Housing : Land For Sale In Bafal, Kathmandu","Near Kohinoor Housing, Bafal, Kathmandu",Kathmandu,3500000,0,0,0.0,0,East,,340,0-4-2-0 Ropani,10 Feet / Soil Stabilized,10 Feet ,Soil Stabilized,N/A Aana,10 months ago,[],Sale,1540.125,,2272.542813083354,Bafal,10.0,,2.0,1,0,15.068273812173887,7.340267948188717,0.004645760743321719,16881.74661147634,3319508.7823178503,5.4372869456944635
"373 Pachali Marg : Land For Sale In Teku, Kathmandu","373 Pachali Marg, Teku, Kathmandu",Kathmandu,45000000,0,0,4.0,0,East,2025.0,227,0-4-2-3 Ropani,9 Meter / Blacktopped,9 Meter ,Blacktopped,0-4-2-3 Ropani,10 months ago,"['Drainage', 'Water Supply', 'Water Tank']",Sale,1604.296875,1604.296875,28049.671292914536,Teku,29.52756,1968.0,52.0,0,3,17.622173069956816,7.38106398730684,0.0017421602787456446,12783.053323593864,39995122.096158646,12.513720777769674
"Business For Sale In Baneshwor, Kathmandu","Himalayan Bank Building, Baneshwor, Kathmandu",Kathmandu,2500000,0,0,0.0,0,North,,242,420 Sq. Feet,15 Feet / Blacktopped,15 Feet ,Blacktopped,N/A Sq. Feet,10 months ago,[],Sale,420.0,,5952.380952380952,Baneshwor,15.0,,2.0,1,0,14.731801689838349,6.042632833682381,0.009291521486643438,6726.190476190476,1878099.6799314104,33.11327544080631
"Land For Sale In Budhanilkantha, Kathmandu","Hepali Height, Budhanilkantha, Kathmandu",Kathmandu,4100000,0,0,0.0,0,West,,287,10 Aana,15 Feet / Soil Stabilized,15 Feet ,Soil Stabilized,N/A Sq. Feet,10 months ago,[],Sale,3422.5,,1197.954711468225,Budhanilkantha,15.0,,2.0,1,0,15.226497775576945,8.138418698561118,0.11382113821138211,13184.806428049671,3166375.9072768474,29.48557341462624
"House For Sale In Mandikatar, Kathmandu","Mandikatar Height, Mandikatar, Kathmandu",Kathmandu,51000000,0,0,3.0,0,South,,464,8 Aana,15 Feet / Blacktopped,15 Feet ,Blacktopped,N/A Sq. Feet,10 months ago,"['Balcony', 'Garden', 'TV Cable', 'Wifi', 'Drainage', 'Water Supply', 'Solar Water', 'Water Tank']",Sale,2738.0,,18626.73484295106,Mandikatar,15.0,,2.0,1,8,17.747336210296442,7.915348169263078,0.008130081300813009,18691.53373076651,55159763.93246294,-7.54130118750347
"Land For Sale In Dhangadhi, Kailali","Dhangadhi, Kailali, Dhangadhi, Kailali",Kailali,6700000,0,0,0.0,0,East,,396,12 Dhur,33 Feet / Blacktopped,33 Feet ,Blacktopped,N/A Aana,10 months ago,[],Sale,2187.0,,3063.557384545039,Dhangadhi,33.0,,2.0,1,0,15.717618233614914,7.690743163541872,0.0005807200929152149,3063.557384545039,7225003.488354436,-7.266480759499408
"Under Construction Bungalow : House For Sale In Budhanilkantha, Kathmandu","Budhanilkantha, Muhanpokhari, Budhanilkantha, Kathmandu",Kathmandu,29000000,0,0,3.0,0,North East,2076.0,1.3K,0-5-0-3 Aana,20 Feet / Gravelled,20 Feet ,Gravelled,N/A Aana,10 months ago,"['Modular Kitchen', 'Solar Water', 'TV Cable', 'Water Tank', 'Frontyard', 'Fencing', 'Water Supply', 'Balcony']",Sale,1775.421875,,16334.14593362493,Budhanilkantha,20.0,2019.0,1.0,0,8,17.182806422433504,7.482356437573157,0.11382113821138211,13184.806428049671,32211907.02346049,-9.971179356506902
"Balkot 4 Anna 2 Paisa 1 Daam : Land For Sale In Balkot, Bhaktapur","Balkot Bkaktapur, Balkot, Bhaktapur",Bhaktapur,1900000,0,0,0.0,0,East,,457,0-4-2-1 Aana,13 Feet / Gravelled,13 Feet ,Gravelled,0-4-2-1 Aana,10 months ago,[],Sale,1561.515625,1561.515625,1216.7665629346488,Balkot,13.0,,2.0,1,0,14.45736497045232,7.354052381560557,0.0029036004645760743,15096.177258339421,4113670.7275357335,-53.81254053023874
"Commercial Building : House For Sale In Gatthaghar, Bhaktapur","Gathaghar, Bhaktapur, Gatthaghar, Bhaktapur",Bhaktapur,75000000,0,0,5.0,0,South,2075.0,572,0-6-2-0 Aana,20 Feet / Blacktopped,20 Feet ,Blacktopped,7500 Sq. Feet,10 months ago,"['Garage', 'Balcony', 'Solar Water', 'Water Well', 'Wifi', 'Water Tank', 'Modular Kitchen', 'Water Supply', 'TV Cable', 'Drainage']",Sale,2224.625,7500.0,33713.54722706074,Gatthaghar,20.0,2018.0,2.0,0,10,18.132998684833918,7.7077930540320425,0.0017421602787456446,12174.336498660823,60425267.597580366,24.12026124482278
"House For Sale In Basundhara, Kathmandu","Basundhara, Basundhara, Kathmandu",Kathmandu,26500000,0,0,3.0,0,East,,439,3.5 Aana,12 Feet,12 Feet,Unknown,N/A Sq. Feet,10 months ago,"['Balcony', 'TV Cable', 'Drainage', 'Water Supply', 'Water Tank']",Sale,1197.875,,22122.508608995096,Basundhara,12.0,,2.0,1,5,17.0926553286923,7.089138896048115,0.02148664343786295,17666.944128289193,24081244.46014886,10.044146779265695
"New House : House For Sale In Mahendrapul, Pokhara","Pokhara -11 ranipauwa, Mahendrapul, Pokhara",Pokhara,36500000,0,0,3.0,0,East,2074.0,509,6.5 Aana,20 Feet / Gravelled,20 Feet ,Gravelled,6.5 Aana,10 months ago,"['Garage', 'Garden', 'Wifi', 'Water Supply', 'TV Cable', 'Solar Water', 'Water Well', 'Water Tank', 'Washing Machine', 'Balcony', 'Fencing', 'Backyard', 'Gym', 'Frontyard', 'Modular Kitchen']",Sale,2224.625,2224.625,16407.259650502892,Mahendrapul,20.0,2017.0,3.0,0,15,17.41282284594998,7.7077930540320425,0.0011614401858304297,8512.271800560087,39339932.69163206,-7.218956661398
"Swarsati Kunj : House For Sale In Balkhu, Kathmandu","Balkhu, Balkhu, Kathmandu",Kathmandu,41000000,0,0,3.0,0,East,2075.0,457,4 Aana,12 Feet / Blacktopped,12 Feet ,Blacktopped,750 Sq. Feet,10 months ago,"['Balcony', 'Wifi', 'Fencing', 'Drainage', 'Solar Water', 'Washing Machine', 'Garden', 'Water Supply', 'TV Cable', 'Water Tank']",Sale,1369.0,750.0,29948.867786705625,Balkhu,12.0,2018.0,2.0,0,10,17.529082649058825,7.222566018822171,0.003484320557491289,14435.284705554976,32534002.16606069,26.021999355403615
"Badhikhel Lalitpurma 6 Roppani 8 Aana Jagga Bikrima Total Price 4 Crore : Land For Sale In Godawari, Lalitpur","Badikhel, godawari, Godawari, Lalitpur",Lalitpur,40000000,0,0,0.0,0,East,,383,6-8-0-0 Aana,13 Feet / Gravelled,13 Feet ,Gravelled,N/A Aana,10 months ago,[],Sale,35594.0,,1123.7849075686913,Godawari,13.0,,2.0,1,0,17.50439003707821,10.479960457537974,0.005807200929152149,818.1154127100073,10809482.98300173,270.04545048918
"Land For Sale In Pokhara, Pokhara","Hemja, Milan Chowk-8, Pokhara, Pokhara, Pokhara",Pokhara,5600000,0,0,0.0,0,East,,1.2K,8-2-0-0 Ropani,14 Feet / Soil Stabilized,14 Feet ,Soil Stabilized,8-2-0-0 Ropani,10 months ago,[],Sale,44492.5,44492.5,125.86390964769343,Pokhara,14.0,,2.0,1,0,15.53827733427679,10.703098390069718,0.011033681765389082,3638.0896618566194,5078290.882579802,10.27332087671132
"House For Sale In Basundhara, Kathmandu","Basundhara, Basundhara, Kathmandu",Kathmandu,30000000,0,0,3.0,0,East,,508,6 Aana,12 Feet,12 Feet,Unknown,N/A Sq. Feet,10 months ago,"['Balcony', 'TV Cable', 'Drainage', 'Water Supply', 'Water Tank']",Sale,2053.5,,14609.203798392988,Basundhara,12.0,,2.0,1,5,17.216707972959764,7.627787788323465,0.02148664343786295,17666.944128289193,34314290.81474616,-12.572868948502766
"House For Sale In Tokha, Kathmandu","Bhutkhel Park, Tokha, Kathmandu",Kathmandu,14200000,4,2,2.0,0,West,,430,0-3-1-0 Aana,13 Feet,13 Feet,Unknown,N/A Sq. Feet,10 months ago,"['Balcony', 'TV Cable', 'Drainage', 'Water Supply', 'Water Tank']",Sale,1112.3125,,12766.196549980334,Tokha,13.0,,2.0,1,5,16.468752592994022,7.015095084552704,0.020905923344947737,15806.346887427968,15152440.266753608,-6.285721969440025
"Land For Sale In Samakhusi, Kathmandu","Nearby Samakhusi Town Planning, Samakhusi, Kathmandu",Kathmandu,5500000,0,0,0.0,0,West,,264,8 Aana,13 Feet,13 Feet,Unknown,N/A Sq. Feet,10 months ago,[],Sale,2738.0,,2008.7655222790358,Samakhusi,13.0,,2.0,1,0,15.520258832020865,7.915348169263078,0.018002322880371662,19104.343428667755,4216778.988847326,30.43130822237967
"Land For Sale In Jagati, Bhaktapur","Sipadol, Jagati, Bhaktapur",Bhaktapur,1700000,0,0,0.0,0,South,,288,3 Aana,15 Feet / Soil Stabilized,15 Feet ,Soil Stabilized,N/A Sq. Feet,10 months ago,[],Sale,1026.75,,1655.7097638178718,Jagati,15.0,,2.0,1,0,14.346139397261565,6.935127225777988,0.0005807200929152149,1655.7097638178718,1772637.1470303433,-4.097688415930501
"Business For Sale In Pulchowk, Lalitpur","Nearby Everest Bank, Pulchowk, Lalitpur",Lalitpur,3200000,0,0,0.0,0,North,,181,700 Sq. Feet,15 Feet / Blacktopped,15 Feet ,Blacktopped,N/A Sq. Feet,10 months ago,[],Sale,700.0,,4571.428571428572,Pulchowk,15.0,,2.0,1,0,14.978661680269907,6.55250788703459,0.0005807200929152149,4571.428571428572,3577059.608203354,-10.54104905992157
"House For Sale In Dhapasi, Kathmandu","Nearby Grande International Hospital, Dhapasi, Kathmandu",Kathmandu,17500000,0,0,3.0,0,North East,,1.2K,3.5 Aana,13 Feet,13 Feet,Unknown,N/A Sq. Feet,10 months ago,"['Balcony', 'TV Cable', 'Drainage', 'Water Supply', 'Water Tank']",Sale,1197.875,,14609.203798392988,Dhapasi,13.0,,2.0,1,5,16.677711496036597,7.089138896048115,0.015098722415795587,15555.54898371399,21249369.292828888,-17.644614487895428
"House For Sale In Hadigaun, Kathmandu","Hadigaun, Hadigaun, Kathmandu",Kathmandu,20000000,0,0,2.0,0,South,,523,4 Aana,13 Feet / Blacktopped,13 Feet ,Blacktopped,N/A Sq. Feet,10 months ago,"['Balcony', 'TV Cable', 'Wifi', 'Drainage', 'Water Supply', 'Water Tank']",Sale,1369.0,,14609.203798392988,Hadigaun,13.0,,2.0,1,6,16.811242881518265,7.222566018822171,0.0017421602787456446,24348.672997321646,24790578.689856518,-19.324190652381436
"Land For Sale In Chundevi, Kathmandu","Chundevi, Chundevi, Kathmandu",Kathmandu,2000000,0,0,0.0,0,South East,,328,10 Aana,13 Feet,13 Feet,Unknown,N/A Sq. Feet,10 months ago,[],Sale,3422.5,,584.3681519357195,Chundevi,13.0,,2.0,1,0,14.508658238524095,8.138418698561118,0.0017421602787456446,4382.7611395178965,4942627.563404445,-59.53569282039096
"Land For Sale In Gongabu, Kathmandu","Gongabu, Gongabu, Kathmandu",Kathmandu,3000000,0,0,0.0,0,South East,,297,0-9-0-0 Aana,9 Feet / Blacktopped,9 Feet ,Blacktopped,N/A Aana,10 months ago,[],Sale,3080.25,,973.9469198928658,Gongabu,9.0,,2.0,1,0,14.914123179965662,8.033090637791,0.005807200929152149,18225.10307739723,5021695.943327899,-40.25922648729928
"House For Sale In Kapan, Kathmandu","Kapan, Kapan, Kathmandu",Kathmandu,15000000,2,1,1.0,0,South,,514,5 Aana,11 Feet,11 Feet,Unknown,N/A Sq. Feet,10 months ago,"['TV Cable', 'Drainage', 'Water Supply', 'Water Tank']",Sale,1711.25,,8765.522279035793,Kapan,11.0,,2.0,1,4,16.52356082573315,7.445563574078014,0.023228803716608595,14052.66270131135,15083635.725488124,-0.5544798814439539
"House For Sale In Chhauni, Kathmandu","Nearby, Musiam, Chhauni, Kathmandu",Kathmandu,25000000,6,3,0.0,0,North,,483,3.3.1 Aana,11 Feet / Blacktopped,11 Feet ,Blacktopped,N/A Sq. Feet,10 months ago,"['Balcony', 'TV Cable', 'Wifi', 'Drainage', 'Water Supply', 'Solar Water', 'Water Tank']",Sale,1129.425,,22135.157270292406,Chhauni,11.0,,2.0,1,7,17.034386422832473,7.030348947190871,0.0023228803716608595,10574.280844551115,22115673.664915893,13.042000794485297
"House For Sale In Maharajgunj, Kathmandu","Maharajgunj, Maharajgunj, Kathmandu",Kathmandu,70000000,13,0,4.5,0,South East,,508,13 Aana,14 Feet / Gravelled,14 Feet ,Gravelled,N/A Sq. Feet,10 months ago,"['Balcony', 'TV Cable', 'Wifi', 'Drainage', 'Water Supply', 'Solar Water', 'Water Tank']",Sale,4449.25,,15732.98870596168,Maharajgunj,14.0,,2.0,1,7,18.064005814299346,8.400715553357543,0.011614401858304297,20270.270270270274,70954429.29240483,-1.345129968520507
"House For Sale In Baniyatar, Kathmandu","Baniyatar, Baniyatar, Kathmandu",Kathmandu,16500000,6,3,3.0,0,South,,468,3.1 Aana,10 Feet / Blacktopped,10 Feet ,Blacktopped,N/A Sq. Feet,10 months ago,"['Balcony', 'TV Cable', 'Drainage', 'Water Supply', 'Water Tank']",Sale,1060.9750000000001,,15551.733075708662,Baniyatar,10.0,,2.0,1,5,16.61887099947687,6.967885661035161,0.004645760743321719,19028.487947406866,22026535.519983284,-25.09035301974479
"House For Sale In Tokha, Kathmandu","Opposite of Grandy Hospital, Tokha, Kathmandu",Kathmandu,53000000,6,4,3.0,3,West,,313,7.5 Aana,15 Feet / Blacktopped,15 Feet ,Blacktopped,N/A Sq. Feet,10 months ago,"['Balcony', 'TV Cable', 'Wifi', 'Drainage', 'Water Supply', 'Solar Water', 'Water Tank']",Sale,2566.875,,20647.674701728756,Tokha,15.0,,2.0,1,7,17.78580249038432,7.850833987612675,0.020905923344947737,15806.346887427968,45737612.03542048,15.878371522665697
"Land For Sale In Budhanilkantha, Kathmandu","Hepali Height, Budhanilkantha, Kathmandu",Kathmandu,3200000,0,0,0.0,0,North,,363,5.5 Aana,13 Feet / Paved,13 Feet ,Paved,N/A Sq. Feet,10 months ago,[],Sale,1882.375,,1699.9800783584567,Budhanilkantha,13.0,,2.0,1,0,14.978661680269907,7.540820659121453,0.11382113821138211,13184.806428049671,3208048.828217113,-0.250894816385513
"Land For Sale In Khusibu, Kathmandu","Khusibu Town Planning, Khusibu, Kathmandu",Kathmandu,5500000,0,0,0.0,0,North,,406,7 Aana,20 Feet / Blacktopped,20 Feet ,Blacktopped,N/A Sq. Feet,10 months ago,[],Sale,2395.75,,2295.7320254617553,Khusibu,20.0,,2.0,1,0,15.520258832020865,7.781868931957106,0.0005807200929152149,2295.7320254617553,5749043.179449188,-4.33190657428752
"Land For Sale In Hattigauda, Kathmandu","Ganesh Chowk, Hattigauda, Kathmandu",Kathmandu,3200000,0,0,0.0,0,South East,,220,7 Aana,15 Feet / Soil Stabilized,15 Feet ,Soil Stabilized,N/A Sq. Feet,10 months ago,[],Sale,2395.75,,1335.6986329959302,Hattigauda,15.0,,2.0,1,0,14.978661680269907,7.781868931957106,0.022067363530778164,14609.203798392988,2806244.6829111455,14.031396459712134
"Land For Sale In Hattigauda, Kathmandu","Hattigauda, Hattigauda, Kathmandu",Kathmandu,2550000,0,0,0.0,0,North,,276,16.5 Aana,15 Feet / Soil Stabilized,15 Feet ,Soil Stabilized,N/A Sq. Feet,10 months ago,[],Sale,5647.125,,451.5572083139651,Hattigauda,15.0,,2.0,1,0,14.751604309291395,8.63907891065622,0.022067363530778164,14609.203798392988,2800822.3026457797,-8.955309389276211
"Land For Sale In Dadikot, Bhaktapur","Dadikot, Dadikot, Bhaktapur",Bhaktapur,1350000,0,0,0.0,0,West,,260,3.2 Aana,13 Feet / Soil Stabilized,13 Feet ,Soil Stabilized,N/A Sq. Feet,10 months ago,[],Sale,1095.2,,1232.6515704894082,Dadikot,13.0,,2.0,1,0,14.115615891155079,6.999604932612016,0.0029036004645760743,10541.543132958077,2254997.8580001183,-40.13298082698537
"Land For Sale In Mulpani, Kathmandu","Mulpani, Mulpani, Kathmandu",Kathmandu,3200000,0,0,0.0,0,West,,290,2.2 Aana,6 Meter / Concrete,6 Meter ,Concrete,N/A Sq. Feet,10 months ago,[],Sale,752.95,,4249.950195896142,Mulpani,19.68504,,2.0,1,0,14.978661680269907,6.625326052811805,0.007549361207897794,1623.2448664881097,2116289.3096715324,51.208059568030876
"House For Sale In Tokha, Kathmandu","Grande, Tokha, Kathmandu",Kathmandu,43000000,6,5,3.0,3,South East,2074.0,403,8 Aana,12 Feet / Gravelled,12 Feet ,Gravelled,5 Aana,10 months ago,"['Garage', 'Backyard', 'Balcony', 'Frontyard', 'Garden', 'Modular Kitchen', 'Swimming Pool', 'Washing Machine', 'Wifi', 'Drainage', 'Water Supply', 'Solar Water', 'Water Tank']",Sale,2738.0,1711.25,15704.894083272462,Tokha,12.0,2017.0,3.0,0,13,17.57671069691365,7.915348169263078,0.020905923344947737,15806.346887427968,46455506.29490867,-7.438313712420741
"House For Sale : House For Sale In Bhaktapur, Bhaktapur","bhaktapur, Bhaktapur, Bhaktapur",Bhaktapur,21500000,9,1,3.0,1,West,2076.0,633,0-6-0-0 Aana,20 Feet,20 Feet,Unknown,0-3-0-0 Aana,10 months ago,['Garage'],Sale,2053.5,1026.75,10469.929388848308,Bhaktapur,20.0,2019.0,1.0,0,1,16.88356353960952,7.627787788323465,0.0040650406504065045,1022.6442658875092,18818799.19107078,14.24745958393247
"Durbarmarg Next To Annapurna Cake Shop : House For Sale In Durbar Marg, Kathmandu","durbarmarg, Durbar Marg, Kathmandu",Kathmandu,250000000,0,0,0.0,0,East,,486,4 Aana,20 Feet / Blacktopped,20 Feet ,Blacktopped,4 Aana,10 months ago,[],Sale,1369.0,1369.0,182615.04747991235,Durbar Marg,20.0,,2.0,1,0,19.33697147982652,7.222566018822171,0.0029036004645760743,3100.728969454838,10566032.216906706,2266.072664438549
"House For Sale In Itahari, Sunsari","Halgada, Itahari, Sunsari",Sunsari,6400000,3,1,1.0,0,North,,905,6 Dhur,15 Feet / Soil Stabilized,15 Feet ,Soil Stabilized,N/A Sq. Feet,10 months ago,"['TV Cable', 'Drainage', 'Water Supply', 'Water Tank']",Sale,1093.5,,5852.7663465935075,Itahari,15.0,,2.0,1,4,15.671808704579888,6.9980529169629175,0.0023228803716608595,3017.8326474622772,6913734.765643962,-7.4306403565961965
"Chandol Kanchan Housing : Land For Sale In Chandol, Kathmandu","Chandol kathmandu, Chandol, Kathmandu",Kathmandu,4300000,0,0,0.0,0,South,,399,1-4-0-0 Aana,14 Feet / Blacktopped,14 Feet ,Blacktopped,1-4-0-0 Aana,10 months ago,[],Sale,6845.0,6845.0,628.1957633308984,Chandol,14.0,,2.0,1,0,15.274125813221904,8.831419819090131,0.005226480836236934,3028.089514576001,4978154.722855955,-13.622612405805251
"Chandol House : House For Sale In Chandol, Kathmandu","Chandol Kathmandu, Chandol, Kathmandu",Kathmandu,24500000,4,3,2.0,2,East,2073.0,556,0-3-2-0 Aana,4 Meter / Soil Stabilized,4 Meter ,Soil Stabilized,0-3-2-0 Aana,10 months ago,"['Garage', 'Garden', 'Water Supply', 'TV Cable', 'Solar Water', 'Water Tank', 'Modular Kitchen']",Sale,1197.875,1197.875,20452.885317750184,Chandol,13.12336,2016.0,4.0,0,7,17.01418371633128,7.089138896048115,0.005226480836236934,3028.089514576001,21072923.37308379,16.262938778079448
"Bansbari Mainroad : House For Sale In Maharajgunj, Kathmandu","Bansbari mainroad, Maharajgunj, Kathmandu",Kathmandu,80000000,18,6,4.0,0,East,2060.0,346,0-8-0-0 Aana,9 Meter / Soil Stabilized,9 Meter ,Soil Stabilized,0-8-0-0 Aana,10 months ago,['Water Supply'],Sale,2738.0,2738.0,29218.407596785975,Maharajgunj,29.52756,2003.0,17.0,0,1,18.197537205138154,7.915348169263078,0.011614401858304297,20270.270270270274,54334487.22516276,47.23613690965565
"Land : Land For Sale In Bhaisepati, Lalitpur","Bhaisepati ,Lalitpur, Bhaisepati, Lalitpur",Lalitpur,3600000,0,0,0.0,0,South,,511,4 Aana,12 Feet,12 Feet,Unknown,N/A Aana,11 months ago,[],Sale,1369.0,,2629.656683710738,Bhaisepati,12.0,,2.0,1,0,15.096444681204078,7.222566018822171,0.02264808362369338,10000.0,3486867.862667648,3.2445203485801004
"Chitwanma Sasto Ghaderi : Land For Sale In Chitrawan, Chitwan","Bharatpur 14 chitwan, Chitrawan, Chitwan",Chitwan,3800000,0,0,0.0,0,West,,595,20 Dhur,9 Meter / Blacktopped,9 Meter ,Blacktopped,N/A Dhur,11 months ago,"['Wifi', 'Water Supply', 'TV Cable']",Sale,3645.0,,1042.5240054869685,Chitrawan,29.52756,,2.0,1,3,15.150511887854474,8.201385955238608,0.0005807200929152149,1042.5240054869685,3580588.552814125,6.127803961542324
"Land For Sale In Baluwatar, Kathmandu","Tudaldevi, Baluwatar, Kathmandu",Kathmandu,3600000,0,0,0.0,0,North,,643,13 Aana,10 Feet / Gravelled,10 Feet ,Gravelled,N/A Sq. Feet,11 months ago,[],Sale,4449.25,,809.1251334494577,Baluwatar,10.0,,2.0,1,0,15.096444681204078,8.400715553357543,0.02032520325203252,19576.333089846605,4073644.2071132543,-11.627039157867383
"Land For Sale : Land For Sale In Taadi, Chitwan","Ratnanagar Tandi Chitwan, Taadi, Chitwan",Chitwan,9000000,0,0,0.0,0,East,,267,1 Kattha,20 Feet,20 Feet,Unknown,N/A Aana,11 months ago,[],Sale,3645.0,,2469.135802469136,Taadi,20.0,,2.0,1,0,16.012735246411598,8.201385955238608,0.0005807200929152149,2469.135802469136,6868399.689782402,31.034890316424345
"House For Sale In Bharatpur, Chitwan","2, Bharatpur, Chitwan",Chitwan,23000000,15,6,3.0,10,North,2075.0,363,10 Dhur,20 Feet / Blacktopped,20 Feet ,Blacktopped,10 Dhur,11 months ago,"['Garage', 'Balcony', 'Fencing', 'TV Cable', 'Wifi', 'Water Supply', 'Water Tank']",Sale,1822.5,1822.5,12620.02743484225,Bharatpur,20.0,2018.0,2.0,0,7,16.951004817371683,7.508513010248735,0.008710801393728223,6858.710562414266,23840478.132857822,-3.5254248181350194
"House For Sale In Baluwatar, Kathmandu","Near PM Quarter, Baluwatar, Kathmandu",Kathmandu,33500000,0,0,3.0,1,East,,1K,5 Aana,20 Feet / Blacktopped,20 Feet ,Blacktopped,N/A Sq. Feet,11 months ago,"['Balcony', 'TV Cable', 'Drainage', 'Water Supply', 'Water Tank']",Sale,1711.25,,19576.333089846605,Baluwatar,20.0,,2.0,1,5,17.32705602664604,7.445563574078014,0.02032520325203252,19576.333089846605,34853181.479504205,-3.8825192480633612
"House For Sale In Baniyatar, Kathmandu","Baniyatar, Baniyatar, Kathmandu",Kathmandu,32000000,9,4,0.0,0,East,,342,5 Aana,10 Feet / Blacktopped,10 Feet ,Blacktopped,N/A Sq. Feet,11 months ago,"['Balcony', 'TV Cable', 'Wifi', 'Drainage', 'Water Supply', 'Solar Water', 'Water Tank']",Sale,1711.25,,18699.780861943025,Baniyatar,10.0,,2.0,1,7,17.281246492014,7.445563574078014,0.004645760743321719,19028.487947406866,30104684.52305077,6.295749339269811
"House For Sale In Jorpati, Kathmandu","Jorpati, Jorpati, Kathmandu",Kathmandu,14000000,0,0,3.0,1,East,,444,2.5 Aana,10 Feet,10 Feet,Unknown,N/A Sq. Feet,11 months ago,"['Balcony', 'TV Cable', 'Drainage', 'Water Supply', 'Water Tank']",Sale,855.625,,16362.308254200147,Jorpati,10.0,,2.0,1,5,16.454567959008102,6.753000249905988,0.012195121951219513,6000.0,17297285.203110203,-19.06244340884963
"House For Sale In Baniyatar, Kathmandu","Baniyatar, Baniyatar, Kathmandu",Kathmandu,35000000,10,3,3.0,0,North,,265,4 Aana,16 Feet / Blacktopped,16 Feet ,Blacktopped,N/A Sq. Feet,11 months ago,"['Balcony', 'TV Cable', 'Wifi', 'Drainage', 'Water Supply', 'Water Tank']",Sale,1369.0,,25566.106647187728,Baniyatar,16.0,,2.0,1,6,17.370858648025116,7.222566018822171,0.004645760743321719,19028.487947406866,30854010.351756558,13.437441684164748
"House For Sale In Nakkhu, Lalitpur","Nearby of Medicity Hospital, Nakkhu, Lalitpur",Lalitpur,25500000,4,4,2.5,0,North West,,755,4.2 Aana,14 Feet / Gravelled,14 Feet ,Gravelled,N/A Sq. Feet,11 months ago,"['Balcony', 'TV Cable', 'Wifi', 'Drainage', 'Water Supply', 'Solar Water', 'Water Tank']",Sale,1437.45,,17739.7474694772,Nakkhu,14.0,,2.0,1,7,17.05418904934434,7.271321423958596,0.0023228803716608595,18861.525618282376,25216514.080870308,1.1242074071798427
"House For Sale In Thasikhel, Lalitpur","Shabyatanagar, Lalitpur, Thasikhel, Lalitpur",Lalitpur,24000000,12,4,3.0,4,South East,,303,4 Aana,0 Feet,0 Feet,Unknown,4 Aana,11 months ago,"['Water Supply', 'Balcony', 'Water Well', 'Fencing', 'TV Cable', 'Wifi', 'Drainage']",Sale,1369.0,1369.0,17531.044558071586,Thasikhel,0.0,,2.0,1,7,16.993564429978885,7.222566018822171,0.0011614401858304297,25748.72169466764,25016315.92242804,-4.062612279040166
"House For Sale In Dhapasi, Kathmandu","Dhapashi, Basundhara, Tokha - 5, Dhapasi, Kathmandu",Kathmandu,18700000,1,1,3.0,1,East,,412,0-5-1-0 Aana,7 Feet,7 Feet,Unknown,0-3-0-0 Aana,11 months ago,"['Backyard', 'Water Supply', 'Drainage', 'Garden', 'Fencing', 'Water Well']",Sale,1796.8125,1026.75,10407.318515426623,Dhapasi,7.0,,2.0,1,6,16.74403413530075,7.494325927057613,0.015098722415795587,15555.54898371399,23222591.51820858,-19.474964775841077
"Attractive Land In Kirtipur : Land For Sale In Kirtipur, Kirtipur","Bhutkhel, Kirtipur, Kathmandu",Kathmandu,1600000,0,0,0.0,0,East,,257,28 Aana,20 Feet / Gravelled,20 Feet ,Gravelled,28 Aana,11 months ago,[],Sale,9583.0,9583.0,166.96232912449128,Kirtipur,20.0,,2.0,1,0,14.285514812209815,9.16785032035523,0.008710801393728223,1168.736303871439,1606663.1780715012,-0.4147215273520551
"House For Sale In Imadol, Lalitpur","Near Buddha Party Palace, Imadol, Lalitpur",Lalitpur,16500000,5,3,3.0,0,South,,635,3.5 Aana,13 Feet / Blacktopped,13 Feet ,Blacktopped,N/A Sq. Feet,11 months ago,"['Balcony', 'TV Cable', 'Wifi', 'Drainage', 'Water Supply', 'Water Tank']",Sale,1197.875,,13774.392152770532,Imadol,13.0,,2.0,1,6,16.61887099947687,7.089138896048115,0.050522648083623695,16278.8270896379,18485972.123962585,-10.743130578392753
"Land For Sale In Gokarneshwor, Kathmandu","Nearby, Baluwa Gaabisa, Gokarneshwor, Kathmandu",Kathmandu,750000,0,0,0.0,0,West,,375,4 Aana,13 Feet / Soil Stabilized,13 Feet ,Soil Stabilized,N/A Sq. Feet,11 months ago,[],Sale,1369.0,,547.8451424397371,Gokarneshwor,13.0,,2.0,1,0,13.527829818844937,7.222566018822171,0.0040650406504065045,271.3137848272983,1014833.1530912226,-26.096225993852308
"House For Sale In Hadigaun, Kathmandu","Hadigaun, Hadigaun, Kathmandu",Kathmandu,25000000,0,0,4.0,0,West,,323,3 Aana,13 Feet,13 Feet,Unknown,N/A Sq. Feet,11 months ago,"['Balcony', 'TV Cable', 'Drainage', 'Water Supply', 'Water Tank']",Sale,1026.75,,24348.672997321646,Hadigaun,13.0,,2.0,1,5,17.034386422832473,6.935127225777988,0.0017421602787456446,24348.672997321646,24295121.12479895,2.9013186292846003
"House For Sale In Sukedhara, Kathmandu","Sukedhara, Sukedhara, Kathmandu",Kathmandu,31800000,10,0,3.0,0,East,,473,5.1 Aana,14 Feet / Blacktopped,14 Feet ,Blacktopped,N/A Sq. Feet,11 months ago,"['Balcony', 'TV Cable', 'Wifi', 'Drainage', 'Water Supply', 'Water Tank']",Sale,1745.475,,18218.536501525374,Sukedhara,14.0,,2.0,1,6,17.274976879196945,7.465354749801464,0.013356562137049941,20452.885317750184,32487294.603443276,-2.115579680711335
"Land For Sale In Hattigauda, Kathmandu","Hattigauda, Hattigauda, Kathmandu",Kathmandu,2500000,0,0,0.0,0,South,,346,9 Aana,15 Feet / Soil Stabilized,15 Feet ,Soil Stabilized,N/A Sq. Feet,11 months ago,[],Sale,3080.25,,811.6224332440548,Hattigauda,15.0,,2.0,1,0,14.731801689838349,8.033090637791,0.022067363530778164,14609.203798392988,3135370.7308186656,-20.26461255676665
"House For Sale In Sukedhara, Kathmandu","Sukedhara, Sukedhara, Kathmandu",Kathmandu,27500000,0,0,0.0,0,North,,351,4 Aana,13 Feet / Gravelled,13 Feet ,Gravelled,N/A Sq. Feet,11 months ago,[],Sale,1369.0,,20087.65522279036,Sukedhara,13.0,,2.0,1,0,17.129696599000436,7.222566018822171,0.013356562137049941,20452.885317750184,19123472.357867796,43.80233613110501
"House For Sale In Tokha, Kathmandu","Greenland Chowk, Tokha, Kathmandu",Kathmandu,26000000,0,0,3.0,0,West,,309,4.1 Aana,15 Feet / Blacktopped,15 Feet ,Blacktopped,N/A Sq. Feet,11 months ago,"['Balcony', 'TV Cable', 'Wifi', 'Drainage', 'Water Supply', 'Water Tank']",Sale,1403.225,,18528.746280888667,Tokha,15.0,,2.0,1,6,17.073607134447293,7.247240828156326,0.020905923344947737,15806.346887427968,26575475.046128716,-2.165436535489312
"Business For Sale In Pepsicola, Kathmandu","Nearby, Sunsite, Pepsicola, Kathmandu",Kathmandu,800000,0,0,0.0,0,West,,216,600 Sq. Feet,15 Feet / Blacktopped,15 Feet ,Blacktopped,N/A Sq. Feet,11 months ago,[],Sale,600.0,,1333.3333333333333,Pepsicola,15.0,,2.0,1,0,13.592368256649284,6.398594934535208,0.009291521486643438,3246.4897329762193,1305140.1372460623,-38.703900280926426
"House For Sale In Satungal, Kathmandu","Satungal, Satungal, Kathmandu",Kathmandu,9500000,4,0,0.0,0,South,,595,4 Aana,15 Feet / Soil Stabilized,15 Feet ,Soil Stabilized,N/A Sq. Feet,11 months ago,"['TV Cable', 'Drainage', 'Water Supply', 'Water Tank']",Sale,1369.0,,6939.371804236669,Satungal,15.0,,2.0,1,4,16.066802461833923,7.222566018822171,0.003484320557491289,11066.47187728269,10912650.449527668,-12.945071924197954
"House For Sale In Kapan, Kathmandu","Aakashaydhara, Kapan, Kathmandu",Kathmandu,15000000,0,0,0.0,0,West,,329,3 Aana,13 Feet / Blacktopped,13 Feet ,Blacktopped,N/A Sq. Feet,11 months ago,"['Garden', 'TV Cable', 'Wifi', 'Drainage', 'Water Supply', 'Water Tank']",Sale,1026.75,,14609.203798392988,Kapan,13.0,,2.0,1,6,16.52356082573315,6.935127225777988,0.023228803716608595,14052.66270131135,17271890.415918984,-13.153687067311695
"2 Commerical House Sale In Naxal : House For Sale In Naxal, Kathmandu","naxal main road , next to NMB Bank, Naxal, Kathmandu",Kathmandu,150000000,0,0,3.5,0,North,2065.0,372,0-6-2-0 Aana,20 Feet,20 Feet,Unknown,4000 Sq. Feet,11 months ago,"['Garage', 'Garden', 'Water Supply', 'TV Cable', 'Water Well', 'Drainage', 'Water Tank']",Sale,2224.625,4000.0,67427.09445412148,Naxal,20.0,2008.0,12.0,0,7,18.826145858727198,7.7077930540320425,0.0040650406504065045,15826.637448259069,94657546.5628168,58.46597069833914
"House For Sale In Budhanilkantha, Kathmandu","Hepali Height, Budhanilkantha, Kathmandu",Kathmandu,42500000,5,4,0.0,0,South West,,2.9K,5.5 Aana,20 Feet,20 Feet,Unknown,N/A Sq. Feet,11 months ago,"['Balcony', 'TV Cable', 'Wifi', 'Drainage', 'Water Supply', 'Water Tank']",Sale,1882.375,,22577.860415698255,Budhanilkantha,20.0,,2.0,1,6,17.565014657424058,7.540820659121453,0.11382113821138211,13184.806428049671,35197543.852762595,20.74706172051334
"Land For Sale In Suryabinayak, Bhaktapur","Suryabinayak, Suryabinayak, Bhaktapur",Bhaktapur,1675000,0,0,0.0,0,East,,306,0-4-0-2 Aana,31 Feet,31 Feet,Unknown,N/A Sq. Feet,11 months ago,[],Sale,1411.78125,,1186.444429687673,Suryabinayak,31.0,,2.0,1,0,14.331324320256051,7.253315558244075,0.0029036004645760743,1186.444429687673,1875496.0743382128,-10.690295601336294
"Business For Sale In Kalimati, Kathmandu","Nearby Solti Hotel, Kalimati, Kathmandu",Kathmandu,6000000,0,0,0.0,0,West,,214,700 Sq. Feet,15 Feet / Blacktopped,15 Feet ,Blacktopped,N/A Sq. Feet,11 months ago,[],Sale,700.0,,8571.42857142857,Kalimati,15.0,,2.0,1,0,15.607270193858982,6.55250788703459,0.0017421602787456446,22985.147309471635,5705475.82944295,5.162131597108276
"House For Sale In Tokha, Kathmandu","Mahadevtar, Tokha, Kathmandu",Kathmandu,60000000,0,0,3.0,3,East,,242,9 Aana,13 Feet,13 Feet,Unknown,N/A Sq. Feet,11 months ago,"['Balcony', 'TV Cable', 'Drainage', 'Water Supply', 'Water Tank']",Sale,3080.25,,19478.938397857317,Tokha,13.0,,2.0,1,5,17.909855136853043,8.033090637791,0.020905923344947737,15806.346887427968,52356240.09539025,14.599520306812003
"House For Sale In Tahachal, Kathmandu","Tahachal, Kathmandu, Tahachal, Kathmandu",Kathmandu,40000000,0,0,2.5,0,West,,354,6.1 Aana,20 Feet / Paved,20 Feet ,Paved,3.5 Aana,11 months ago,[],Sale,2087.725,1197.875,19159.61153887605,Tahachal,20.0,,2.0,1,0,17.50439003707821,7.6443091109570664,0.0023228803716608595,11243.00743263969,34310399.95395205,16.58272725961794
"Bafal Kohinoor Housing Colony : House For Sale In Kalimati, Kathmandu","Purano Kalimati, Kalimati, Kathmandu",Kathmandu,29500000,0,0,0.0,0,East,,430,0-3-3-0 Aana,0 Feet,0 Feet,Unknown,N/A Aana,11 months ago,[],Sale,1283.4375,,22985.147309471635,Kalimati,0.0,,2.0,1,0,17.19990085520835,7.158076158301139,0.0017421602787456446,22985.147309471635,17682224.710400656,66.83421053148447
"House For Sale In Sukedhara, Kathmandu","Sukedhara, Sukedhara, Kathmandu",Kathmandu,19000000,3,2,2.0,0,South West,,1.1K,3.1 Aana,24 Feet / Blacktopped,24 Feet ,Blacktopped,N/A Sq. Feet,11 months ago,"['Balcony', 'TV Cable', 'Wifi', 'Drainage', 'Water Supply', 'Water Tank']",Sale,1060.9750000000001,,17908.056268997854,Sukedhara,24.0,,2.0,1,6,16.759949589762293,6.967885661035161,0.013356562137049941,20452.885317750184,18942008.220763434,0.30615433464440234
"Land For Sale In Thapathali, Kathmandu","Behind Rastra Bank, Thapathali, Kathmandu",Kathmandu,7500000,0,0,0.0,0,East,,282,12.5 Aana,18 Feet / Gravelled,18 Feet ,Gravelled,N/A Sq. Feet,11 months ago,[],Sale,4278.125,,1753.1044558071585,Thapathali,18.0,,2.0,1,0,15.830413711839864,8.361503828422954,0.0023228803716608595,2939.028058264942,6055440.165671992,23.85557110310742
"House For Sale In Basundhara, Kathmandu","Basundhara, Basundhara, Kathmandu",Kathmandu,32500000,4,3,0.0,0,North West,,335,5.5 Aana,16 Feet / Gravelled,16 Feet ,Gravelled,N/A Sq. Feet,11 months ago,"['Balcony', 'TV Cable', 'Wifi', 'Drainage', 'Water Supply', 'Water Tank']",Sale,1882.375,,17265.422670828077,Basundhara,16.0,,2.0,1,6,17.296750678069195,7.540820659121453,0.02148664343786295,17666.944128289193,31735337.076283995,2.4094999270937065
"House For Sale In Bhaisepati, Lalitpur","Gokul Aawas, Bhaisepati, Lalitpur",Lalitpur,44500000,5,5,3.0,0,North,,641,6.5 Aana,16 Feet / Gravelled,16 Feet ,Gravelled,N/A Sq. Feet,11 months ago,[],Sale,2224.625,,20003.371354722705,Bhaisepati,16.0,,2.0,1,0,17.61099976960838,7.7077930540320425,0.02264808362369338,10000.0,38998295.78102332,14.107550365454227
"House For Sale In Hattigauda, Kathmandu","Hattigauda, Hattigauda, Kathmandu",Kathmandu,32000000,5,4,3.0,0,South,,301,5 Aana,15 Feet / Gravelled,15 Feet ,Gravelled,N/A Sq. Feet,11 months ago,"['Balcony', 'TV Cable', 'Wifi', 'Drainage', 'Water Supply', 'Solar Water', 'Water Tank']",Sale,1711.25,,18699.780861943025,Hattigauda,15.0,,2.0,1,7,17.281246492014,7.445563574078014,0.022067363530778164,14609.203798392988,31003831.277683627,3.2130503917217785
"House For Sale In Golfutar, Kathmandu","Hepali, Golfutar, Kathmandu",Kathmandu,28500000,5,0,3.0,0,North East,,1.5K,4.1.1 Aana,12 Feet / Gravelled,12 Feet ,Gravelled,N/A Sq. Feet,11 months ago,"['Balcony', 'TV Cable', 'Drainage', 'Water Supply', 'Water Tank']",Sale,1403.225,,20310.356500204885,Golfutar,12.0,,2.0,1,5,17.1654146803266,7.247240828156326,0.018002322880371662,15420.826231637042,26520549.04382426,7.463838523496512
"House For Sale In Basundhara, Kathmandu","Basundhara, Basundhara, Kathmandu",Kathmandu,26000000,5,3,3.0,0,East,,3.4K,4.3 Aana,12 Feet / Blacktopped,12 Feet ,Blacktopped,N/A Sq. Feet,11 months ago,"['Balcony', 'TV Cable', 'Wifi', 'Drainage', 'Water Supply', 'Solar Water', 'Water Tank']",Sale,1471.675,,17666.944128289193,Basundhara,12.0,,2.0,1,7,17.073607134447293,7.294835753965024,0.02148664343786295,17666.944128289193,28610935.806251176,-9.12565679057836
"Land For Sale In Hattigauda, Kathmandu","Hattigauda, Hattigauda, Kathmandu",Kathmandu,2800000,0,0,0.0,0,West,,276,18 Aana,15 Feet / Soil Stabilized,15 Feet ,Soil Stabilized,N/A Sq. Feet,11 months ago,[],Sale,6160.5,,454.5085626166707,Hattigauda,15.0,,2.0,1,0,14.845130332288226,8.726075533378177,0.022067363530778164,14609.203798392988,2835684.4909102144,-1.2584083675247015
"House For Sale In Nagdhunga, Kathmandu","Nagdhunga, Nagdhunga, Kathmandu",Kathmandu,9500000,4,2,2.0,0,West,,460,3.2 Aana,15 Feet / Soil Stabilized,15 Feet ,Soil Stabilized,N/A Sq. Feet,11 months ago,"['Balcony', 'TV Cable', 'Wifi', 'Drainage', 'Water Supply', 'Water Tank']",Sale,1095.2,,8674.214755295836,Nagdhunga,15.0,,2.0,1,6,16.066802461833923,6.999604932612016,0.0005807200929152149,8674.214755295836,11335551.09778289,-16.192870394646302
"Land For Sale In Dakshinkali, Kathmandu","Farsidol, Dakshinkali, Kathmandu",Kathmandu,400000,0,0,0.0,0,East,,341,16 Aana,0 Feet,0 Feet,Unknown,N/A Aana,11 months ago,[],Sale,5476.0,,73.04601899196494,Dakshinkali,0.0,,2.0,1,0,12.899222326086994,8.608312784783722,0.0017421602787456446,292.18407596785977,602946.7449609089,-33.65914927927285
"House For Sale In Sitapaila, Kathmandu","Sitapaila, Sitapaila, Kathmandu",Kathmandu,25000000,6,4,3.0,0,North,,636,5 Aana,13 Feet / Blacktopped,13 Feet ,Blacktopped,N/A Sq. Feet,11 months ago,"['Balcony', 'TV Cable', 'Wifi', 'Drainage', 'Water Supply', 'Water Tank']",Sale,1711.25,,14609.203798392988,Sitapaila,13.0,,2.0,1,6,17.034386422832473,7.445563574078014,0.013937282229965157,14791.8188458729,27359417.897851802,-8.623786904607567
"House For Sale In Thankot, Kathmandu","Near by kalikasthan temple, Thankot, Kathmandu",Kathmandu,17500000,5,2,3.0,0,South,,344,4 Aana,16 Feet / Blacktopped,16 Feet ,Blacktopped,N/A Sq. Feet,11 months ago,"['Balcony', 'TV Cable', 'Wifi', 'Drainage', 'Water Supply', 'Water Tank']",Sale,1369.0,,12783.053323593864,Thankot,16.0,,2.0,1,6,16.677711496036597,7.222566018822171,0.005807200929152149,4704.1636230825425,19309643.33754901,-9.37170773128691
"Darkroom : Business For Sale In Kupondole, Lalitpur","Kupondole, Kupondole, Lalitpur",Lalitpur,2200000,0,1,4.0,10,East,,195,1000 Sq. Feet,14 Feet / Paved,14 Feet ,Paved,1000 Sq. Feet,11 months ago,[],Sale,1000.0,1000.0,2200.0,Kupondole,14.0,,2.0,1,0,14.603968372873895,6.90875477931522,0.0023228803716608595,1683.3333333333335,4212285.794441079,-47.77182491028213
"House For Sale In Syuchatar, Kathmandu","Nagarjun, Syuchatar, Kathmandu",Kathmandu,40000000,0,0,0.0,0,South,,413,20 Aana,16 Feet / Blacktopped,16 Feet ,Blacktopped,N/A Sq. Feet,11 months ago,"['Balcony', 'Garden', 'TV Cable', 'Wifi', 'Drainage', 'Water Supply', 'Solar Water', 'Water Tank']",Sale,6845.0,,5843.681519357195,Syuchatar,16.0,,2.0,1,8,17.50439003707821,8.831419819090131,0.0029036004645760743,9889.307186604485,46923602.010900974,-14.755052285398998
"Business For Sale In Machha Pokhari, Kathmandu","Opp. to Machapokhari Complex, Machha Pokhari, Kathmandu",Kathmandu,1800000,0,0,0.0,0,North,,211,300 Sq. Feet,13 Feet / Blacktopped,13 Feet ,Blacktopped,N/A Sq. Feet,11 months ago,[],Sale,300.0,,6000.0,Machha Pokhari,13.0,,2.0,1,0,14.403297778421795,5.707110264748875,0.0005807200929152149,6000.0,1698341.5551672853,5.985747950605934
"House For Sale In Goldhunga, Kathmandu","Nearby, Rangasala, Goldhunga, Kathmandu",Kathmandu,6500000,3,1,1.0,0,West,,608,2.5 Aana,10 Feet / Soil Stabilized,10 Feet ,Soil Stabilized,N/A Sq. Feet,11 months ago,"['TV Cable', 'Drainage', 'Water Supply', 'Water Tank']",Sale,855.625,,7596.785975164354,Goldhunga,10.0,,2.0,1,4,15.687312888712007,6.753000249905988,0.005226480836236934,5064.523983442902,7205349.248002598,-9.78924440335947
"Land For Sale In Swayambhu, Kathmandu","Swayambhu, Swayambhu, Kathmandu",Kathmandu,850000,0,0,0.0,0,South,,639,4.3 Aana,13 Feet / Soil Stabilized,13 Feet ,Soil Stabilized,N/A Sq. Feet,11 months ago,[],Sale,1471.675,,577.5731734248391,Swayambhu,13.0,,2.0,1,0,13.652992804936396,7.294835753965024,0.011033681765389082,13333.333333333334,1900826.7140813384,-55.282614995717715
"Land : Land For Sale In Dakshinkali, Kathmandu","Chalnakhel, dakshinkali-1, Dakshinkali, Kathmandu",Kathmandu,1350000,0,0,0.0,0,East,,230,12 Aana,14 Feet,14 Feet,Unknown,N/A Aana,11 months ago,['Water Supply'],Sale,4107.0,,328.70708546384225,Dakshinkali,14.0,,2.0,1,1,14.115615891155079,8.32069157104845,0.0017421602787456446,292.18407596785977,1261566.3306507242,7.009831128234145
"House : House For Sale In Kadaghari, Kathmandu","Kadaghari.pepsicola, Kadaghari, Kathmandu",Kathmandu,12500000,3,1,1.0,1,North East,2074.0,496,3 Aana,13 Feet / Gravelled,13 Feet ,Gravelled,3 Aana,11 months ago,[],Sale,1026.75,1026.75,12174.336498660823,Kadaghari,13.0,2017.0,3.0,0,0,16.341239282272525,6.935127225777988,0.009291521486643438,11930.849768687607,11975530.700914212,4.379507782863856
"Land For Sale In Sankhamul, Kathmandu","Ganesh Marga, Sankhamul, Kathmandu",Kathmandu,6000000,0,0,0.0,0,East,,4K,4.5 Aana,13 Feet,13 Feet,Unknown,N/A Aana,11 months ago,[],Sale,1540.125,,3895.7876795714633,Sankhamul,13.0,,2.0,1,0,15.607270193858982,7.340267948188717,0.0040650406504065045,3287.070854638422,4202556.076978288,42.77025434278337
"House On Sale : House For Sale In Maharajgunj, Kathmandu","Chapal kharkhana, Maharajgunj, Kathmandu",Kathmandu,70000000,7,5,3.0,8,East,2059.0,828,15 Aana,12 Feet / Blacktopped,12 Feet ,Blacktopped,6 Aana,11 months ago,"['Lawn', 'Backyard', 'Balcony', 'Garden', 'Water Supply', 'Solar Water', 'Water Tank']",Sale,5133.75,2053.5,13635.256878500122,Maharajgunj,12.0,2002.0,18.0,0,7,18.064005814299346,8.543786435685758,0.011614401858304297,20270.270270270274,72741279.55315945,-3.768533589179049
"Chitwan Ghaderi : Land For Sale In Bharatpur, Chitwan","14, Bharatpur, Chitwan",Chitwan,3800000,0,0,0.0,0,West,,493,1 Kattha,9 Meter / Blacktopped,9 Meter ,Blacktopped,1 Kattha,11 months ago,[],Sale,3645.0,3645.0,1042.5240054869685,Bharatpur,29.52756,,2.0,1,0,15.150511887854474,8.201385955238608,0.008710801393728223,6858.710562414266,6417007.21907367,-40.78236364289846
"Business For Sale In Gatthaghar, Bhaktapur","Nearby Siddhartha School, Gatthaghar, Bhaktapur",Bhaktapur,1700000,0,0,0.0,0,North,,232,800 Sq. Feet,13 Feet / Blacktopped,13 Feet ,Blacktopped,N/A Sq. Feet,11 months ago,[],Sale,800.0,,2125.0,Gatthaghar,13.0,,2.0,1,0,14.346139397261565,6.68586094706836,0.0017421602787456446,12174.336498660823,5781130.726961657,-70.59398791880537
"House For Sale In Imadol, Lalitpur","Near Pawan Prakriti School, Imadol, Lalitpur",Lalitpur,14200000,2,1,1.0,4,East,2074.0,531,3.5 Aana,20 Feet / Gravelled,20 Feet ,Gravelled,N/A Aana,11 months ago,[],Sale,1197.875,,11854.325367838881,Imadol,20.0,2017.0,3.0,0,0,16.468752592994022,7.089138896048115,0.050522648083623695,16278.8270896379,11888853.071613235,19.43961216835156
"Business For Sale In Jorpati, Kathmandu","Jorpati Chowk, Jorpati, Kathmandu",Kathmandu,1300000,0,0,0.0,0,South,,194,600 Sq. Feet,15 Feet / Blacktopped,15 Feet ,Blacktopped,N/A Sq. Feet,11 months ago,[],Sale,600.0,,2166.6666666666665,Jorpati,15.0,,2.0,1,0,14.077875591662238,6.398594934535208,0.012195121951219513,6000.0,1697018.7976182534,-23.395073653601525
"Business For Sale In Koteshwor, Kathmandu","Nearby Mahadevsthan Mandir, Koteshwor, Kathmandu",Kathmandu,1000000,0,0,0.0,0,North,,174,700 Sq. Feet,13 Feet / Blacktopped,13 Feet ,Blacktopped,N/A Sq. Feet,11 months ago,[],Sale,700.0,,1428.5714285714287,Koteshwor,13.0,,2.0,1,0,13.815511557963774,6.55250788703459,0.004645760743321719,1823.906416811822,1723199.3478996942,-41.96840886582038
"Land On Sale At Budhanilkantha : Land For Sale In Budhanilkantha, Kathmandu","Jyotinagar, Budhanilkantha, Kathmandu",Kathmandu,2500000,0,0,0.0,0,East,,1.4K,0-4-2-0 Aana,20 Feet / Gravelled,20 Feet ,Gravelled,N/A Sq. Feet,11 months ago,[],Sale,1540.125,,1623.2448664881097,Budhanilkantha,20.0,,2.0,1,0,14.731801689838349,7.340267948188717,0.11382113821138211,13184.806428049671,3061759.730846762,-18.347609878956817
"Land At Jyotinagar : Land For Sale In Budhanilkantha, Kathmandu","Jyotinagar, Budhanilkantha, Kathmandu",Kathmandu,2800000,0,0,0.0,0,North East,,282,0-4-3-2 Aana,13 Feet / Paved,13 Feet ,Paved,N/A Sq. Feet,11 months ago,[],Sale,1668.46875,,1678.1854619692458,Budhanilkantha,13.0,,2.0,1,0,14.845130332288226,7.420260741029426,0.11382113821138211,13184.806428049671,2993435.2532985094,-6.4619822020656805
"Land For Sale In Thecho, Lalitpur","Thecho, Thecho, Lalitpur",Lalitpur,1400000,0,0,0.0,0,South,,283,7 Aana,23 Feet,23 Feet,Unknown,N/A Sq. Feet,11 months ago,[],Sale,2395.75,,584.3681519357195,Thecho,23.0,,2.0,1,0,14.151983508870947,7.781868931957106,0.0005807200929152149,584.3681519357195,1301199.6785049166,7.593017668787418
"House For Sale In Lazimpat, Kathmandu","Lazimpat, Lazimpat, Kathmandu",Kathmandu,30000000,0,0,3.0,0,South East,,550,6 Aana,10 Feet,10 Feet,Unknown,N/A Sq. Feet,11 months ago,"['Balcony', 'TV Cable', 'Drainage', 'Water Supply', 'Water Tank']",Sale,2053.5,,14609.203798392988,Lazimpat,10.0,,2.0,1,5,17.216707972959764,7.627787788323465,0.005226480836236934,4869.734599464329,29855580.954842415,0.48372545614176465
"New Ghar Bikarima Kapan Ekatabasti : House For Sale In Budhanilkantha, Kathmandu","Kapan, Budhanilkantha, Kathmandu",Kathmandu,12800000,2,1,1.0,2,West,2075.0,630,3.2 Aana,12 Feet / Gravelled,12 Feet ,Gravelled,3.1 Aana,11 months ago,"['Water Supply', 'Garden', 'Modular Kitchen', 'TV Cable', 'Water Tank']",Sale,1095.2,1060.9750000000001,11687.36303871439,Budhanilkantha,12.0,2018.0,2.0,0,5,16.36495580701484,6.999604932612016,0.11382113821138211,13184.806428049671,11023363.492876995,16.117009189355137
"House For Sale In Manamaiju, Kathmandu","Manamaiju, Manamaiju, Kathmandu",Kathmandu,25000000,0,0,3.0,0,West,,420,5.5 Aana,13 Feet,13 Feet,Unknown,N/A Sq. Feet,11 months ago,"['Balcony', 'TV Cable', 'Drainage', 'Water Supply', 'Water Tank']",Sale,1882.375,,13281.094362175443,Manamaiju,13.0,,2.0,1,5,17.034386422832473,7.540820659121453,0.005807200929152149,14828.341855368883,31349597.242466625,-20.254158907870647
"House For Sale In Gongabu, Kathmandu","Nearby Indraini Bridge, Gongabu, Kathmandu",Kathmandu,12500000,0,0,1.0,1,East,,517,3.25 Aana,10 Feet,10 Feet,Unknown,N/A Sq. Feet,11 months ago,"['TV Cable', 'Drainage', 'Water Supply', 'Water Tank']",Sale,1112.3125,,11237.849075686914,Gongabu,10.0,,2.0,1,4,16.341239282272525,7.015095084552704,0.005807200929152149,18225.10307739723,13528074.976677274,-7.599565928261784
"Land For Sale In Gongabu, Kathmandu","New Buspark, Gongabu, Kathmandu",Kathmandu,4500000,0,0,0.0,0,North West,,197,5 Aana,15 Feet,15 Feet,Unknown,N/A Sq. Feet,11 months ago,[],Sale,1711.25,,2629.656683710738,Gongabu,15.0,,2.0,1,0,15.319588176962746,7.445563574078014,0.005807200929152149,18225.10307739723,4071961.86878615,10.511840361153672
"House For Sale In Dhungedhara, Kathmandu","Dhungedhara, Dhungedhara, Kathmandu",Kathmandu,23000000,0,0,3.0,0,South,,2.3K,4 Aana,12 Feet,12 Feet,Unknown,N/A Sq. Feet,11 months ago,"['Balcony', 'TV Cable', 'Drainage', 'Water Supply', 'Water Tank']",Sale,1369.0,,16800.584368151936,Dhungedhara,12.0,,2.0,1,5,16.951004817371683,7.222566018822171,0.0023228803716608595,17292.851017880395,24212859.258109473,-5.009153380773305
"House For Sale In Chandol, Kathmandu","Chandol, Chandol, Kathmandu",Kathmandu,15000000,0,0,0.0,0,South East,,354,2 Aana,20 Feet,20 Feet,Unknown,N/A Sq. Feet,11 months ago,"['Drainage', 'Water Tank']",Sale,684.5,,21913.80569758948,Chandol,20.0,,2.0,1,2,16.52356082573315,6.530148499002369,0.005226480836236934,3028.089514576001,4983237.429695143,201.00913736549865
"Land For Sale In Kapan, Kathmandu","Chunikhel, Kapan, Kathmandu",Kathmandu,1600000,0,0,0.0,0,South,,346,0-18-0-2 Aana,20 Feet,20 Feet,Unknown,N/A Sq. Feet,11 months ago,[],Sale,6203.28125,,257.9280118888693,Kapan,20.0,,2.0,1,0,14.285514812209815,8.732994856924597,0.023228803716608595,14052.66270131135,3692383.6989460024,-56.66755867065704
"House For Sale In Budhanilkantha, Kathmandu","Chappali Bhadrakali, Budhanilkantha, Kathmandu",Kathmandu,25000000,0,0,0.0,1,South East,,520,4 Aana,13 Feet,13 Feet,Unknown,N/A Sq. Feet,11 months ago,"['Balcony', 'TV Cable', 'Drainage', 'Water Supply', 'Water Tank']",Sale,1369.0,,18261.504747991235,Budhanilkantha,13.0,,2.0,1,5,17.034386422832473,7.222566018822171,0.11382113821138211,13184.806428049671,22395197.797437306,11.631074778275735
"Land For Sale In Fulbari, Pokhara","Fulbari, Near to Ward 11 office, Fulbari, Pokhara",Pokhara,2300000,0,0,0.0,0,South,,515,5 Aana,15 Feet / Blacktopped,15 Feet ,Blacktopped,N/A Sq. Feet,11 months ago,[],Sale,1711.25,,1344.046749452155,Fulbari,15.0,,2.0,1,0,14.648420115681892,7.445563574078014,0.0011614401858304297,7976.625273922571,3988271.9092311338,-42.33091292806568
"Land For Sale In Balaju, Kathmandu","Balaju Bypass, Balaju, Kathmandu",Kathmandu,4500000,0,0,0.0,0,West,,310,0-9-2-1 Aana,16 Feet,16 Feet,Unknown,N/A Sq. Feet,11 months ago,[],Sale,3272.765625,,1374.9838869075752,Balaju,16.0,,2.0,1,0,15.319588176962746,8.093696168624582,0.007549361207897794,8249.903321445452,5147827.321728262,-12.584480427186692
"House For Sale In Jorpati, Kathmandu","Besigaun, Jorpati, Kathmandu",Kathmandu,39000000,9,4,5.0,0,East,,295,3 Aana,11 Meter,11 Meter,Unknown,N/A Sq. Feet,11 months ago,"['Balcony', 'Drainage', 'Water Supply', 'Water Tank', 'Water Well']",Sale,1026.75,,37983.92987582177,Jorpati,36.08924,,2.0,1,5,17.479072229734946,6.935127225777988,0.012195121951219513,6000.0,34939929.844640285,11.620143982580212
"Land For Sale In Bharatpur, Chitwan","Krishi Chowk, Bharatpur, Chitwan",Chitwan,1300000,0,0,0.0,0,North,,780,4 Kattha,10 Feet / Soil Stabilized,10 Feet ,Soil Stabilized,N/A Kattha,11 months ago,[],Sale,14580.0,,89.16323731138546,Bharatpur,10.0,,2.0,1,0,14.077875591662238,9.587474590316285,0.008710801393728223,6858.710562414266,2434795.9625764075,-46.607435695581245
"Land For Sale In Gokarneshwor, Kathmandu","Suntakhan, Gokarneshwor, Kathmandu",Kathmandu,950000,0,0,0.0,0,West,,261,1-0-0-3 Ropani,32 Feet / Soil Stabilized,32 Feet ,Soil Stabilized,N/A Sq. Feet,11 months ago,[],Sale,5540.171875,,171.47482450623428,Gokarneshwor,32.0,,2.0,1,0,13.76421831620775,8.619961287155453,0.0040650406504065045,271.3137848272983,1032499.2370108136,-7.990246777291277
"Land For Sale In Gokarneshwor, Kathmandu","Nearby, Nayapati Gumba, Gokarneshwor, Kathmandu",Kathmandu,1650000,0,0,0.0,0,North,,435,5.2 Aana,20 Feet / Soil Stabilized,20 Feet ,Soil Stabilized,N/A Sq. Feet,11 months ago,[],Sale,1779.7,,927.1225487441703,Gokarneshwor,20.0,,2.0,1,0,14.316286451937186,7.4847618244072684,0.0040650406504065045,271.3137848272983,1360894.6760714527,21.243769191831866
"House For Sale In Nakhipot, Lalitpur","Milan Chowk, Nakhipot, Lalitpur",Lalitpur,20500000,0,0,3.0,0,South,,694,4 Aana,10 Feet / Gravelled,10 Feet ,Gravelled,N/A Sq. Feet,11 months ago,"['Balcony', 'TV Cable', 'Wifi', 'Drainage', 'Water Supply', 'Solar Water', 'Water Tank']",Sale,1369.0,,14974.433893352812,Nakhipot,10.0,,2.0,1,7,16.835935492889124,7.222566018822171,0.003484320557491289,12575.075075075074,22603826.582675576,-9.307391272803464
"Land For Sale In Jorpati, Kathmandu","Chamunda Mandir, Jorpati, Kathmandu",Kathmandu,2100000,0,0,0.0,0,North,,281,4.2 Aana,13 Feet / Soil Stabilized,13 Feet ,Soil Stabilized,N/A Sq. Feet,11 months ago,[],Sale,1437.45,,1460.9203798392987,Jorpati,13.0,,2.0,1,0,14.557448378884015,7.271321423958596,0.012195121951219513,6000.0,2184689.5955613987,-3.876504732455414
"Land For Sale In Jorpati, Kathmandu","Aarubot, Jorpati, Kathmandu",Kathmandu,2100000,0,0,0.0,0,South,,382,4 Aana,13 Feet / Gravelled,13 Feet ,Gravelled,N/A Sq. Feet,11 months ago,[],Sale,1369.0,,1533.9663988312636,Jorpati,13.0,,2.0,1,0,14.557448378884015,7.222566018822171,0.012195121951219513,6000.0,3563849.2873492655,-41.07494928434679
"Under Construction House On Sale : House For Sale In Budhanilkantha, Kathmandu","Jyotinagar, Budhanilkantha, Kathmandu",Kathmandu,27500000,10,3,3.0,2,South,2076.0,1.3K,0-4-1-0 Aana,13 Feet / Blacktopped,13 Feet ,Blacktopped,N/A Sq. Feet,11 months ago,"['Garage', 'Backyard', 'Fencing', 'Frontyard', 'Microwave', 'Modular Kitchen', 'TV Cable', 'Drainage', 'Water Supply']",Sale,1454.5625,,18906.02844497916,Budhanilkantha,13.0,2019.0,1.0,0,9,17.129696599000436,7.283147702834008,0.11382113821138211,13184.806428049671,27117151.671394214,1.4118309077780147
"Land For Sale In Thali, Kathmandu","Near by Shanti Batika., Thali, Kathmandu",Kathmandu,1650000,0,0,0.0,0,South,,219,4 Aana,13 Feet / Soil Stabilized,13 Feet ,Soil Stabilized,N/A Sq. Feet,11 months ago,[],Sale,1369.0,,1205.2593133674216,Thali,13.0,,2.0,1,0,14.316286451937186,7.222566018822171,0.0029036004645760743,1205.2593133674216,1607289.8210950207,2.6572792501032265
"House For Sale In Jorpati, Kathmandu","Narayantar, Jorpati, Kathmandu",Kathmandu,16500000,9,3,3.0,0,South West,,614,3 Aana,10 Feet / Gravelled,10 Feet ,Gravelled,N/A Sq. Feet,11 months ago,"['Balcony', 'TV Cable', 'Wifi', 'Drainage', 'Water Supply', 'Solar Water', 'Water Tank']",Sale,1026.75,,16070.124178232287,Jorpati,10.0,,2.0,1,7,16.61887099947687,6.935127225777988,0.012195121951219513,6000.0,18032946.250201344,-8.500808625125407
"Land For Sale In Budhanilkantha, Kathmandu","Nearby, Panchkanyaa School, Budhanilkantha, Kathmandu",Kathmandu,2100000,0,0,0.0,0,North,,328,4 Aana,13 Feet / Soil Stabilized,13 Feet ,Soil Stabilized,N/A Sq. Feet,11 months ago,[],Sale,1369.0,,1533.9663988312636,Budhanilkantha,13.0,,2.0,1,0,14.557448378884015,7.222566018822171,0.11382113821138211,13184.806428049671,2412266.2339211283,-12.944932426199943
"Land For Sale In Tokha, Kathmandu","Nearby, Manakamana Mandir, Tokha, Kathmandu",Kathmandu,1600000,0,0,0.0,0,North,,261,4 Aana,12 Feet / Gravelled,12 Feet ,Gravelled,N/A Sq. Feet,11 months ago,[],Sale,1369.0,,1168.736303871439,Tokha,12.0,,2.0,1,0,14.285514812209815,7.222566018822171,0.020905923344947737,15806.346887427968,4059718.55243323,-60.58840091165864
"Newly Constructed House : House For Sale In Budhanilkantha, Kathmandu","Jyotinagar, Budhanilkantha, Budhanilkantha, Kathmandu",Kathmandu,32000000,5,4,3.0,2,South East,2076.0,4K,0-5-1-0 Aana,13 Feet / Blacktopped,13 Feet ,Blacktopped,N/A Sq. Feet,11 months ago,"['Garage', 'Backyard', 'Balcony', 'Deck', 'Fencing', 'Frontyard', 'Modular Kitchen', 'TV Cable', 'Wifi', 'Drainage', 'Water Supply', 'Solar Water', 'Water Well']",Sale,1796.8125,,17809.315106612405,Budhanilkantha,13.0,2019.0,1.0,0,13,17.281246492014,7.494325927057613,0.11382113821138211,13184.806428049671,32812631.353011753,-2.4765808760325614
"Mountain Property : Land For Sale In Kamalpokhari, Pokhara","Hudikot, Pokhara, Kamalpokhari, Pokhara",Pokhara,2500000,0,0,0.0,0,North,,390,5 Ropani,0 Feet,0 Feet,Unknown,N/A Aana,11 months ago,[],Sale,27380.0,,91.30752373995617,Kamalpokhari,0.0,,2.0,1,0,14.731801689838349,10.217604621184988,0.0029036004645760743,16176.470588235294,4798014.561968675,-47.895114370511116
"Pragati Nagar : Land For Sale In Chauthe, Pokhara","chauthe. Pokhara, Chauthe, Pokhara",Pokhara,650000,0,0,0.0,0,North,,329,2 Ropani,0 Feet,0 Feet,Unknown,N/A Aana,11 months ago,[],Sale,10952.0,,59.34989043097151,Chauthe,0.0,,2.0,1,0,13.384729180332174,9.301368670323747,0.003484320557491289,711.1111111111111,2125650.14086717,-69.42112027265084
"Land Near Prithivi Highway : Land For Sale In Chauthe, Pokhara","Chauthe, Pokhara, Chauthe, Pokhara",Pokhara,12000000,0,0,0.0,0,North East,,453,20 Aana,20 Feet / Gravelled,20 Feet ,Gravelled,N/A Aana,11 months ago,[],Sale,6845.0,,1753.1044558071585,Chauthe,20.0,,2.0,1,0,16.300417291085605,8.831419819090131,0.003484320557491289,711.1111111111111,4238358.185823318,183.1285010346277
"22 Aana Land For Sale Near Iceland Hotel Pokhara : Land For Sale In Dhampus, Kaski","Pokhara, Dhampus, Kaski",Kaski,1500000015,0,0,0.0,0,East,,438,22 Aana,20 Feet / Soil Stabilized,20 Feet ,Soil Stabilized,N/A Aana,11 months ago,[],Sale,7529.5,,199216.4174247958,Dhampus,20.0,,2.0,1,0,21.12873095572124,8.926716719651903,0.0011614401858304297,99830.43093462012,267082518.13717803,461.6241847134207
"DeepLila Sadan : House For Sale In Dhapakhel, Lalitpur","Dhapakhel Height, Dhapakhel, Lalitpur",Lalitpur,42000000,6,5,4.0,5,South West,2068.0,303,11 Aana,0 Feet / Blacktopped,0 Feet ,Blacktopped,N/A Aana,11 months ago,"['Garage', 'Balcony', 'Garden', 'Water Supply', 'Water Well', 'Microwave', 'Water Tank', 'Solar Water', 'Fencing', 'Backyard', 'Frontyard', 'TV Cable', 'Washing Machine', 'Wifi', 'Drainage']",Sale,3764.75,,11156.119264227373,Dhapakhel,0.0,2011.0,9.0,0,15,17.553180200057167,8.233702323582925,0.005807200929152149,14214.98718796016,43637945.48645459,-3.7534890064038797
"House For Sale In Budhanilkantha, Kathmandu","Chapali, Budhanilkantha, Kathmandu",Kathmandu,66000000,0,0,3.0,0,East,,387,8.3 Aana,40 Feet / Blacktopped,40 Feet ,Blacktopped,N/A Sq. Feet,11 months ago,"['Balcony', 'TV Cable', 'Wifi', 'Drainage', 'Water Supply', 'Water Tank']",Sale,2840.675,,23233.9144745527,Budhanilkantha,40.0,,2.0,1,6,18.005165315142214,7.952148946030627,0.11382113821138211,13184.806428049671,57323886.16271175,15.135250622509128
"Land For Sale In Thaiba, Lalitpur","Thaiba, Thaiba, Lalitpur",Lalitpur,1850000,0,0,0.0,0,South,,300,4 Aana,20 Feet / Soil Stabilized,20 Feet ,Soil Stabilized,N/A Sq. Feet,11 months ago,[],Sale,1369.0,,1351.3513513513512,Thaiba,20.0,,2.0,1,0,14.430696737594902,7.222566018822171,0.0023228803716608595,15354.64778708022,2477475.3416241882,-25.327208351257564
"Land For Sale In Hetauda, Makwanpur","Piple Marg, Hetauda, Makwanpur",Makwanpur,600000,0,0,0.0,0,East,,382,10 Dhur,3.5 Meter,3.5 Meter,Unknown,N/A Dhur,11 months ago,[],Sale,1822.5,,329.2181069958848,Hetauda,11.48294,,2.0,1,0,13.304686600863562,7.508513010248735,0.004645760743321719,301.7832647462277,744972.7287383283,-19.460139028693224
"Land For Sale In Chandragiri, Kathmandu","Matatirtha, Chandragiri, Kathmandu",Kathmandu,1200000,0,0,0.0,0,North East,,1.3K,4 Aana,20 Feet,20 Feet,Unknown,N/A Sq. Feet,11 months ago,[],Sale,1369.0,,876.5522279035793,Chandragiri,20.0,,2.0,1,0,13.997832948091215,7.222566018822171,0.008130081300813009,1241.7823228634038,1724317.2724469805,-30.407238901163545
"House For Sale In Dhapasi, Kathmandu","Dhapasi, Dhapasi, Kathmandu",Kathmandu,17000000,4,3,3.0,0,East,,553,3.1 Aana,13 Feet / Blacktopped,13 Feet ,Blacktopped,N/A Sq. Feet,11 months ago,"['Balcony', 'TV Cable', 'Wifi', 'Drainage', 'Water Supply', 'Solar Water', 'Water Tank']",Sale,1060.9750000000001,,16022.9977143665,Dhapasi,13.0,,2.0,1,7,16.648723960844016,6.967885661035161,0.015098722415795587,15555.54898371399,17906197.77709607,-5.060805137845588
"Land For Sale In Budhanilkantha, Kathmandu","Deuba Chowk, Budhanilkantha, Kathmandu",Kathmandu,3500000,0,0,0.0,0,South East,,271,17.5 Aana,20 Feet,20 Feet,Unknown,N/A Sq. Feet,11 months ago,[],Sale,5989.375,,584.3681519357195,Budhanilkantha,20.0,,2.0,1,0,15.068273812173887,8.697909293490493,0.11382113821138211,13184.806428049671,3300797.1865919004,6.0349910081503095
"Land For Sale In Budhanilkantha, Kathmandu","Narayanthan, Budhanilkantha, Kathmandu",Kathmandu,13000000,3,3,2.0,0,South,,427,3.2 Aana,13 Feet / Blacktopped,13 Feet ,Blacktopped,N/A Sq. Feet,11 months ago,[],Sale,1095.2,,11869.978086194302,Budhanilkantha,13.0,,2.0,1,0,16.380459992348886,6.999604932612016,0.11382113821138211,13184.806428049671,15023060.5210585,-13.466367377157837
"Land For Sale In Nagarkot, Bhaktapur","Nagarkot, Nagarkot, Bhaktapur",Bhaktapur,1500000,0,0,0.0,0,South,,263,5.5 Aana,20 Feet / Blacktopped,20 Feet ,Blacktopped,N/A Sq. Feet,1 year ago,[],Sale,1882.375,,796.8656617305265,Nagarkot,20.0,,2.0,1,0,14.220976332738882,7.540820659121453,0.0005807200929152149,796.8656617305265,1481902.089301425,1.2212622432502542
"Business For Sale In Madhyapur Thimi, Bhaktapur","Nearby Kathmandu School of Law, Madhyapur Thimi, Bhaktapur",Bhaktapur,1100000,0,0,0.0,0,West,,214,600 Sq. Feet,15 Feet / Blacktopped,15 Feet ,Blacktopped,N/A Sq. Feet,1 year ago,[],Sale,600.0,,1833.3333333333333,Madhyapur Thimi,15.0,,2.0,1,0,13.910821646859095,6.398594934535208,0.004645760743321719,2027.7777777777778,1603481.3021369253,-31.399262433927138
"House For Sale In Kausaltar, Bhaktapur","Kausaltar, Kausaltar, Bhaktapur",Bhaktapur,19500000,10,0,4.0,0,East,,479,3.5 Aana,20 Feet / Soil Stabilized,20 Feet ,Soil Stabilized,N/A Sq. Feet,1 year ago,"['Balcony', 'TV Cable', 'Wifi', 'Drainage', 'Water Supply', 'Water Tank']",Sale,1197.875,,16278.8270896379,Kausaltar,20.0,,2.0,1,6,16.785925074816024,7.089138896048115,0.0017421602787456446,11687.36303871439,18195961.162603263,7.1666389356602185
"Land For Sale In Jorpati, Kathmandu","Nearby, Vens School, Jorpati, Kathmandu",Kathmandu,2900000,0,0,0.0,0,South,,286,3.5 Aana,10 Feet / Gravelled,10 Feet ,Gravelled,N/A Sq. Feet,1 year ago,[],Sale,1197.875,,2420.9537723051235,Jorpati,10.0,,2.0,1,0,14.88022163978423,7.089138896048115,0.012195121951219513,6000.0,3373457.602072889,-14.034787387929923
"Land For Sale In Balaju, Kathmandu","Bypass, Balaju, Kathmandu",Kathmandu,4500000,0,0,0.0,0,West,,274,0-9-2-1 Aana,16 Feet / Blacktopped,16 Feet ,Blacktopped,N/A Sq. Feet,1 year ago,[],Sale,3272.765625,,1374.9838869075752,Balaju,16.0,,2.0,1,0,15.319588176962746,8.093696168624582,0.007549361207897794,8249.903321445452,5264878.973809334,-14.527949789810958
"Land For Sale In Gokarneshwor, Kathmandu","Nearby, Hanuman Chowk, Gokarneshwor, Kathmandu",Kathmandu,1600000,0,0,0.0,0,South,,183,34 Aana,15 Feet / Soil Stabilized,15 Feet ,Soil Stabilized,N/A Sq. Feet,1 year ago,[],Sale,11636.5,,137.49838869075754,Gokarneshwor,15.0,,2.0,1,0,14.285514812209815,9.361987921585323,0.0040650406504065045,271.3137848272983,1431111.5953999253,11.801204402433672
"Land For Sale In Bhaktapur, Bhaktapur","Chamasing, Bhaktapur, Bhaktapur",Bhaktapur,1000000,0,0,0.0,0,North East,,344,15 Aana,12 Feet / Soil Stabilized,12 Feet ,Soil Stabilized,N/A Sq. Feet,1 year ago,[],Sale,5133.75,,194.78938397857317,Bhaktapur,12.0,,2.0,1,0,13.815511557963774,8.543786435685758,0.0040650406504065045,1022.6442658875092,1334904.9728004332,-25.08830063744928
"Land For Sale In Chandragiri, Kathmandu","Srijana chowk, Chandragiri, Kathmandu",Kathmandu,1100000,0,0,0.0,0,North,,256,14 Aana,8 Feet / Soil Stabilized,8 Feet ,Soil Stabilized,N/A Sq. Feet,1 year ago,[],Sale,4791.5,,229.5732025461755,Chandragiri,8.0,,2.0,1,0,13.910821646859095,8.4748074749198,0.008130081300813009,1241.7823228634038,1285982.6622345347,-14.462299352572114
"House For Sale In Kamalpokhari, Kathmandu","Kamalpokhari, Kamalpokhari, Kathmandu",Kathmandu,55000000,2,3,0.0,0,North East,,586,3400 Sq. Feet,0 Feet,0 Feet,Unknown,3400 Sq. Feet,1 year ago,"['Balcony', 'Garden', 'Gym', 'Modular Kitchen', 'Swimming Pool', 'TV Cable', 'Wifi', 'Drainage', 'Water Supply', 'Water Tank']",Sale,3400.0,3400.0,16176.470588235294,Kamalpokhari,0.0,,2.0,1,10,17.822843761378564,8.131824785007195,0.0029036004645760743,16176.470588235294,52423344.68283232,4.915091421115456
"Land For Sale In Mahalaxmi Nagarpalika, Lalitpur","Changathali, Mahalaxmi Nagarpalika, Lalitpur",Lalitpur,2250000,0,0,0.0,0,South,,280,4 Aana,13 Feet / Soil Stabilized,13 Feet ,Soil Stabilized,N/A Sq. Feet,1 year ago,[],Sale,1369.0,,1643.535427319211,Mahalaxmi Nagarpalika,13.0,,2.0,1,0,14.626441218624949,7.222566018822171,0.0011614401858304297,3827.089637900449,2545418.57506095,-11.60589374004534
"Apartment For Sale In Chandol, Kathmandu","Prestige Apartment, Chandol, Kathmandu",Kathmandu,22500000,3,4,0.0,0,North East,,1.3K,1780 Sq. Feet,20 Feet,20 Feet,Unknown,1780 Sq. Feet,1 year ago,"['Balcony', 'Gym', 'Modular Kitchen', 'Swimming Pool', 'TV Cable', 'Wifi', 'Drainage', 'Water Supply']",Sale,1780.0,1780.0,12640.449438202248,Chandol,20.0,,2.0,1,8,16.929025911619092,7.484930283289661,0.005226480836236934,3028.089514576001,24073996.633388206,-6.538160893506281
"Apartment For Sale In Panipokhari, Kathmandu","Nearby Japanese Embassy, Panipokhari, Kathmandu",Kathmandu,30000000,3,3,0.0,0,South East,,727,1380 Sq. Feet,11 Meter,11 Meter,Unknown,1380 Sq. Feet,1 year ago,"['Balcony', 'Gym', 'Swimming Pool', 'TV Cable', 'Drainage', 'Water Supply']",Sale,1380.0,1380.0,21739.130434782608,Panipokhari,36.08924,,2.0,1,6,17.216707972959764,7.2305631534092925,0.0011614401858304297,18134.252519981324,26932340.518011753,11.390244676049097
"Apartment For Sale In Swayambhu, Kathmandu","Bijeshwori, Swayambhu, Kathmandu",Kathmandu,20000000,3,3,0.0,0,East,,596,1500 Sq. Feet,0 Feet,0 Feet,Unknown,N/A Sq. Feet,1 year ago,"['Balcony', 'TV Cable', 'Drainage', 'Water Supply']",Sale,1500.0,,13333.333333333334,Swayambhu,0.0,,2.0,1,4,16.811242881518265,7.313886831633462,0.011033681765389082,13333.333333333334,20769362.206340037,-3.7043131064717167
"Land For Sale In Minbhawan, Kathmandu","Nearby KENNT collage of Technology, Minbhawan, Kathmandu",Kathmandu,6500000,0,0,0.0,0,North,,262,5 Aana,20 Feet / Blacktopped,20 Feet ,Blacktopped,N/A Sq. Feet,1 year ago,[],Sale,1711.25,,3798.392987582177,Minbhawan,20.0,,2.0,1,0,15.687312888712007,7.445563574078014,0.0011614401858304297,3481.8602386169955,6176452.607651137,5.238401602046876
"Land For Sale In Naya Bazar, Kathmandu","Naya Bazar, Naya Bazar, Kathmandu",Kathmandu,6700000,0,0,0.0,0,South West,,291,12 Aana,12 Feet,12 Feet,Unknown,N/A Sq. Feet,1 year ago,[],Sale,4107.0,,1631.3610908205503,Naya Bazar,12.0,,2.0,1,0,15.717618233614914,8.32069157104845,0.005807200929152149,9203.798392987583,4712522.585608384,42.17438491353213
"Land For Sale In Pasikot, Kathmandu","Pasikot, Pasikot, Kathmandu",Kathmandu,2500000,0,0,0.0,0,South West,,229,12 Aana,13 Feet,13 Feet,Unknown,N/A Sq. Feet,1 year ago,[],Sale,4107.0,,608.7168249330412,Pasikot,13.0,,2.0,1,0,14.731801689838349,8.32069157104845,0.008710801393728223,13391.770148526904,4972010.197856198,-49.718526299927234
"Land For Sale In Mahalaxmisthan, Lalitpur","Nearby Sobahiti, Mahalaxmisthan, Lalitpur",Lalitpur,2600000,0,0,0.0,0,South,,344,12 Aana,26 Feet,26 Feet,Unknown,N/A Sq. Feet,1 year ago,[],Sale,4107.0,,633.0654979303628,Mahalaxmisthan,26.0,,2.0,1,0,14.77102238760702,8.32069157104845,0.0005807200929152149,633.0654979303628,1757493.3518926739,47.937970701284115
"Land For Sale In Bhaisepati, Lalitpur","Bhaisepati, Bhaisepati, Lalitpur",Lalitpur,2600000,0,0,0.0,0,North,,509,5 Aana,13 Feet / Soil Stabilized,13 Feet ,Soil Stabilized,N/A Sq. Feet,1 year ago,[],Sale,1711.25,,1519.3571950328708,Bhaisepati,13.0,,2.0,1,0,14.77102238760702,7.445563574078014,0.02264808362369338,10000.0,2424015.9961910835,7.260018254229535
"House For Sale In Maligaon, Kathmandu","Maligaon, Maligaon, Kathmandu",Kathmandu,65000000,5,6,0.0,0,North West,,2K,12 Aana,13 Feet,13 Feet,Unknown,N/A Sq. Feet,1 year ago,[],Sale,4107.0,,15826.637448259069,Maligaon,13.0,,2.0,1,0,17.989897843244528,8.32069157104845,0.0023228803716608595,15826.637448259069,65043437.64592596,-0.06678251872605658
"House For Sale In Makalbari, Kathmandu","Makalbari, Makalbari, Kathmandu",Kathmandu,28000000,6,4,0.0,0,South,,303,6.5 Aana,13 Feet,13 Feet,Unknown,N/A Sq. Feet,1 year ago,[],Sale,2224.625,,12586.390964769344,Makalbari,13.0,,2.0,1,0,17.147715103853763,7.7077930540320425,0.0023228803716608595,13068.478403378522,29746801.22275071,-5.872232142442039
"Business For Sale In Chabahil, Kathmandu","Nearby AC Complex, Chabahil, Kathmandu",Kathmandu,500000,0,0,0.0,0,North,,360,300 Sq. Feet,13 Feet / Blacktopped,13 Feet ,Blacktopped,N/A Sq. Feet,1 year ago,[],Sale,300.0,,1666.6666666666667,Chabahil,13.0,,2.0,1,0,13.122365377402328,5.707110264748875,0.0156794425087108,4515.572083139651,800194.2028322623,-37.51516841408427
"House For Sale In Sitapaila, Kathmandu","Padma Colony, Sitapaila, Kathmandu",Kathmandu,23000000,4,3,3.0,0,South,,441,0-5-2-2 Aana,20 Feet,20 Feet,Unknown,N/A Sq. Feet,1 year ago,"['Balcony', 'TV Cable', 'Drainage', 'Water Supply', 'Water Tank']",Sale,1925.15625,,11947.082217352488,Sitapaila,20.0,,2.0,1,5,16.951004817371683,7.563281715754914,0.013937282229965157,14791.8188458729,29346540.358906414,-21.62619607384247
"House For Sale In Jhamsikhel, Lalitpur","Jhamsikhel, Jhamsikhel, Lalitpur",Lalitpur,35000000,5,4,3.0,0,South,,705,3 Aana,20 Feet,20 Feet,Unknown,N/A Sq. Feet,1 year ago,"['Balcony', 'Garden', 'TV Cable', 'Drainage', 'Water Supply', 'Water Tank']",Sale,1026.75,,34088.1421962503,Jhamsikhel,20.0,,2.0,1,6,17.370858648025116,6.935127225777988,0.0023228803716608595,17862.371888726208,29111815.286823776,20.226099455368765
"Modern House For Sale At Bhaisepati! : House For Sale In Bhaisepati, Lalitpur","27.6845464, Bhaisepati, Lalitpur",Lalitpur,70000000,5,5,3.0,4,South West,,1.1K,10 Aana,13 Feet,13 Feet,Unknown,3000 Sq. Feet,1 year ago,"['Balcony', 'TV Cable', 'Drainage', 'Water Supply', 'Water Tank', 'Garage', 'Lawn', 'Fencing', 'Jacuzzi', 'Air Condition', 'Washing Machine', 'Frontyard', 'Garden', 'Microwave', 'Internet', 'Water Well', 'Intercom', 'Solar Water', 'Modular Kitchen', 'Deck', 'Electricity Backup']",Sale,3422.5,3000.0,20452.885317750184,Bhaisepati,13.0,,2.0,1,21,18.064005814299346,8.138418698561118,0.02264808362369338,10000.0,60614547.52327719,15.4838283221014
"House For Sale In Dhapasi, Kathmandu","Grande Villa, Dhapasi, Kathmandu",Kathmandu,23500000,3,3,2.0,0,East,,2.6K,4+ Aana,20 Feet,20 Feet,Unknown,N/A Sq. Feet,1 year ago,"['Balcony', 'TV Cable', 'Drainage', 'Water Supply', 'Water Tank']",Sale,1369.0,,17165.81446311176,Dhapasi,20.0,,2.0,1,5,16.97251102166758,7.222566018822171,0.015098722415795587,15555.54898371399,24180098.0621527,-2.8126356659289375
"House For Sale In Budhanilkantha, Kathmandu","CG Hills Housing, Hattigauda, Budhanilkantha, Kathmandu",Kathmandu,80000000,6,7,0.0,4,South East,,814,14.75 Aana,13 Feet,13 Feet,Unknown,5320 Sq. Feet,1 year ago,[],Sale,5048.1875,5320.0,15847.271916900869,Budhanilkantha,13.0,,2.0,1,0,18.197537205138154,8.526982618235937,0.11382113821138211,13184.806428049671,75005666.39805102,6.6586083982566295
"House For Sale In Imadol, Lalitpur","Behind Swimming Pool, Imadol, Lalitpur",Lalitpur,22500000,7,4,3.0,0,South West,,280,3.3 Aana,13 Feet,13 Feet,Unknown,N/A Sq. Feet,1 year ago,[],Sale,1129.425,,19921.641543263166,Imadol,13.0,,2.0,1,0,16.929025911619092,7.030348947190871,0.050522648083623695,16278.8270896379,21931531.57951962,2.592014234934856
"House For Sale In Khumaltar, Lalitpur","Khumaltar, Khumaltar, Lalitpur",Lalitpur,60000000,5,5,3.0,0,South,,372,10 Aana,20 Feet,20 Feet,Unknown,N/A Sq. Feet,1 year ago,"['Balcony', 'Garden', 'TV Cable', 'Drainage', 'Water Supply', 'Water Tank']",Sale,3422.5,,17531.044558071586,Khumaltar,20.0,,2.0,1,6,17.909855136853043,8.138418698561118,0.0011614401858304297,15887.509130752374,55594941.7944659,7.92348739534537
"House For Sale In Pokhara, Pokhara","Near Deep Housing Pokhara, Pokhara, Pokhara",Pokhara,170000000,5,8,0.0,0,East,,1.7K,2 Ropani,8 Meter,8 Meter,Unknown,6000 Sq. Feet,1 year ago,"['Balcony', 'Garden', 'TV Cable', 'Drainage', 'Water Supply', 'Water Tank']",Sale,10952.0,6000.0,15522.27903579255,Pokhara,26.24672,,2.0,1,6,18.951309000896888,9.301368670323747,0.011033681765389082,3638.0896618566194,92136092.67522407,84.50966940745252
"Business For Sale In Thamel, Kathmandu","Mandala street, Thamel, Kathmandu",Kathmandu,2500000,0,0,0.0,0,South East,,229,200 Sq. Feet,0 Feet,0 Feet,Unknown,N/A Sq. Feet,1 year ago,[],Sale,200.0,,12500.0,Thamel,0.0,,2.0,1,0,14.731801689838349,5.303304908059076,0.0040650406504065045,10956.90284879474,1760144.7166118652,42.03377576886381
"House For Sale In Thulo Bharyang, Kathmandu","Thulobharyang, Thulo Bharyang, Kathmandu",Kathmandu,22700000,5,2,3.0,0,West,,274,3.5 Aana,12 Feet / Gravelled,12 Feet ,Gravelled,N/A Sq. Feet,1 year ago,"['Balcony', 'TV Cable', 'Wifi', 'Drainage', 'Water Supply', 'Water Tank']",Sale,1197.875,,18950.22435562976,Thulo Bharyang,12.0,,2.0,1,6,16.937875526504495,7.089138896048115,0.003484320557491289,17823.228634039446,21765199.19545867,4.2949333757367025
"House For Sale In Basundhara, Kathmandu","Basundhara, Basundhara, Kathmandu",Kathmandu,19800000,9,0,3.0,0,South East,,316,3.5 Aana,12 Feet / Gravelled,12 Feet ,Gravelled,N/A Sq. Feet,1 year ago,"['Balcony', 'TV Cable', 'Wifi', 'Drainage', 'Water Supply', 'Water Tank']",Sale,1197.875,,16529.270583324636,Basundhara,12.0,,2.0,1,6,16.801192546169812,7.089138896048115,0.02148664343786295,17666.944128289193,20011516.059973914,-1.0569716923995507
"House For Sale In Raniban, Kathmandu","Raniban, Raniban, Kathmandu",Kathmandu,33500000,7,3,3.0,0,East,,353,6 Aana,14 Feet / Soil Stabilized,14 Feet ,Soil Stabilized,N/A Sq. Feet,1 year ago,"['Balcony', 'TV Cable', 'Wifi', 'Drainage', 'Water Supply', 'Water Tank']",Sale,2053.5,,16313.610908205503,Raniban,14.0,,2.0,1,6,17.32705602664604,7.627787788323465,0.0023228803716608595,6853.879565300664,24129295.349810857,38.835384599254766
"Business For Sale In Kapan, Kathmandu","Aakashedhara, Kapan, Kathmandu",Kathmandu,850000,0,0,0.0,0,North,,166,200 Sq. Feet,0 Feet,0 Feet,Unknown,N/A Sq. Feet,1 year ago,[],Sale,200.0,,4250.0,Kapan,0.0,,2.0,1,0,13.652992804936396,5.303304908059076,0.023228803716608595,14052.66270131135,885693.9003745065,-4.030049248325374
"Business For Sale In Sankhamul, Kathmandu","Nearby Livepool International School., Sankhamul, Kathmandu",Kathmandu,2500000,0,0,0.0,0,North,,213,300 Sq. Feet,0 Feet,0 Feet,Unknown,N/A Sq. Feet,1 year ago,[],Sale,300.0,,8333.333333333334,Sankhamul,0.0,,2.0,1,0,14.731801689838349,5.707110264748875,0.0040650406504065045,3287.070854638422,1590990.3542732783,57.13483072258681
"House For Sale In Baneshwor, Kathmandu","Buddhanagar, Baneshwor, Kathmandu",Kathmandu,52500000,0,0,3.0,0,West,,408,5 Aana,0 Feet,0 Feet,Unknown,N/A Sq. Feet,1 year ago,"['Balcony', 'TV Cable', 'Wifi', 'Drainage', 'Water Supply', 'Solar Water', 'Water Tank']",Sale,1711.25,,30679.327976625274,Baneshwor,0.0,,2.0,1,7,17.77632374660947,7.445563574078014,0.009291521486643438,6726.190476190476,39390356.29850374,33.28135344130978
"Business For Sale In Dhungedhara, Kathmandu","Near Nursury Chowk, Dhungedhara, Kathmandu",Kathmandu,630000,0,0,0.0,0,South East,,219,250 Sq. Feet,0 Feet,0 Feet,Unknown,N/A Sq. Feet,1 year ago,[],Sale,250.0,,2520.0,Dhungedhara,0.0,,2.0,1,0,13.353476685668044,5.5254529391317835,0.0023228803716608595,17292.851017880395,914753.2827999227,-31.128970855216348
"House For Sale In Nakhipot, Lalitpur","Near Kantipur Colony, Nakhipot, Lalitpur",Lalitpur,15100000,0,0,2.0,0,North,,551,3.2 Aana,0 Feet,0 Feet,Unknown,N/A Sq. Feet,1 year ago,"['Balcony', 'TV Cable', 'Wifi', 'Water Supply', 'Water Tank']",Sale,1095.2,,13787.436084733381,Nakhipot,0.0,,2.0,1,5,16.530205368010318,6.999604932612016,0.003484320557491289,12575.075075075074,16735446.635189319,-9.772351290287617
"House For Sale In Budhanilkantha, Kathmandu","Budhanilkantha, Budhanilkantha, Kathmandu",Kathmandu,25000000,6,4,3.0,3,West,,305,4.5 Aana,13 Feet / Soil Stabilized,13 Feet ,Soil Stabilized,N/A Sq. Feet,1 year ago,"['Balcony', 'TV Cable', 'Wifi', 'Drainage', 'Water Supply', 'Water Tank']",Sale,1540.125,,16232.448664881098,Budhanilkantha,13.0,,2.0,1,6,17.034386422832473,7.340267948188717,0.11382113821138211,13184.806428049671,26937225.500224356,-7.191629665825164
"House For Sale In Sitapaila, Kathmandu","Near Padma Colony, Sitapaila, Kathmandu",Kathmandu,17000000,4,4,3.0,0,North,,802,3.1 Aana,0 Feet,0 Feet,Unknown,N/A Sq. Feet,1 year ago,"['Balcony', 'TV Cable', 'Wifi', 'Drainage', 'Water Supply', 'Water Tank']",Sale,1060.9750000000001,,16022.9977143665,Sitapaila,0.0,,2.0,1,6,16.648723960844016,6.967885661035161,0.013937282229965157,14791.8188458729,17766587.34411693,-4.314769793821833
"Business For Sale In Imadol, Lalitpur","Nearby Kist Medical Collage, Imadol, Lalitpur",Lalitpur,1700000,0,0,0.0,0,South,,190,1200 Sq. Feet,0 Feet,0 Feet,Unknown,N/A Sq. Feet,1 year ago,[],Sale,1200.0,,1416.6666666666667,Imadol,0.0,,2.0,1,0,14.346139397261565,7.0909098220799835,0.050522648083623695,16278.8270896379,3065667.5124489935,-44.54715023411122
"Business For Sale In Jorpati, Kathmandu","Opposite to Jubi Petrol Pump, Jorpati, Kathmandu",Kathmandu,3500000,0,0,0.0,0,South,,288,1000 Sq. Feet,0 Feet,0 Feet,Unknown,N/A Sq. Feet,1 year ago,[],Sale,1000.0,,3500.0,Jorpati,0.0,,2.0,1,0,15.068273812173887,6.90875477931522,0.012195121951219513,6000.0,2419066.7518354957,44.68389503283997
"House For Sale In Samakhusi, Kathmandu","Samakhusi, Samakhusi, Kathmandu",Kathmandu,25500000,5,2,3.0,2,North,,1.1K,0-3-1-1 Aana,0 Feet,0 Feet,Unknown,N/A Sq. Feet,1 year ago,"['Balcony', 'TV Cable', 'Wifi', 'Drainage', 'Water Supply', 'Water Tank']",Sale,1133.703125,,22492.660942431467,Samakhusi,0.0,,2.0,1,6,17.05418904934434,7.034126331825054,0.018002322880371662,19104.343428667755,23025990.12195892,10.744423431684364
"Business For Sale In Taukhel, Lalitpur","Nearby KItini High School, Taukhel, Lalitpur",Lalitpur,600000,0,0,0.0,0,South West,,213,200 Sq. Feet,0 Feet,0 Feet,Unknown,N/A Sq. Feet,1 year ago,[],Sale,200.0,,3000.0,Taukhel,0.0,,2.0,1,0,13.304686600863562,5.303304908059076,0.0005807200929152149,3000.0,826099.2323360987,-27.369500356115832
"House For Sale In Gongabu, Kathmandu","Ganesthan, Gongabu, Kathmandu",Kathmandu,22500000,0,0,3.0,0,North,,449,3.5 Aana,0 Feet,0 Feet,Unknown,N/A Sq. Feet,1 year ago,"['Balcony', 'TV Cable', 'Wifi', 'Drainage', 'Water Supply', 'Water Tank']",Sale,1197.875,,18783.26202650527,Gongabu,0.0,,2.0,1,6,16.929025911619092,7.089138896048115,0.005807200929152149,18225.10307739723,22707681.0709379,-0.9145851145659226
"House For Sale In Samakhusi, Kathmandu","Samakhusi, Samakhusi, Kathmandu",Kathmandu,34500000,10,0,3.0,0,South,,266,4.2 Aana,6 Meter,6 Meter,Unknown,N/A Sq. Feet,1 year ago,"['Balcony', 'TV Cable', 'Wifi', 'Drainage', 'Water Supply', 'Solar Water', 'Water Tank']",Sale,1437.45,,24000.83481164562,Samakhusi,19.68504,,2.0,1,7,17.356469910987094,7.271321423958596,0.018002322880371662,19104.343428667755,32200910.073095113,7.139829034912432
"Business For Sale In Gaushala, Kathmandu","Pingalasthan, Gaushala, Kathmandu",Kathmandu,2000000,0,0,0.0,0,North,,207,250 Sq. Feet,0 Feet,0 Feet,Unknown,N/A Sq. Feet,1 year ago,[],Sale,250.0,,8000.0,Gaushala,0.0,,2.0,1,0,14.508658238524095,5.5254529391317835,0.0017421602787456446,8000.0,1813072.9377356477,10.309958213694708
"Business For Sale In Gokarneshwor, Kathmandu","Nearby Sarbeshwor Mandir, Nayabasti, Gokarneshwor, Kathmandu",Kathmandu,750000,0,0,0.0,0,North,,236,200 Sq. Feet,0 Feet,0 Feet,Unknown,N/A Sq. Feet,1 year ago,['Lawn'],Sale,200.0,,3750.0,Gokarneshwor,0.0,,2.0,1,1,13.527829818844937,5.303304908059076,0.0040650406504065045,271.3137848272983,944643.5545087439,-20.6049735458119
"Business For Sale In Naya Bazar, Kathmandu","Khusibu, Naya Bazar, Kathmandu",Kathmandu,300000,0,0,0.0,0,East,,169,150 Sq. Feet,0 Feet,0 Feet,Unknown,N/A Sq. Feet,1 year ago,[],Sale,150.0,,2000.0,Naya Bazar,0.0,,2.0,1,0,12.611541086966115,5.017279836814924,0.005807200929152149,9203.798392987583,575317.1871440632,-47.854851775029964
"Business For Sale In Samakhusi, Kathmandu","Kapurdhara, Samakhusi, Kathmandu",Kathmandu,550000,0,0,0.0,0,East,,189,250 Sq. Feet,0 Feet,0 Feet,Unknown,N/A Sq. Feet,1 year ago,['Water Supply'],Sale,250.0,,2200.0,Samakhusi,0.0,,2.0,1,1,13.217675375388819,5.5254529391317835,0.018002322880371662,19104.343428667755,778345.8894270753,-29.337328368902426
"Land For Sale In Basundhara, Kathmandu","Nearby Diyalo Party palace, Basundhara, Kathmandu",Kathmandu,4500000,0,0,0.0,0,North,,224,1-7-2-0 Ropani,12 Feet,12 Feet,Unknown,N/A Sq. Feet,1 year ago,[],Sale,8042.875,,559.5014220661144,Basundhara,12.0,,2.0,1,0,15.319588176962746,8.992666211239232,0.02148664343786295,17666.944128289193,3777511.6180008054,19.126039971825723
"Land For Sale In Kirtipur, Kathmandu","Bhatkeko Pati, Kirtipur, Kathmandu",Kathmandu,2100000,0,0,0.0,0,North West,,266,6 Aana,22 Feet,22 Feet,Unknown,N/A Sq. Feet,1 year ago,[],Sale,2053.5,,1022.6442658875092,Kirtipur,22.0,,2.0,1,0,14.557448378884015,7.627787788323465,0.008710801393728223,1168.736303871439,1914978.7927543828,9.661788837854154
"Land For Sale In Bode, Bhaktapur","Bode, Bode, Bhaktapur",Bhaktapur,2500000,0,0,0.0,0,North,,247,0-10-3-2 Aana,20 Feet,20 Feet,Unknown,N/A Sq. Feet,1 year ago,[],Sale,3721.96875,,671.6875309605971,Bode,20.0,,2.0,1,0,14.731801689838349,8.222276680069022,0.0011614401858304297,616.8514013838139,1969908.9158658534,26.90942103285778
"Land For Sale In Kalanki, Kathmandu","Dhungeadda, Kalanki, Kathmandu",Kathmandu,4000000,0,0,0.0,0,South,,221,5 Aana,20 Feet,20 Feet,Unknown,N/A Sq. Feet,1 year ago,[],Sale,1711.25,,2337.472607742878,Kalanki,20.0,,2.0,1,0,15.201805169084134,7.445563574078014,0.012195121951219513,2045.2885317750183,3245664.579220618,23.24132399905971
"Business For Sale In Kapan, Kathmandu","Nearby Prashanti Chowk., Kapan, Kathmandu",Kathmandu,450000,0,0,0.0,0,East,,207,150 Sq. Feet,0 Feet,0 Feet,Unknown,N/A Sq. Feet,1 year ago,[],Sale,150.0,,3000.0,Kapan,0.0,,2.0,1,0,13.017005083966255,5.017279836814924,0.023228803716608595,14052.66270131135,471324.11665407877,-4.524299924531398
"Business For Sale In Jorpati, Kathmandu","Namuna Chowk, Jorpati, Kathmandu",Kathmandu,1200000,0,0,0.0,0,South,,240,200 Sq. Feet,0 Feet,0 Feet,Unknown,N/A Sq. Feet,1 year ago,[],Sale,200.0,,6000.0,Jorpati,0.0,,2.0,1,0,13.997832948091215,5.303304908059076,0.012195121951219513,6000.0,1087288.9490967367,10.3662463411311
"Business For Sale In Nepaltar, Kathmandu","Near by Gramin School, Nepaltar, Kathmandu",Kathmandu,400000,0,0,0.0,0,East,,193,300 Sq. Feet,0 Feet,0 Feet,Unknown,N/A Sq. Feet,1 year ago,[],Sale,300.0,,1333.3333333333333,Nepaltar,0.0,,2.0,1,0,12.899222326086994,5.707110264748875,0.0011614401858304297,9432.188945702459,1786312.8050562097,-77.60750531106375
"Business For Sale In Maitidevi, Kathmandu","Opposite Citizen Bank, Maitidevi, Kathmandu",Kathmandu,750000,0,0,0.0,0,North,,228,500 Sq. Feet,0 Feet,0 Feet,Unknown,N/A Sq. Feet,1 year ago,['Water Supply'],Sale,500.0,,1500.0,Maitidevi,0.0,,2.0,1,1,13.527829818844937,6.2166061010848646,0.0017421602787456446,5478.45142439737,1107348.1042528907,-32.27062049236879
"Business For Sale In Balaju, Kathmandu","Bypass Chowk, Balaju, Kathmandu",Kathmandu,3500000,0,0,0.0,0,North,,198,500 Sq. Feet,0 Feet,0 Feet,Unknown,N/A Sq. Feet,1 year ago,[],Sale,500.0,,7000.0,Balaju,0.0,,2.0,1,0,15.068273812173887,6.2166061010848646,0.007549361207897794,8249.903321445452,2260480.372588849,54.83434593999913
"Business For Sale In Kumaripati, Lalitpur","Opposite to Prabhu Bank, Kumaripati, Lalitpur",Lalitpur,1500000,0,0,0.0,0,West,,220,600 Sq. Feet,0 Feet,0 Feet,Unknown,N/A Sq. Feet,1 year ago,['Water Supply'],Sale,600.0,,2500.0,Kumaripati,0.0,,2.0,1,1,14.220976332738882,6.398594934535208,0.0017421602787456446,3538.4615384615386,1710875.0682326655,-12.325567900787727
"Business For Sale In Koteshwor, Kathmandu","Nearby Mahadevsthan Mandir, Koteshwor, Kathmandu",Kathmandu,1300000,0,0,0.0,0,North East,,189,800 Sq. Feet,0 Feet,0 Feet,Unknown,N/A Sq. Feet,1 year ago,['Water Supply'],Sale,800.0,,1625.0,Koteshwor,0.0,,2.0,1,1,14.077875591662238,6.68586094706836,0.004645760743321719,1823.906416811822,1497625.135765645,-13.195901367174317
"Business For Sale In Chandragiri, Kathmandu","Chandragiri, Chandragiri, Kathmandu",Kathmandu,600000,0,0,0.0,0,South,,190,150 Sq. Feet,0 Feet,0 Feet,Unknown,N/A Sq. Feet,1 year ago,[],Sale,150.0,,4000.0,Chandragiri,0.0,,2.0,1,0,13.304686600863562,5.017279836814924,0.008130081300813009,1241.7823228634038,772358.0153435997,-22.31581881971182
"Business For Sale In Ekantakuna, Lalitpur","Nearby Kharibot, Ekantakuna, Lalitpur",Lalitpur,600000,0,0,0.0,0,South East,,169,500 Sq. Feet,0 Feet,0 Feet,Unknown,N/A Sq. Feet,1 year ago,[],Sale,500.0,,1200.0,Ekantakuna,0.0,,2.0,1,0,13.304686600863562,6.2166061010848646,0.0017421602787456446,1460.9203798392987,750680.0750872657,-20.072475624153114
"Business For Sale In Samakhusi, Kathmandu","Samakhusi, Samakhusi, Kathmandu",Kathmandu,650000,0,0,0.0,0,South,,239,1000 Sq. Feet,0 Feet,0 Feet,Unknown,N/A Sq. Feet,1 year ago,[],Sale,1000.0,,650.0,Samakhusi,0.0,,2.0,1,0,13.384729180332174,6.90875477931522,0.018002322880371662,19104.343428667755,2113019.699899316,-69.23833696245369
"Business For Sale In Kalanki, Kathmandu","Kalanki, Kalanki, Kathmandu",Kathmandu,450000,0,0,0.0,0,North,,198,500 Sq. Feet,0 Feet,0 Feet,Unknown,N/A Sq. Feet,1 year ago,[],Sale,500.0,,900.0,Kalanki,0.0,,2.0,1,0,13.017005083966255,6.2166061010848646,0.012195121951219513,2045.2885317750183,608430.3267349597,-26.03918966123036
"Business For Sale In Kalopul, Kathmandu","Kalopul, Kalopul, Kathmandu",Kathmandu,450000,0,0,0.0,0,South East,,236,1200 Sq. Feet,0 Feet,0 Feet,Unknown,N/A Sq. Feet,1 year ago,[],Sale,1200.0,,375.0,Kalopul,0.0,,2.0,1,0,13.017005083966255,7.0909098220799835,0.0011614401858304297,11485.284270757244,2371212.5889859414,-81.02236796100833
"Business For Sale In Pepsicola, Kathmandu","Pepsicola, Pepsicola, Kathmandu",Kathmandu,500000,0,0,0.0,0,South East,,203,200 Sq. Feet,0 Feet,0 Feet,Unknown,N/A Sq. Feet,1 year ago,[],Sale,200.0,,2500.0,Pepsicola,0.0,,2.0,1,0,13.122365377402328,5.303304908059076,0.009291521486643438,3246.4897329762193,701843.2176135023,-28.759018046770557
"House For Sale In Sukedhara, Kathmandu","Brindaban Colony, Sukedhara, Kathmandu",Kathmandu,52500000,5,4,3.0,4,South,,3.9K,15 Aana,13 Feet / Gravelled,13 Feet ,Gravelled,N/A Sq. Feet,1 year ago,"['Balcony', 'Garden', 'Modular Kitchen', 'TV Cable', 'Wifi', 'Drainage', 'Water Supply', 'Solar Water', 'Water Tank']",Sale,5133.75,,10226.442658875092,Sukedhara,13.0,,2.0,1,9,17.77632374660947,8.543786435685758,0.013356562137049941,20452.885317750184,62008279.44140253,-15.333886905195945
"Land For Sale In Godawari, Lalitpur","Taukhel, Godawari, Lalitpur",Lalitpur,1700000,0,0,0.0,0,South West,,294,5 aana Aana,20 Feet,20 Feet,Unknown,N/A Sq. Feet,1 year ago,[],Sale,1711.25,,993.4258582907231,Godawari,20.0,,2.0,1,0,14.346139397261565,7.445563574078014,0.005807200929152149,818.1154127100073,1532673.3590988303,10.917306020087228
"Land For Sale In Kadaghari, Kathmandu","Kadaghari, Kadaghari, Kathmandu",Kathmandu,2100000,0,0,0.0,0,South East,,322,3 Aana,20 Feet,20 Feet,Unknown,N/A Sq. Feet,1 year ago,[],Sale,1026.75,,2045.2885317750183,Kadaghari,20.0,,2.0,1,0,14.557448378884015,6.935127225777988,0.009291521486643438,11930.849768687607,4432758.237546289,-52.62543347813088
"Business For Sale In Old Baneshwor, Kathmandu","Old Baneshwor, Old Baneshwor, Kathmandu",Kathmandu,6000000,0,0,0.0,0,South,,317,1500 Sq. Feet,0 Feet,0 Feet,Unknown,N/A Sq. Feet,1 year ago,"['Drainage', 'Water Supply']",Sale,1500.0,,4000.0,Old Baneshwor,0.0,,2.0,1,2,15.607270193858982,7.313886831633462,0.0023228803716608595,11476.240301660317,4166610.3637544136,44.00194585494122
"Land For Sale In Lubhu, Lalitpur","Sirutar, Lubhu, Lalitpur, Lubhu, Lalitpur",Lalitpur,5860000,0,0,0.0,0,South West,,512,0-4-0-3 Aana,8 Meter / Gravelled,8 Meter ,Gravelled,N/A Aana,1 year ago,[],Sale,1433.171875,,4088.8326810069448,Lubhu,26.24672,,2.0,1,0,15.583660332201646,7.26834287102052,0.005807200929152149,1207.6941806671534,2711865.8798081605,116.0873826258156
"Land For Sale In Mahendrapul, Pokhara","Bastolathar, Mahendrapul, Pokhara",Pokhara,1500000,0,0,0.0,0,East,,266,30/36 Haat,20 Feet,20 Feet,Unknown,N/A Sq. Feet,1 year ago,[],Sale,2430.0,,617.283950617284,Mahendrapul,20.0,,2.0,1,0,14.220976332738882,7.796057974316123,0.0011614401858304297,8512.271800560087,5021971.502476888,-70.13125225302086
"Land For Sale In Narephate, Kathmandu","Narephate, Narephate, Kathmandu",Kathmandu,3400000,0,0,0.0,0,North,,263,7 Aana,20 Feet,20 Feet,Unknown,N/A Sq. Feet,1 year ago,[],Sale,2395.75,,1419.179797558176,Narephate,20.0,,2.0,1,0,15.039286283703994,7.781868931957106,0.0017421602787456446,16070.124178232287,5279480.149039137,-35.599719972073416
"House For Sale In Balambu, Kathmandu","Nearby Hariyali Basti, Balambu, Kathmandu",Kathmandu,20500000,7,5,0.0,0,South East,,389,5 Aana,14 Feet / Gravelled,14 Feet ,Gravelled,N/A Sq. Feet,1 year ago,"['Balcony', 'Garden', 'Modular Kitchen', 'Wifi', 'Drainage', 'Water Supply', 'Solar Water', 'Water Tank']",Sale,1711.25,,11979.54711468225,Balambu,14.0,,2.0,1,8,16.835935492889124,7.445563574078014,0.0017421602787456446,11979.54711468225,23086731.335232712,-11.204406971571137
"Land For Sale In Chandol, Kathmandu","Chandol, Chandol, Kathmandu",Kathmandu,5700000,0,0,0.0,0,East,,271,0-5-2-0 Aana,24 Feet,24 Feet,Unknown,N/A Sq. Feet,1 year ago,[],Sale,1882.375,,3028.089514576001,Chandol,24.0,,2.0,1,0,15.555976908243359,7.540820659121453,0.005226480836236934,3028.089514576001,4963978.3835534975,14.82725265051651
"BRIHAT HOUSING : House For Sale In Bhaisepati, Lalitpur","Khokana Dobato, Bhaisepati, Lalitpur",Lalitpur,39077000,4,4,3.0,1,South,2076.0,5K,0-8-2-0 Aana,16 Feet / Concrete,16 Feet ,Concrete,2300 Sq. Feet,1 year ago,"['Balcony', 'Fencing', 'Garden', 'TV Cable', 'Drainage', 'Water Supply', 'Water Tank']",Sale,2909.125,2300.0,13432.56133717183,Bhaisepati,16.0,2019.0,1.0,0,7,17.481044642173718,7.975951314569445,0.02264808362369338,10000.0,40957230.609247155,-4.590717148787507
"House For Sale In Chundevi, Kathmandu","Chundevi, Chundevi, Kathmandu",Kathmandu,31000000,8,3,4.0,1,South West,,385,4 Aana,14 Feet / Gravelled,14 Feet ,Gravelled,N/A Sq. Feet,1 year ago,"['Balcony', 'Garden', 'Drainage', 'Water Supply', 'Solar Water', 'Water Tank']",Sale,1369.0,,22644.26588750913,Chundevi,14.0,,2.0,1,6,17.249497794707484,7.222566018822171,0.0017421602787456446,4382.7611395178965,26685236.43220803,16.169103761749767
"House For Sale In Ekantakuna, Lalitpur","Ekantakuna, Ekantakuna, Lalitpur",Lalitpur,27000000,5,3,3.0,0,West,,418,0-3-1-2 Aana,22 Feet / Blacktopped,22 Feet ,Blacktopped,N/A Sq. Feet,1 year ago,"['Wifi', 'Drainage', 'Water Supply', 'Solar Water', 'Water Tank']",Sale,1155.09375,,23374.72607742878,Ekantakuna,22.0,,2.0,1,5,17.11134746100564,7.052802144559925,0.0017421602787456446,1460.9203798392987,17868885.40527082,51.100638834673816
"House For Sale In Dhapakhel, Lalitpur","Dhapakhel, Dhapakhel, Lalitpur",Lalitpur,21500000,0,0,3.0,0,South West,,854,0-4-2-0 Aana,10 Feet,10 Feet,Unknown,N/A Sq. Feet,1 year ago,"['Balcony', 'TV Cable', 'Drainage', 'Water Supply', 'Water Tank']",Sale,1540.125,,13959.905851797743,Dhapakhel,10.0,,2.0,1,5,16.88356353960952,7.340267948188717,0.005807200929152149,14214.98718796016,22537045.578686375,-4.601515203337588
"House For Sale In Lokanthali, Bhaktapur","Lokanthali, Lokanthali, Bhaktapur",Bhaktapur,25500000,0,0,4.0,0,South West,,333,5 Aana,10 Feet,10 Feet,Unknown,N/A Sq. Feet,1 year ago,"['Balcony', 'TV Cable', 'Drainage', 'Water Supply', 'Water Tank']",Sale,1711.25,,14901.387874360847,Lokanthali,10.0,,2.0,1,5,17.05418904934434,7.445563574078014,0.0023228803716608595,14019.348621556463,25747709.77375542,-0.9620652707834619
"Land For Sale In Budhanilkantha, Kathmandu","Pasikot, Budhanilkantha, Kathmandu",Kathmandu,2400000,0,0,0.0,0,East,,348,6 Aana,20 Feet / Gravelled,20 Feet ,Gravelled,N/A Sq. Feet,1 year ago,[],Sale,2053.5,,1168.736303871439,Budhanilkantha,20.0,,2.0,1,0,14.690979711984754,7.627787788323465,0.11382113821138211,13184.806428049671,3084738.329818832,-22.197614727958047
"House For Sale In Dhobighat, Lalitpur","Nayabato, Dhobighat, Lalitpur",Lalitpur,40000000,4,2,3.0,2,East,,385,8 Aana,20 Feet,20 Feet,Unknown,N/A Sq. Feet,1 year ago,"['Balcony', 'Garden', 'TV Cable', 'Drainage', 'Water Supply', 'Water Tank']",Sale,2738.0,,14609.203798392988,Dhobighat,20.0,,2.0,1,6,17.50439003707821,7.915348169263078,0.004645760743321719,12685.252820387956,40122181.58970964,-0.30452379424197645
"Land For Sale In Samakhusi, Kathmandu","Samakhusi, Samakhusi, Kathmandu",Kathmandu,3300000,0,0,0.0,0,South West,,302,10 Aana,10 Feet / Concrete,10 Feet ,Concrete,N/A Sq. Feet,1 year ago,[],Sale,3422.5,,964.2074506939372,Samakhusi,10.0,,2.0,1,0,15.009433329466965,8.138418698561118,0.018002322880371662,19104.343428667755,3910221.4535519406,-15.605802914247525
"House For Sale In Kapan, Kathmandu","Aakashedhara, Kapan, Kathmandu",Kathmandu,20000000,0,0,3.0,0,East,,592,4.2 Aana,12 Feet / Gravelled,12 Feet ,Gravelled,N/A Sq. Feet,1 year ago,"['Balcony', 'TV Cable', 'Wifi', 'Drainage', 'Water Supply', 'Solar Water', 'Water Tank']",Sale,1437.45,,13913.52742704094,Kapan,12.0,,2.0,1,7,16.811242881518265,7.271321423958596,0.023228803716608595,14052.66270131135,22515658.49636098,-11.172928816483715
"House For Sale In Tokha, Kathmandu","Near Veena's Residency, Tokha, Kathmandu",Kathmandu,32500000,0,0,3.0,0,East,,697,0-6-3-2 Aana,13 Feet / Gravelled,13 Feet ,Gravelled,N/A Sq. Feet,1 year ago,"['Balcony', 'TV Cable', 'Wifi', 'Drainage', 'Water Supply', 'Water Tank']",Sale,2352.96875,,13812.338136662462,Tokha,13.0,,2.0,1,6,17.296750678069195,7.763858012455979,0.020905923344947737,15806.346887427968,34761751.770987086,-6.506437839748896
"House For Sale In Budhanilkantha, Kathmandu","Bagaichaa Colony, Budhanilkantha, Kathmandu",Kathmandu,45000000,0,0,3.0,0,East,,480,8 Aana,20 Feet / Gravelled,20 Feet ,Gravelled,N/A Sq. Feet,1 year ago,"['Balcony', 'TV Cable', 'Wifi', 'Drainage', 'Water Supply', 'Water Tank']",Sale,2738.0,,16435.35427319211,Budhanilkantha,20.0,,2.0,1,6,17.622173069956816,7.915348169263078,0.11382113821138211,13184.806428049671,47116367.06861246,-4.491787462158384
"House For Sale In Budhanilkantha, Kathmandu","Nearby Hepali Height, Budhanilkantha, Kathmandu",Kathmandu,21500000,4,3,3.0,0,West,,295,4 Aana,4 Meter / Blacktopped,4 Meter ,Blacktopped,N/A Sq. Feet,1 year ago,"['Balcony', 'TV Cable', 'Drainage', 'Water Supply', 'Water Tank']",Sale,1369.0,,15704.894083272462,Budhanilkantha,13.12336,,2.0,1,5,16.88356353960952,7.222566018822171,0.11382113821138211,13184.806428049671,23642712.781083964,-9.0628888525783
"Land For Sale In Budhanilkantha, Kathmandu","Taulung, Budhanilkantha, Kathmandu",Kathmandu,1200000,0,0,0.0,0,South East,,481,11 Aana,13 Feet / Soil Stabilized,13 Feet ,Soil Stabilized,N/A Sq. Feet,1 year ago,[],Sale,3764.75,,318.7462646922106,Budhanilkantha,13.0,,2.0,1,0,13.997832948091215,8.233702323582925,0.11382113821138211,13184.806428049671,2408099.866618794,-50.168179624339395
"Land For Sale In Maharajgunj, Kathmandu","Chappal Karkhana, Maharajgunj, Kathmandu",Kathmandu,3300000,0,0,0.0,0,South,,299,4 Aana,20 Feet / Soil Stabilized,20 Feet ,Soil Stabilized,N/A Sq. Feet,1 year ago,[],Sale,1369.0,,2410.518626734843,Maharajgunj,20.0,,2.0,1,0,15.009433329466965,7.222566018822171,0.011614401858304297,20270.270270270274,3048360.569301397,8.254910302696638
"House For Sale In Teku, Kathmandu","Pachali, Bhairav, Teku, Kathmandu",Kathmandu,70000000,0,0,3.0,5,South,,298,1 Ropani,20 Feet / Blacktopped,20 Feet ,Blacktopped,N/A Sq. Feet,1 year ago,"['Balcony', 'TV Cable', 'Wifi', 'Drainage', 'Water Supply', 'Solar Water', 'Water Tank']",Sale,5476.0,,12783.053323593864,Teku,20.0,,2.0,1,7,18.064005814299346,8.608312784783722,0.0017421602787456446,12783.053323593864,67825765.0954323,3.2056179558144446
"House For Sale In Budhanilkantha, Kathmandu","Rudhreshwor Chowk, Budhanilkantha, Kathmandu",Kathmandu,47500000,0,0,0.0,4,West,,258,8 Aana,16 Feet / Gravelled,16 Feet ,Gravelled,N/A Sq. Feet,1 year ago,"['Balcony', 'TV Cable', 'Wifi', 'Drainage', 'Water Supply', 'Solar Water', 'Water Tank']",Sale,2738.0,,17348.42951059167,Budhanilkantha,16.0,,2.0,1,7,17.6762402900575,7.915348169263078,0.11382113821138211,13184.806428049671,37702782.34771281,25.985396944800094
"Land For Sale In Patan, Lalitpur","Chakupat, Patan, Lalitpur",Lalitpur,3500000,0,0,0.0,0,North,,461,20 Aana,13 Feet / Blacktopped,13 Feet ,Blacktopped,N/A Sq. Feet,1 year ago,[],Sale,6845.0,,511.3221329437546,Patan,13.0,,2.0,1,0,15.068273812173887,8.831419819090131,0.0029036004645760743,2333.3333333333335,5763374.273895669,-39.27168645193285
"Miyapatan Land 20×40 : Land For Sale In Bajha Patan, Pokhara","Bajhapatan 13 pokhara, Bajha Patan, Pokhara",Pokhara,12500000,0,0,0.0,0,North,,335,159 Sq. Meter,6 Meter / Blacktopped,6 Meter ,Blacktopped,159 Sq. Meter,1 year ago,"['Fencing', 'Water Supply']",Sale,1711.4601,1711.4601,7303.705181324414,Bajha Patan,19.68504,,2.0,1,2,16.341239282272525,7.445686270594875,0.0011614401858304297,3687.694884569017,7603602.477544235,64.39575894342616
"Apartment For Sale In Baluwatar, Kathmandu","Baluwatar, Baluwatar, Kathmandu",Kathmandu,25000000,3,3,0.0,0,South East,,710,1800 Sq. Feet,0 Feet,0 Feet,Unknown,N/A Sq. Feet,1 year ago,"['Air Condition', 'Balcony', 'TV Cable', 'Wifi', 'Drainage', 'Water Supply']",Sale,1800.0,,13888.888888888889,Baluwatar,0.0,,2.0,1,6,17.034386422832473,7.496097345175956,0.02032520325203252,19576.333089846605,28229264.942032825,-11.439422700746674
"Apartment For Sale In Bishal Nagar, Kathmandu","Central Park Apartment, Bishal Nagar, Kathmandu",Kathmandu,45000000,4,4,0.0,0,North East,,416,3700 Sq. Feet,0 Feet,0 Feet,Unknown,N/A Sq. Feet,1 year ago,"['Air Condition', 'Gym', 'Wifi', 'Water Supply']",Sale,3700.0,,12162.162162162162,Bishal Nagar,0.0,,2.0,1,4,17.622173069956816,8.216358332386156,0.0017421602787456446,12162.162162162162,44582533.61006626,0.936390007766367
"Apartment For Sale In Bishal Nagar, Kathmandu","Central Park Apartment, Bishal Nagar, Kathmandu",Kathmandu,45000000,4,4,0.0,0,North East,,602,3700 Sq. Feet,0 Feet,0 Feet,Unknown,N/A Sq. Feet,1 year ago,"['Air Condition', 'Gym', 'Wifi', 'Water Supply']",Sale,3700.0,,12162.162162162162,Bishal Nagar,0.0,,2.0,1,4,17.622173069956816,8.216358332386156,0.0017421602787456446,12162.162162162162,44582533.61006626,0.936390007766367
"Apartment For Sale In Kamalpokhari, Kathmandu","Kamalpokhari, Kamalpokhari, Kathmandu",Kathmandu,35000000,3,3,0.0,0,South East,,591,2450 Sq. Feet,0 Feet,0 Feet,Unknown,N/A Sq. Feet,1 year ago,"['Balcony', 'Gym', 'TV Cable', 'Wifi', 'Drainage', 'Water Supply']",Sale,2450.0,,14285.714285714286,Kamalpokhari,0.0,,2.0,1,6,17.370858648025116,7.804251383528112,0.0029036004645760743,16176.470588235294,33819277.05152648,3.4912719945922883
"Land For Sale In Chandol, Kathmandu","Chandol, Chandol, Kathmandu",Kathmandu,3700000,0,0,0.0,0,South,,235,21 Aana,18 Feet,18 Feet,Unknown,N/A Sq. Feet,1 year ago,[],Sale,7187.25,,514.8005148005147,Chandol,18.0,,2.0,1,0,15.123843647884687,8.880203027487838,0.005226480836236934,3028.089514576001,5607690.443426062,-34.01918245438213
"House For Sale In Jorpati, Kathmandu","Jorpati, Jorpati, Kathmandu",Kathmandu,11400000,0,0,1.0,0,South,,377,3 Aana,13 Feet / Gravelled,13 Feet ,Gravelled,N/A Sq. Feet,1 year ago,"['TV Cable', 'Wifi', 'Drainage', 'Water Supply', 'Water Tank']",Sale,1026.75,,11102.99488677867,Jorpati,13.0,,2.0,1,5,16.249124001084017,6.935127225777988,0.012195121951219513,6000.0,12246266.297599828,-6.91040254257487
"House For Sale In Chabahil, Kathmandu","Nearby, Gopikrishna flim hall, Chabahil, Kathmandu",Kathmandu,11400000,0,0,3.0,0,South,,560,0-2-2-1 Aana,10 Feet / Soil Stabilized,10 Feet ,Soil Stabilized,N/A Sq. Feet,1 year ago,"['Balcony', 'TV Cable', 'Wifi', 'Drainage', 'Water Supply', 'Water Tank']",Sale,877.015625,,12998.628160131126,Chabahil,10.0,,2.0,1,6,16.249124001084017,6.77766438960433,0.0156794425087108,4515.572083139651,15915323.414401986,-28.370918371134135
"Land For Sale In Chandol, Kathmandu","Chandol, Chandol, Kathmandu",Kathmandu,4000000,0,0,0.0,0,South East,,253,20 Aana,13 Feet,13 Feet,Unknown,N/A Sq. Feet,1 year ago,[],Sale,6845.0,,584.3681519357195,Chandol,13.0,,2.0,1,0,15.201805169084134,8.831419819090131,0.005226480836236934,3028.089514576001,4821341.173240003,-17.035533137515994
"Land For Sale In Kapan, Kathmandu","Nearby, Silvershine School, Kapan, Kathmandu",Kathmandu,1750000,0,0,0.0,0,South,,294,3 Aana,32 Feet / Soil Stabilized,32 Feet ,Soil Stabilized,N/A Sq. Feet,1 year ago,[],Sale,1026.75,,1704.4071098125153,Kapan,32.0,,2.0,1,0,14.375126917328105,6.935127225777988,0.023228803716608595,14052.66270131135,1788291.8652024802,-2.1412536704764698
"Land For Sale In Baluwatar, Kathmandu","Behind Kalika tower, Baluwatar, Kathmandu",Kathmandu,4800000,0,0,0.0,0,East,,399,8 Aana,15 Feet,15 Feet,Unknown,N/A Sq. Feet,1 year ago,[],Sale,2738.0,,1753.1044558071585,Baluwatar,15.0,,2.0,1,0,15.38412668421143,7.915348169263078,0.02032520325203252,19576.333089846605,4283102.055703029,12.068307912689399
"House For Sale In Jorpati, Kathmandu","Jorpati Nayabasti, Jorpati, Kathmandu",Kathmandu,12000000,4,0,1.0,0,East,,623,3.2 Aana,12 Feet / Soil Stabilized,12 Feet ,Soil Stabilized,N/A Sq. Feet,1 year ago,[],Sale,1095.2,,10956.90284879474,Jorpati,12.0,,2.0,1,0,16.300417291085605,6.999604932612016,0.012195121951219513,6000.0,10935235.832964057,9.737002322585782
"Land For Sale In Changunarayan, Bhaktapur","Dachhi, Changunarayan, Bhaktapur",Bhaktapur,366666,0,0,0.0,0,South,,288,3 Aana,13 Feet / Soil Stabilized,13 Feet ,Soil Stabilized,N/A Sq. Feet,1 year ago,[],Sale,1026.75,,357.1132213294375,Changunarayan,13.0,,2.0,1,0,12.812209358190985,6.935127225777988,0.003484320557491289,774.2878013148284,931769.1039948808,-60.64840544422962
"House For Sale In Maharajgunj, Kathmandu","Near Chappal Factory, Maharajgunj, Kathmandu",Kathmandu,180000000,0,0,3.0,0,South East,,4.1K,3.5 Ropani,13 Feet,13 Feet,Unknown,N/A Ropani,1 year ago,"['Garage', 'Balcony', 'Garden', 'Modular Kitchen', 'TV Cable', 'Wifi', 'Drainage', 'Water Supply', 'Water Tank']",Sale,19166.0,,9391.631013252634,Maharajgunj,13.0,,2.0,1,9,19.00846741441004,9.860945329270454,0.011614401858304297,20270.270270270274,123643427.78588618,45.57991736666078
"Land For Sale In Chovar, Kathmandu","Chovar, Chovar, Kathmandu",Kathmandu,1500000,0,0,0.0,0,East,,353,0-3-3-1 Aana,20 Feet,20 Feet,Unknown,N/A Sq. Feet,1 year ago,[],Sale,1304.828125,,1149.576692332563,Chovar,20.0,,2.0,1,0,14.220976332738882,7.17459269704103,0.0017421602787456446,243.48672997321646,1161349.7499394787,29.160057086865464
"Land For Sale In Budhanilkantha, Kathmandu","Budhanilkantha, Budhanilkantha, Kathmandu",Kathmandu,2700000,0,0,0.0,0,South,,215,4.2 Aana,12 Feet / Soil Stabilized,12 Feet ,Soil Stabilized,N/A Sq. Feet,1 year ago,[],Sale,1437.45,,1878.326202650527,Budhanilkantha,12.0,,2.0,1,0,14.80876270134486,7.271321423958596,0.11382113821138211,13184.806428049671,2893450.4986993233,-6.685806402642243
"Land For Sale In Bhaktapur, Bhaktapur","Chhaaling, Bhaktapur, Bhaktapur",Bhaktapur,1050000,0,0,0.0,0,South East,,289,14 Aana,20 Feet / Soil Stabilized,20 Feet ,Soil Stabilized,N/A Sq. Feet,1 year ago,[],Sale,4791.5,,219.1380569758948,Bhaktapur,20.0,,2.0,1,0,13.864301674514206,8.4748074749198,0.0040650406504065045,1022.6442658875092,1248096.2468512699,-15.87187265012873
"House For Sale In Tikathali, Lalitpur","Mahalaxmi Nagarpalika-4, Tikathali, Lalitpur",Lalitpur,14500000,10,0,3.0,4,East,,383,3.1 Aana,10 Feet,10 Feet,Unknown,N/A Sq. Feet,1 year ago,"['Balcony', 'TV Cable', 'Wifi', 'Drainage', 'Water Supply', 'Water Tank']",Sale,1060.9750000000001,,13666.67452107731,Tikathali,10.0,,2.0,1,6,16.489659276356317,6.967885661035161,0.011033681765389082,11687.36303871439,15271413.796219753,-5.0513580897841095
"House For Sale In Maharajgunj, Kathmandu","Maharajgunj, Maharajgunj, Kathmandu",Kathmandu,36500000,3,4,0.0,0,North East,,608,4 Aana,13 Feet,13 Feet,Unknown,N/A Sq. Feet,1 year ago,"['Air Condition', 'Balcony', 'TV Cable', 'Wifi', 'Drainage', 'Water Supply']",Sale,1369.0,,26661.796932067202,Maharajgunj,13.0,,2.0,1,6,17.41282284594998,7.222566018822171,0.011614401858304297,20270.270270270274,31910245.123447362,14.383326918351145
"Land For Sale In Kapan, Kathmandu","Aakashedhara Height, Kapan, Kathmandu",Kathmandu,1300000,0,0,0.0,0,South,,370,4 Aana,8 Feet / Soil Stabilized,8 Feet ,Soil Stabilized,N/A Sq. Feet,1 year ago,[],Sale,1369.0,,949.5982468955442,Kapan,8.0,,2.0,1,0,14.077875591662238,7.222566018822171,0.023228803716608595,14052.66270131135,1995513.3648476764,-34.853856511292626
"Land For Sale In Bhangal, Kathmandu","Bhangal Height, Bhangal, Kathmandu",Kathmandu,2000000,0,0,0.0,0,South East,,252,9 Aana,16 Feet / Blacktopped,16 Feet ,Blacktopped,N/A Sq. Feet,1 year ago,[],Sale,3080.25,,649.2979465952438,Bhangal,16.0,,2.0,1,0,14.508658238524095,8.033090637791,0.012775842044134728,17531.044558071586,4553130.587587393,-56.07417881990165
"Land For Sale In Sankhu, Kathmandu","Dachindhoka, Sankhu, Kathmandu",Kathmandu,1400000,0,0,0.0,0,East,,222,4 Aana,10 Feet / Soil Stabilized,10 Feet ,Soil Stabilized,N/A Sq. Feet,1 year ago,[],Sale,1369.0,,1022.6442658875092,Sankhu,10.0,,2.0,1,0,14.151983508870947,7.222566018822171,0.0017421602787456446,701.2417823228634,1346156.4381416258,3.9997997508153955
"Land For Sale In Ram Bazar, Pokhara","Ram Bazar, Ram Bazar, Pokhara",Pokhara,700000,0,0,0.0,0,South East,,329,25/50 Haat,15 Feet,15 Feet,Unknown,N/A Sq. Feet,1 year ago,[],Sale,2812.5,,248.88888888888889,Ram Bazar,15.0,,2.0,1,0,13.45883704259595,7.942184538873334,0.0023228803716608595,13495.078089672685,3532507.1898394357,-80.18404599392146
"House For Sale In Kapan, Kathmandu","Shiva Mandir, Kapan, Kathmandu",Kathmandu,24000000,7,0,3.0,4,South,,312,4 Aana,16 Feet / Soil Stabilized,16 Feet ,Soil Stabilized,N/A Sq. Feet,1 year ago,"['Balcony', 'TV Cable', 'Wifi', 'Drainage', 'Water Supply', 'Water Tank']",Sale,1369.0,,17531.044558071586,Kapan,16.0,,2.0,1,6,16.993564429978885,7.222566018822171,0.023228803716608595,14052.66270131135,20874187.561262064,14.974534599558556
"Land For Sale In Chauthe, Pokhara","Chauthe, Chauthe, Pokhara",Pokhara,15000000,0,0,0.0,0,North,,262,25/60 Haat,20 Feet,20 Feet,Unknown,N/A Sq. Feet,1 year ago,[],Sale,3375.0,,4444.444444444444,Chauthe,20.0,,2.0,1,0,16.52356082573315,8.124446855715847,0.003484320557491289,711.1111111111111,4432455.967361701,238.41283727243305
"House For Sale In Kapan, Kathmandu","Aakaashe Dhara, Kapan, Kathmandu",Kathmandu,20400000,11,0,3.0,4,South,,299,4 Aana,20 Feet / Blacktopped,20 Feet ,Blacktopped,N/A Sq. Feet,1 year ago,"['Balcony', 'TV Cable', 'Wifi', 'Drainage', 'Water Supply', 'Water Tank']",Sale,1369.0,,14901.387874360847,Kapan,20.0,,2.0,1,6,16.83104550783405,7.222566018822171,0.023228803716608595,14052.66270131135,24114049.745328877,-15.402015773183534
"House For Sale In Pokhara, Pokhara","Nearby Kaski Modernize School, Pokhara, Pokhara",Pokhara,27000000,0,0,2.0,0,South East,,973,4.5 Aana,20 Feet,20 Feet,Unknown,N/A Sq. Feet,1 year ago,[],Sale,1540.125,,17531.044558071586,Pokhara,20.0,,2.0,1,0,17.11134746100564,7.340267948188717,0.011033681765389082,3638.0896618566194,20252769.756920412,33.31509874482252
"House For Sale In Ram Bazar, Pokhara","Near Buddha Chowk, Ram Bazar, Pokhara",Pokhara,30000000,0,0,3.0,0,North East,,458,4 Aana,20 Feet,20 Feet,Unknown,N/A Sq. Feet,1 year ago,[],Sale,1369.0,,21913.80569758948,Ram Bazar,20.0,,2.0,1,0,17.216707972959764,7.222566018822171,0.0023228803716608595,13495.078089672685,26859373.0559205,11.692852761457976
"Land For Sale In Pokhara, Pokhara","Nearby Kaski Modernai School, Pokhara, Pokhara",Pokhara,18000000,0,0,0.0,0,South East,,438,22/58 Haat,20 Feet,20 Feet,Unknown,N/A Sq. Feet,1 year ago,[],Sale,2871.0,,6269.592476489028,Pokhara,20.0,,2.0,1,0,16.705882371415992,7.962763930168115,0.011033681765389082,3638.0896618566194,5492630.593797226,227.71182573842162
"House For Sale In Fulbari, Pokhara","Fulbari, Pokhara, Fulbari, Pokhara",Pokhara,35000000,0,0,4.0,0,North West,,439,7 Aana,15 Feet,15 Feet,Unknown,N/A Sq. Feet,1 year ago,[],Sale,2395.75,,14609.203798392988,Fulbari,15.0,,2.0,1,0,17.370858648025116,7.781868931957106,0.0011614401858304297,7976.625273922571,33171724.222973876,5.511548826153293
"Land For Sale In Pokhara, Pokhara","Near Ghale Chowk, Pokhara, Pokhara",Pokhara,600000,0,0,0.0,0,South,,404,70/38 Haat,20 Feet,20 Feet,Unknown,N/A Sq. Feet,1 year ago,[],Sale,5985.0,,100.25062656641605,Pokhara,20.0,,2.0,1,0,13.304686600863562,8.697178688412643,0.011033681765389082,3638.0896618566194,4071290.3262129063,-85.26265748878397
"Land For Sale In Pokhara, Pokhara","Near Ghale Chowk, Pokhara, Pokhara",Pokhara,16300000,0,0,0.0,0,South East,,404,18/63 Sq. Feet,20 Feet,20 Feet,Unknown,N/A Sq. Feet,1 year ago,[],Sale,1134.0,,14373.89770723104,Pokhara,20.0,,2.0,1,0,16.60667572712668,7.034387929915503,0.011033681765389082,3638.0896618566194,5317089.432662496,206.5586954372119
"Land For Sale In Pokhara, Pokhara","Amarsingh Chowk, Pokhara, Pokhara",Pokhara,1150000,0,0,0.0,0,East,,543,25/50 Haat,20 Feet,20 Feet,Unknown,N/A Sq. Feet,1 year ago,[],Sale,2812.5,,408.8888888888889,Pokhara,20.0,,2.0,1,0,13.955273369904273,7.942184538873334,0.011033681765389082,3638.0896618566194,4472199.5284929685,-74.28558380114305
"Land For Sale In Ram Bazar, Pokhara","Nearby Marigold School, Ram Bazar, Pokhara",Pokhara,6500000,0,0,0.0,0,South East,,350,15/35 Sq. Feet,12 Feet,12 Feet,Unknown,N/A Sq. Feet,1 year ago,[],Sale,525.0,,12380.952380952382,Ram Bazar,12.0,,2.0,1,0,15.687312888712007,6.26530121273771,0.0023228803716608595,13495.078089672685,3421390.673853543,89.98122750708826
"Land For Sale In Kapan, Kathmandu","Kapan Height, Kapan, Kathmandu",Kathmandu,700000,0,0,0.0,0,South,,358,4.2 Aana,32 Feet / Soil Stabilized,32 Feet ,Soil Stabilized,N/A Sq. Feet,1 year ago,[],Sale,1437.45,,486.9734599464329,Kapan,32.0,,2.0,1,0,13.45883704259595,7.271321423958596,0.023228803716608595,14052.66270131135,1560988.0774800219,-55.15660817025305
"Land For Sale In Sunakothi, Lalitpur","Sunakothi, Sunakothi, Lalitpur",Lalitpur,1400000,0,0,0.0,0,North,,348,0-4-3-3 Aana,13 Feet,13 Feet,Unknown,N/A Sq. Feet,1 year ago,[],Sale,1689.859375,,828.471304010134,Sunakothi,13.0,,2.0,1,0,14.151983508870947,7.432992184588958,0.0005807200929152149,828.471304010134,1623281.5428343741,-13.754948660631442
"R&S Real Estate : Land For Sale In Shantinagar, Kathmandu","Baneshwor, Shantinagar, Kathmandu",Kathmandu,35700000,0,0,0.0,0,West,,365,8-2-0 Aana,12 Feet,12 Feet,Unknown,N/A Aana,1 year ago,[],Sale,2909.125,,12271.731190650109,Shantinagar,12.0,,2.0,1,0,17.390661274761072,7.975951314569445,0.0029036004645760743,19104.343428667755,9075877.76387483,293.3503836080571
"Land For Sale In Kapan, Kathmandu","Paiyatar, Kapan, Kathmandu",Kathmandu,1100000,0,0,0.0,0,South,,401,3.2 Aana,20 Feet / Soil Stabilized,20 Feet ,Soil Stabilized,N/A Sq. Feet,1 year ago,[],Sale,1095.2,,1004.3827611395178,Kapan,20.0,,2.0,1,0,13.910821646859095,6.999604932612016,0.023228803716608595,14052.66270131135,1926862.7377094806,-42.91238402857886
"House For Sale In Mulpani, Kathmandu","Mulpani, Mulpani, Kathmandu",Kathmandu,16000000,7,6,5.0,4,South East,,317,3.1 Aana,14 Feet / Gravelled,14 Feet ,Gravelled,N/A Sq. Feet,1 year ago,"['Balcony', 'TV Cable', 'Wifi', 'Drainage', 'Water Supply', 'Solar Water', 'Water Tank']",Sale,1060.9750000000001,,15080.468437050824,Mulpani,14.0,,2.0,1,7,16.588099342704055,6.967885661035161,0.007549361207897794,1623.2448664881097,19549818.884521537,-18.15780957097299
"Land For Sale In Kapan, Kathmandu","Simaltar, Kapan, Kathmandu",Kathmandu,2700000,0,0,0.0,0,South,,207,4 Aana,20 Feet / Soil Stabilized,20 Feet ,Soil Stabilized,N/A Sq. Feet,1 year ago,[],Sale,1369.0,,1972.2425127830534,Kapan,20.0,,2.0,1,0,14.80876270134486,7.222566018822171,0.023228803716608595,14052.66270131135,2171584.1454695356,24.333197294374763
"House For Sale In Tikathali, Lalitpur","Tikathali, Tikathali, Lalitpur",Lalitpur,9000000,4,1,1.0,0,West,,535,3.2 Aana,10 Feet / Soil Stabilized,10 Feet ,Soil Stabilized,N/A Sq. Feet,1 year ago,"['Water Supply', 'Water Tank']",Sale,1095.2,,8217.677136596056,Tikathali,10.0,,2.0,1,2,16.012735246411598,6.999604932612016,0.011033681765389082,11687.36303871439,8804577.088121224,2.219560461824253
"House For Sale In Tokha, Kathmandu","Tokha, Tokha, Kathmandu",Kathmandu,13000000,2,1,0.0,0,West,,300,4 Aana,15 Feet / Soil Stabilized,15 Feet ,Soil Stabilized,N/A Sq. Feet,1 year ago,"['TV Cable', 'Wifi', 'Water Supply', 'Water Tank']",Sale,1369.0,,9495.982468955443,Tokha,15.0,,2.0,1,4,16.380459992348886,7.222566018822171,0.020905923344947737,15806.346887427968,13078504.933650399,-0.6002592348947241
"Land For Sale In Tarkeshwor, Kathmandu","Goldhunga, Tarkeshwor, Kathmandu",Kathmandu,1800000,0,0,0.0,0,West,,313,6 Aana,26 Feet / Soil Stabilized,26 Feet ,Soil Stabilized,N/A Sq. Feet,1 year ago,[],Sale,2053.5,,876.5522279035793,Tarkeshwor,26.0,,2.0,1,0,14.403297778421795,7.627787788323465,0.005807200929152149,10993.425858290724,1987336.894086571,-9.426529273622508
"Land For Sale In Dhampus, Kaski","Dhampus, Dhampus, Kaski",Kaski,900000,0,0,0.0,0,South,,218,20/45 Haat,20 Feet,20 Feet,Unknown,N/A Sq. Feet,1 year ago,[],Sale,2025.0,,444.44444444444446,Dhampus,20.0,,2.0,1,0,13.710151153416941,7.613818684808629,0.0011614401858304297,99830.43093462012,7632695.879493996,-88.20862229794926
"Land For Sale In Tarkeshwor, Kathmandu","Goldhunga, Tarkeshwor, Kathmandu",Kathmandu,1600000,0,0,0.0,0,West,,233,4 Aana,26 Feet / Soil Stabilized,26 Feet ,Soil Stabilized,N/A Sq. Feet,1 year ago,[],Sale,1369.0,,1168.736303871439,Tarkeshwor,26.0,,2.0,1,0,14.285514812209815,7.222566018822171,0.005807200929152149,10993.425858290724,1992634.2932943418,-19.704282648132857
"House For Sale In Ram Bazar, Pokhara","Ram Bazar, Ram Bazar, Pokhara",Pokhara,25000000,0,0,0.0,0,South East,,634,5 Aana,20 Feet / Gravelled,20 Feet ,Gravelled,N/A Sq. Feet,1 year ago,"['Balcony', 'TV Cable', 'Drainage', 'Water Supply', 'Water Tank']",Sale,1711.25,,14609.203798392988,Ram Bazar,20.0,,2.0,1,5,17.034386422832473,7.445563574078014,0.0023228803716608595,13495.078089672685,25130446.73990965,-0.5190784758413646
"Land For Sale In Dadikot, Bhaktapur","Chitrapur, Dadikot, Bhaktapur",Bhaktapur,1800000,0,0,0.0,0,South,,217,3.2 Aana,20 Feet,20 Feet,Unknown,N/A Sq. Feet,1 year ago,[],Sale,1095.2,,1643.535427319211,Dadikot,20.0,,2.0,1,0,14.403297778421795,6.999604932612016,0.0029036004645760743,10541.543132958077,4053670.129258931,-55.595794857410716
"House For Sale Inside Ringroad : House For Sale In Basundhara, Kathmandu","Basundhara, Basundhara, Kathmandu",Kathmandu,19500000,3,3,3.0,1,South East,2075.0,1.6K,0-2-3-0 Aana,12 Feet / Paved,12 Feet ,Paved,N/A Sq. Feet,1 year ago,"['Garage', 'Balcony', 'Deck', 'Frontyard', 'Modular Kitchen', 'TV Cable', 'Wifi']",Sale,941.1875,,20718.50720499369,Basundhara,12.0,2018.0,2.0,0,7,16.785925074816024,6.848204299355605,0.02148664343786295,17666.944128289193,20183486.3995517,-3.3863644071268175
"House For Sale In Kapan, Kathmandu","Simaltar, Kapan, Kathmandu",Kathmandu,17000000,4,3,3.0,4,East,,1.5K,3.2 Aana,13 Feet / Blacktopped,13 Feet ,Blacktopped,N/A Sq. Feet,1 year ago,"['Balcony', 'TV Cable', 'Wifi', 'Drainage', 'Water Tank']",Sale,1095.2,,15522.279035792548,Kapan,13.0,,2.0,1,5,16.648723960844016,6.999604932612016,0.023228803716608595,14052.66270131135,17792733.87071781,-4.4553797998543745
"House For Sale In Dhumbarahi, Kathmandu","Dhumbarahi, Dhumbarahi, Kathmandu",Kathmandu,38000000,10,0,0.0,3,South,,377,7 Aana,10 Feet,10 Feet,Unknown,N/A Sq. Feet,1 year ago,"['Balcony', 'TV Cable', 'Drainage', 'Water Supply', 'Water Tank']",Sale,2395.75,,15861.421266826672,Dhumbarahi,10.0,,2.0,1,5,17.453096744006448,7.781868931957106,0.008130081300813009,16950.42235582776,37237082.46263394,2.04881125725041
"House For Sale In Kapan, Kathmandu","Kapan, Kathmandu, Kapan, Kathmandu",Kathmandu,20000000,1,1,3.0,1,West,2075.0,499,0-3-2-0 Aana,13 Feet,13 Feet,Unknown,0-3-2-0 Aana,1 year ago,"['Garage', 'Balcony', 'Modular Kitchen', 'Drainage', 'Water Tank', 'Water Well', 'Backyard']",Sale,1197.875,1197.875,16696.23291244913,Kapan,13.0,2018.0,2.0,0,7,16.811242881518265,7.089138896048115,0.023228803716608595,14052.66270131135,19701551.223573107,1.5148491255338092
"House No. 134 : House For Sale In Harisiddhi, Lalitpur","Southern height housing, Thaiba, Harisiddhi, Lalitpur",Lalitpur,25000000,3,3,2.0,1,South West,,15K,0-5-2-0 Aana,0 Feet,0 Feet,Unknown,N/A Aana,1 year ago,"['Balcony', 'Fencing', 'Frontyard', 'Garden', 'TV Cable', 'Drainage', 'Water Supply', 'Solar Water', 'Water Tank']",Sale,1882.375,,13281.094362175443,Harisiddhi,0.0,,2.0,1,9,17.034386422832473,7.540820659121453,0.005226480836236934,13580.386629492074,25375573.548630357,-1.4800593488482088
"Land For Sale In Nawalparasi, Nawalparasi","Sunwal Nagarpalika - 3, Nawalparasi, Nawalparasi",Nawalparasi,260000,0,0,0.0,0,West,,360,5 Aana,20 Feet / Gravelled,20 Feet ,Gravelled,N/A Sq. Feet,1 year ago,[],Sale,1711.25,,151.93571950328706,Nawalparasi,20.0,,2.0,1,0,12.468440756144114,7.445563574078014,0.0017421602787456446,301.7832647462277,1259357.9724151262,-79.35455956963638
"House For Sale In Butwal, Butwal","Rupandehi, Butwal, Butwal",Butwal,25000000,10,4,3.0,0,East,,1.6K,7 Dhur,20 Feet / Gravelled,20 Feet ,Gravelled,N/A Sq. Feet,1 year ago,"['Balcony', 'TV Cable', 'Wifi', 'Drainage', 'Water Supply', 'Water Tank']",Sale,1275.75,,19596.31589261219,Butwal,20.0,,2.0,1,6,17.034386422832473,7.152073065527754,0.003484320557491289,559.4993141289438,22215358.26838764,12.534759502730555
"Land For Sale In Nawalparasi, Nawalparasi","Nawalparasi, Nawalparasi, Nawalparasi",Nawalparasi,2200000,0,0,0.0,0,West,,406,2 Kattha,20 Feet / Soil Stabilized,20 Feet ,Soil Stabilized,N/A Sq. Feet,1 year ago,[],Sale,7290.0,,301.7832647462277,Nawalparasi,20.0,,2.0,1,0,14.603968372873895,8.89439598980643,0.0017421602787456446,301.7832647462277,1822456.0149575197,20.716219318537604
"Land For Sale In Nawalparasi, Nawalparasi","Sunwal Nagarpalika, Nawalparasi, Nawalparasi",Nawalparasi,1700000,0,0,0.0,0,West,,289,10 Dhur,20 Feet / Gravelled,20 Feet ,Gravelled,N/A Sq. Feet,1 year ago,[],Sale,1822.5,,932.7846364883402,Nawalparasi,20.0,,2.0,1,0,14.346139397261565,7.508513010248735,0.0017421602787456446,301.7832647462277,1212426.3298591531,40.214704855303495
"House For Sale In Pasikot, Kathmandu","Pasikot, Pasikot, Kathmandu",Kathmandu,17500000,6,2,3.0,1,North,,390,0-3-2-0 Aana,12 Feet,12 Feet,Unknown,N/A Sq. Feet,1 year ago,"['Balcony', 'TV Cable', 'Drainage', 'Water Supply', 'Water Tank']",Sale,1197.875,,14609.203798392988,Pasikot,12.0,,2.0,1,5,16.677711496036597,7.089138896048115,0.008710801393728223,13391.770148526904,17350071.045362327,0.8641402922540122
"Land For Sale In Samakhusi, Kathmandu","Samakhusi, Samakhusi, Kathmandu",Kathmandu,4400000,0,0,0.0,0,South,,243,0-3-1-2 Aana,12 Feet,12 Feet,Unknown,N/A Sq. Feet,1 year ago,[],Sale,1155.09375,,3809.214620025431,Samakhusi,12.0,,2.0,1,0,15.29711532616119,7.052802144559925,0.018002322880371662,19104.343428667755,4237850.668932251,3.826216252886601
"House For Sale In Bhangal, Kathmandu","Sundarbasti, Bhangal, Kathmandu",Kathmandu,25000000,4,3,3.0,0,East,,351,4 Aana,13 Feet,13 Feet,Unknown,N/A Sq. Feet,1 year ago,"['Balcony', 'TV Cable', 'Wifi', 'Drainage', 'Water Supply', 'Water Tank']",Sale,1369.0,,18261.504747991235,Bhangal,13.0,,2.0,1,6,17.034386422832473,7.222566018822171,0.012775842044134728,17531.044558071586,25873532.88228324,-3.3761639210909125
"House For Sale In Golfutar, Kathmandu","Golfutar, Golfutar, Kathmandu",Kathmandu,59900000,5,0,3.0,4,North,,586,1 Ropani,26 Feet / Gravelled,26 Feet ,Gravelled,N/A Sq. Feet,1 year ago,"['Backyard', 'Balcony', 'Frontyard', 'Garden', 'Modular Kitchen', 'TV Cable', 'Wifi', 'Drainage', 'Water Supply', 'Solar Water', 'Water Tank']",Sale,5476.0,,10938.64134404675,Golfutar,26.0,,2.0,1,11,17.90818707978017,8.608312784783722,0.018002322880371662,15420.826231637042,61417863.571298055,-2.471371492002511
"House For Sale In Budhanilkantha, Kathmandu","Budhanilkantha, Budhanilkantha, Kathmandu",Kathmandu,29900000,10,0,3.0,3,East,,405,4.1 Aana,0 Feet,0 Feet,Unknown,13 Sq. Feet,1 year ago,"['Balcony', 'TV Cable', 'Wifi', 'Drainage', 'Water Supply', 'Water Tank']",Sale,1403.225,13.0,21308.05822302197,Budhanilkantha,0.0,,2.0,1,6,17.21336907180573,7.247240828156326,0.11382113821138211,13184.806428049671,28081032.70697702,6.477565522620676
"Land For Sale In Dhumbarahi, Kathmandu","Dhumbarahi, Dhumbarahi, Kathmandu",Kathmandu,4200000,0,0,0.0,0,South East,,395,8 Aana,13 Feet / Soil Stabilized,13 Feet ,Soil Stabilized,N/A Sq. Feet,1 year ago,[],Sale,2738.0,,1533.9663988312636,Dhumbarahi,13.0,,2.0,1,0,15.250595321348806,7.915348169263078,0.008130081300813009,16950.42235582776,3433616.5887703127,22.320005493221174
"House For Sale In Baneshwor, Kathmandu","New Baneshwor, Baneshwor, Kathmandu",Kathmandu,55000000,0,0,2.0,0,East,,716,8.2 Aana,24 Feet / Gravelled,24 Feet ,Gravelled,N/A Sq. Feet,1 year ago,"['Balcony', 'TV Cable', 'Wifi', 'Drainage', 'Water Supply', 'Solar Water', 'Water Tank']",Sale,2806.45,,19597.7124124784,Baneshwor,24.0,,2.0,1,7,17.822843761378564,7.940031877015006,0.009291521486643438,6726.190476190476,48791992.5473517,12.72341449598219
"House For Sale In Bafal, Kathmandu","Bafal, Bafal, Kathmandu",Kathmandu,26500000,4,0,3.0,0,West,,455,4.5 Aana,13 Feet / Gravelled,13 Feet ,Gravelled,N/A Sq. Feet,1 year ago,"['Balcony', 'TV Cable', 'Wifi', 'Drainage', 'Water Supply', 'Water Tank']",Sale,1540.125,,17206.395584773963,Bafal,13.0,,2.0,1,6,17.0926553286923,7.340267948188717,0.004645760743321719,16881.74661147634,24709377.96280295,7.246730532401988
"House For Sale In Dhumbarahi, Kathmandu","Near, Pipalbot, Dhumbarahi, Kathmandu",Kathmandu,32500000,8,6,3.0,4,South,,571,0-4-1-2 Aana,13 Feet / Gravelled,13 Feet ,Gravelled,N/A Sq. Feet,1 year ago,"['Balcony', 'TV Cable', 'Wifi', 'Drainage', 'Water Supply', 'Solar Water', 'Water Tank']",Sale,1497.34375,,21705.102786183867,Dhumbarahi,13.0,,2.0,1,7,17.296750678069195,7.312115610382522,0.008130081300813009,16950.42235582776,30237728.144963842,7.481619796932212
"Land For Sale In Samakhusi, Kathmandu","Samakhusi Town planning, Samakhusi, Kathmandu",Kathmandu,6000000,0,0,0.0,0,West,,317,6 Aana,10 Feet / Gravelled,10 Feet ,Gravelled,N/A Sq. Feet,1 year ago,[],Sale,2053.5,,2921.8407596785974,Samakhusi,10.0,,2.0,1,0,15.607270193858982,7.627787788323465,0.018002322880371662,19104.343428667755,3632497.8859214378,65.1755950981926
"Land For Sale In Baluwatar, Kathmandu","Baluwatar, Baluwatar, Kathmandu",Kathmandu,4500000,0,0,0.0,0,South,,354,11 Aana,26 Feet / Gravelled,26 Feet ,Gravelled,N/A Sq. Feet,1 year ago,[],Sale,3764.75,,1195.2984925957899,Baluwatar,26.0,,2.0,1,0,15.319588176962746,8.233702323582925,0.02032520325203252,19576.333089846605,4568651.938262036,-1.5026738563093953
"House For Sale In Makalbari, Kathmandu","Makalbari, Makalbari, Kathmandu",Kathmandu,21500000,7,4,4.0,1,South West,,270,0-3-1-3 Aana,14 Feet / Gravelled,14 Feet ,Gravelled,N/A Sq. Feet,1 year ago,"['Balcony', 'TV Cable', 'Drainage', 'Water Supply', 'Water Tank']",Sale,1176.484375,,18274.78584235341,Makalbari,14.0,,2.0,1,5,16.88356353960952,7.071135556163465,0.0023228803716608595,13068.478403378522,22379526.52424381,-3.9300497411820374
"Land For Sale In Lazimpat, Kathmandu","Lazimpat, Lazimpat, Kathmandu",Kathmandu,5000000,0,0,0.0,0,North,,366,6 Aana,12 Feet,12 Feet,Unknown,N/A Sq. Feet,1 year ago,[],Sale,2053.5,,2434.8672997321646,Lazimpat,12.0,,2.0,1,0,15.424948670398354,7.627787788323465,0.005226480836236934,4869.734599464329,4318236.624395337,15.788004106887666
"Land For Sale In Lazimpat, Kathmandu","Lazimpat, Lazimpat, Kathmandu",Kathmandu,5000000,0,0,0.0,0,North,,367,8 Aana,12 Feet,12 Feet,Unknown,N/A Sq. Feet,1 year ago,[],Sale,2738.0,,1826.1504747991235,Lazimpat,12.0,,2.0,1,0,15.424948670398354,7.915348169263078,0.005226480836236934,4869.734599464329,5047154.798136079,-0.9342847608615666
"Land For Sale In Budhanilkantha, Kathmandu","Siddhartha Colony, Budhanilkantha, Kathmandu",Kathmandu,2800000,0,0,0.0,0,North,,272,4.5 Aana,13 Feet / Soil Stabilized,13 Feet ,Soil Stabilized,N/A Sq. Feet,1 year ago,[],Sale,1540.125,,1818.0342504666828,Budhanilkantha,13.0,,2.0,1,0,14.845130332288226,7.340267948188717,0.11382113821138211,13184.806428049671,2515413.3512326563,11.31371305745374
"House For Sale In Mhepi, Kathmandu","Nearby Thamel, Mhepi, Kathmandu",Kathmandu,38000000,8,4,4.0,1,North West,,557,7 Aana,15 Feet,15 Feet,Unknown,N/A Sq. Feet,1 year ago,"['Balcony', 'TV Cable', 'Drainage', 'Water Supply', 'Water Tank']",Sale,2395.75,,15861.421266826672,Mhepi,15.0,,2.0,1,5,17.453096744006448,7.781868931957106,0.0017421602787456446,15861.421266826672,37163789.462038405,2.2500680099260504
"Land For Sale In Budhanilkantha, Kathmandu","Bhangal Height, Budhanilkantha, Kathmandu",Kathmandu,2500000,0,0,0.0,0,West,,229,12 Aana,12 Feet / Soil Stabilized,12 Feet ,Soil Stabilized,N/A Sq. Feet,1 year ago,[],Sale,4107.0,,608.7168249330412,Budhanilkantha,12.0,,2.0,1,0,14.731801689838349,8.32069157104845,0.11382113821138211,13184.806428049671,2731472.869966509,-8.474287718967787
"House For Sale In Dhapasi, Kathmandu","Nearby API boarding school, Dhapasi, Kathmandu",Kathmandu,25000000,7,3,4.0,1,North,,273,0-4-3-0 Aana,12 Feet,12 Feet,Unknown,N/A Sq. Feet,1 year ago,"['Balcony', 'TV Cable', 'Drainage', 'Water Supply', 'Water Tank', 'Water Well']",Sale,1625.6875,,15378.109261466303,Dhapasi,12.0,,2.0,1,6,17.034386422832473,7.394301017474119,0.015098722415795587,15555.54898371399,26094810.54603703,-4.19551061352042
"Land For Sale In Budhanilkantha, Kathmandu","Rudreshwor, Budhanilkantha, Kathmandu",Kathmandu,3200000,0,0,0.0,0,North,,197,6 Aana,10 Feet / Soil Stabilized,10 Feet ,Soil Stabilized,N/A Sq. Feet,1 year ago,[],Sale,2053.5,,1558.3150718285854,Budhanilkantha,10.0,,2.0,1,0,14.978661680269907,7.627787788323465,0.11382113821138211,13184.806428049671,2471693.4353372464,29.46589387867921
"Land For Sale In Budhanilkantha, Kathmandu","Bhangal Height, Budhanilkantha, Kathmandu",Kathmandu,2400000,0,0,0.0,0,West,,272,15 Aana,11 Feet,11 Feet,Unknown,N/A Sq. Feet,1 year ago,[],Sale,5133.75,,467.4945215485756,Budhanilkantha,11.0,,2.0,1,0,14.690979711984754,8.543786435685758,0.11382113821138211,13184.806428049671,2980781.2537069167,-19.48419572837335
"House For Sale In Dallu, Kathmandu","Nearby SBI bank, Dallu, Dallu, Kathmandu",Kathmandu,24000000,15,5,4.0,0,North,,442,3 Aana,20 Feet,20 Feet,Unknown,N/A Sq. Feet,1 year ago,"['TV Cable', 'Drainage', 'Water Supply', 'Water Tank', 'Water Well']",Sale,1026.75,,23374.72607742878,Dallu,20.0,,2.0,1,5,16.993564429978885,6.935127225777988,0.0017421602787456446,23374.72607742878,31050001.367246114,-22.705317413232027
"Land For Sale In Basundhara, Kathmandu","Shreetole Height, Basundhara, Kathmandu",Kathmandu,3200000,0,0,0.0,0,West,,1.1K,6 Aana,14 Feet / Gravelled,14 Feet ,Gravelled,N/A Sq. Feet,1 year ago,[],Sale,2053.5,,1558.3150718285854,Basundhara,14.0,,2.0,1,0,14.978661680269907,7.627787788323465,0.02148664343786295,17666.944128289193,3515246.373752206,-8.967973798539452
"Land For Sale In Samakhusi, Kathmandu","Samakhusi, Samakhusi, Kathmandu",Kathmandu,4200000,0,0,0.0,0,North,,241,7 Aana,13 Feet / Gravelled,13 Feet ,Gravelled,N/A Sq. Feet,1 year ago,[],Sale,2395.75,,1753.1044558071585,Samakhusi,13.0,,2.0,1,0,15.250595321348806,7.781868931957106,0.018002322880371662,19104.343428667755,4198443.771433192,0.03706679549685755
"Land For Sale In Basundhara, Kathmandu","Basundhara, Basundhara, Kathmandu",Kathmandu,480000,0,0,0.0,0,West,,335,5 Aana,15 Feet,15 Feet,Unknown,N/A Sq. Feet,1 year ago,[],Sale,1711.25,,280.49671292914536,Basundhara,15.0,,2.0,1,0,13.081543466215237,7.445563574078014,0.02148664343786295,17666.944128289193,3161485.603758548,-84.81726440793057
"House For Sale In Tokha, Kathmandu","Nearby Namuna Planning, Tokha, Kathmandu",Kathmandu,17000000,8,4,4.0,0,West,,243,0-3-2-0 Aana,20 Feet / Gravelled,20 Feet ,Gravelled,N/A Sq. Feet,1 year ago,"['Balcony', 'TV Cable', 'Drainage', 'Water Supply', 'Solar Water', 'Water Tank']",Sale,1197.875,,14191.79797558176,Tokha,20.0,,2.0,1,6,16.648723960844016,7.089138896048115,0.020905923344947737,15806.346887427968,23626771.272253416,-28.047722627406568
"Land For Sale In Samakhusi, Kathmandu","Greenland Chowk, Samakhusi, Kathmandu",Kathmandu,3000000,0,0,0.0,0,East,,308,5.2 Aana,15 Feet / Gravelled,15 Feet ,Gravelled,N/A Sq. Feet,1 year ago,[],Sale,1779.7,,1685.677361353037,Samakhusi,15.0,,2.0,1,0,14.914123179965662,7.4847618244072684,0.018002322880371662,19104.343428667755,3662277.889125114,-18.083769423715857
"Land For Sale In Samakhusi, Kathmandu","Greenland Chowk., Samakhusi, Kathmandu",Kathmandu,3250000,0,0,0.0,0,West,,270,4 Aana,12 Feet / Gravelled,12 Feet ,Gravelled,N/A Sq. Feet,1 year ago,[],Sale,1369.0,,2373.9956172388606,Samakhusi,12.0,,2.0,1,0,14.99416586199818,7.222566018822171,0.018002322880371662,19104.343428667755,3824160.1623959523,-15.014019758948157
"Land For Sale In Samakhusi, Kathmandu","Mahadevtar Height, Samakhusi, Kathmandu",Kathmandu,3700000,0,0,0.0,0,South East,,307,10 Aana,10 Feet / Gravelled,10 Feet ,Gravelled,N/A Sq. Feet,1 year ago,[],Sale,3422.5,,1081.081081081081,Samakhusi,10.0,,2.0,1,0,15.123843647884687,8.138418698561118,0.018002322880371662,19104.343428667755,3832765.5907134227,-3.4639632289307323
"House For Sale In Gongabu, Kathmandu","Aananda tol, Gongabu, Kathmandu",Kathmandu,26000000,5,3,3.0,2,North,,241,4.3 Aana,16 Feet,16 Feet,Unknown,N/A Sq. Feet,1 year ago,"['Balcony', 'TV Cable', 'Wifi', 'Drainage', 'Water Supply', 'Solar Water', 'Water Tank']",Sale,1471.675,,17666.944128289193,Gongabu,16.0,,2.0,1,7,17.073607134447293,7.294835753965024,0.005807200929152149,18225.10307739723,27089308.8059443,-4.021176080008622
"House For Sale In Budhanilkantha, Kathmandu","Budhanilkantha, Budhanilkantha, Kathmandu",Kathmandu,29000000,6,3,0.0,0,South,,435,4 Aana,14 Feet,14 Feet,Unknown,N/A Sq. Feet,1 year ago,"['Balcony', 'TV Cable', 'Wifi', 'Drainage', 'Water Supply', 'Water Tank']",Sale,1369.0,,21183.345507669834,Budhanilkantha,14.0,,2.0,1,6,17.182806422433504,7.222566018822171,0.11382113821138211,13184.806428049671,22898513.669680554,26.645774561334505
"House For Sale In Kalanki, Kathmandu","Kalanki, Kalanki, Kathmandu",Kathmandu,13500000,3,2,3.0,1,South West,,740,0-3-1-1 Aana,12 Feet,12 Feet,Unknown,N/A Sq. Feet,1 year ago,"['Balcony', 'TV Cable', 'Drainage', 'Water Supply', 'Water Tank']",Sale,1133.703125,,11907.879322463717,Kalanki,12.0,,2.0,1,5,16.41820031748273,7.034126331825054,0.012195121951219513,2045.2885317750183,13645278.02026109,-1.0646761469086614
"House For Sale In Budhanilkantha, Kathmandu","Budhanilkantha, Budhanilkantha, Kathmandu",Kathmandu,22800000,6,2,3.0,0,East,,446,4 Aana,20 Feet,20 Feet,Unknown,N/A Sq. Feet,1 year ago,[],Sale,1369.0,,16654.492330168006,Budhanilkantha,20.0,,2.0,1,0,16.942271137784317,7.222566018822171,0.11382113821138211,13184.806428049671,23104983.74792441,-1.3199911813476493
"Land For Sale In Samakhusi, Kathmandu","Samakhusi, Samakhusi, Kathmandu",Kathmandu,6000000,0,0,0.0,0,South,,247,6.5 Aana,15 Feet,15 Feet,Unknown,N/A Sq. Feet,1 year ago,[],Sale,2224.625,,2697.0837781648593,Samakhusi,15.0,,2.0,1,0,15.607270193858982,7.7077930540320425,0.018002322880371662,19104.343428667755,3684785.9444551207,62.83171099881179
"House For Sale In Sukedhara, Kathmandu","Nearby Colony home, Sukedhara, Kathmandu",Kathmandu,27500000,6,4,4.0,0,South,,582,4 Aana,12 Feet,12 Feet,Unknown,N/A Sq. Feet,1 year ago,"['Balcony', 'TV Cable', 'Drainage', 'Water Supply', 'Water Tank']",Sale,1369.0,,20087.65522279036,Sukedhara,12.0,,2.0,1,5,17.129696599000436,7.222566018822171,0.013356562137049941,20452.885317750184,28487372.681180347,-3.4660012077303155
"House For Sale In Mandikatar, Kathmandu","Mandikatar, Mandikatar, Kathmandu",Kathmandu,22500000,4,3,3.0,0,East,,272,3.13 Aana,12 Feet,12 Feet,Unknown,N/A Sq. Feet,1 year ago,"['Balcony', 'TV Cable', 'Drainage', 'Water Supply', 'Water Tank']",Sale,1071.2425,,21003.647633472345,Mandikatar,12.0,,2.0,1,5,16.929025911619092,6.9775075287350825,0.008130081300813009,18691.53373076651,21778281.857002586,3.3139351751265567
"House For Sale In Kalanki, Kathmandu","Nearby LRI School, Kalanki, Kathmandu",Kathmandu,15500000,7,2,0.0,0,West,,548,3.5 Aana,13 Feet,13 Feet,Unknown,N/A Sq. Feet,1 year ago,"['Balcony', 'TV Cable', 'Wifi', 'Drainage', 'Water Supply', 'Water Tank']",Sale,1197.875,,12939.580507148075,Kalanki,13.0,,2.0,1,6,16.5563506464056,7.089138896048115,0.012195121951219513,2045.2885317750183,14519108.759866731,6.7558639883228775
"House For Sale In Hattigauda, Kathmandu","Hattigauda, Hattigauda, Kathmandu",Kathmandu,30000000,5,0,3.0,0,West,,455,6.5 Aana,15 Feet,15 Feet,Unknown,2900 Sq. Feet,1 year ago,"['Balcony', 'TV Cable', 'Wifi', 'Drainage', 'Water Supply', 'Solar Water', 'Water Tank']",Sale,2224.625,2900.0,13485.418890824296,Hattigauda,15.0,,2.0,1,7,17.216707972959764,7.7077930540320425,0.022067363530778164,14609.203798392988,34452760.686345555,-12.924249313089994
"House For Sale In Baluwatar, Kathmandu","Nearby IOM, Baluwatar, Kathmandu",Kathmandu,51500000,6,3,3.0,0,North East,,2.6K,6 Aana,12 Feet,12 Feet,Unknown,N/A Sq. Feet,1 year ago,"['Balcony', 'TV Cable', 'Wifi', 'Drainage', 'Water Supply', 'Water Tank']",Sale,2053.5,,25079.133187241296,Baluwatar,12.0,,2.0,1,6,17.75709238505144,7.627787788323465,0.02032520325203252,19576.333089846605,46390275.10332961,11.014646680341952
"House For Sale In Basundhara, Kathmandu","Basundhara, Basundhara, Kathmandu",Kathmandu,45000000,11,0,3.0,0,South,,680,6 Ropani,14 Feet,14 Feet,Unknown,N/A Sq. Feet,1 year ago,"['Balcony', 'TV Cable', 'Wifi', 'Drainage', 'Water Supply', 'Solar Water', 'Water Tank']",Sale,32856.0,,1369.6128560993425,Basundhara,14.0,,2.0,1,7,17.622173069956816,10.399920091014481,0.02148664343786295,17666.944128289193,114740392.30300817,-60.78103003067715
"House For Sale In Sukedhara, Kathmandu","Sukedhara, Sukedhara, Kathmandu",Kathmandu,33000000,11,0,3.0,0,East,,347,5 Aana,15 Feet,15 Feet,Unknown,N/A Sq. Feet,1 year ago,"['Balcony', 'TV Cable', 'Washing Machine', 'Wifi', 'Drainage', 'Water Supply', 'Solar Water', 'Water Tank']",Sale,1711.25,,19284.149013878745,Sukedhara,15.0,,2.0,1,8,17.312018149733785,7.445563574078014,0.013356562137049941,20452.885317750184,33009109.19333018,-0.027595998658517275
"House For Sale In Dhumbarahi, Kathmandu","Dhumbarahi, Dhumbarahi, Kathmandu",Kathmandu,40000000,12,0,4.0,4,East,,340,7 Aana,13 Feet,13 Feet,Unknown,N/A Sq. Feet,1 year ago,"['Balcony', 'TV Cable', 'Wifi', 'Drainage', 'Water Supply', 'Solar Water', 'Water Tank']",Sale,2395.75,,16696.23291244913,Dhumbarahi,13.0,,2.0,1,7,17.50439003707821,7.781868931957106,0.008130081300813009,16950.42235582776,38931543.09052996,2.744450449820308
"House For Sale In Bhangal, Kathmandu","Sundarbasti, Bhangal, Kathmandu",Kathmandu,18200000,9,0,3.0,3,South,,355,3.1 Aana,13 Feet,13 Feet,Unknown,N/A Sq. Feet,1 year ago,"['Balcony', 'TV Cable', 'Wifi', 'Drainage', 'Water Supply', 'Water Tank']",Sale,1060.9750000000001,,17154.032847145314,Bhangal,13.0,,2.0,1,6,16.716932206992077,6.967885661035161,0.012775842044134728,17531.044558071586,19061399.71049323,-4.519078995122442
"House For Sale In Budhanilkantha, Kathmandu","Jyotinagar, Budhanilkantha, Kathmandu",Kathmandu,17700000,12,0,4.0,0,East,,425,3.5 Aana,13 Feet,13 Feet,Unknown,N/A Sq. Feet,1 year ago,"['Balcony', 'TV Cable', 'Wifi', 'Drainage', 'Water Supply', 'Solar Water', 'Water Tank']",Sale,1197.875,,14776.16612751748,Budhanilkantha,13.0,,2.0,1,7,16.68907525404123,7.089138896048115,0.11382113821138211,13184.806428049671,18651152.369415767,-5.0996975981788175
"House For Sale In Kapan, Kathmandu","Nearby Aakashedhara, Kapan, Kathmandu",Kathmandu,17000000,7,0,0.0,0,East,,413,3 Aana,13 Feet,13 Feet,Unknown,N/A Sq. Feet,1 year ago,"['Balcony', 'TV Cable', 'Wifi', 'Drainage', 'Water Supply', 'Water Tank']",Sale,1026.75,,16557.09763817872,Kapan,13.0,,2.0,1,6,16.648723960844016,6.935127225777988,0.023228803716608595,14052.66270131135,16422133.446650926,3.5188275337448442
"House For Sale In Budhanilkantha, Kathmandu","Nearby Hattigauda, Budhanilkantha, Kathmandu",Kathmandu,29800000,10,0,3.0,3,West,,449,6 Aana,13 Feet,13 Feet,Unknown,N/A Sq. Feet,1 year ago,"['Balcony', 'TV Cable', 'Wifi', 'Drainage', 'Water Supply', 'Water Tank']",Sale,2053.5,,14511.809106403702,Budhanilkantha,13.0,,2.0,1,6,17.21001898503268,7.627787788323465,0.11382113821138211,13184.806428049671,31569844.377849884,-5.606123225275216
"House For Sale In Budhanilkantha, Kathmandu","Nearby Dhumbarai Chowk., Budhanilkantha, Kathmandu",Kathmandu,21000000,9,0,3.0,0,North West,,495,3.5 Aana,13 Feet,13 Feet,Unknown,N/A Sq. Feet,1 year ago,"['Balcony', 'TV Cable', 'Wifi', 'Drainage', 'Water Supply', 'Water Tank']",Sale,1197.875,,17531.044558071586,Budhanilkantha,13.0,,2.0,1,6,16.860033043306743,7.089138896048115,0.11382113821138211,13184.806428049671,19254984.238870032,9.062670420717899
"House For Sale In Budhanilkantha, Kathmandu","Nearby Jyotinagar, Budhanilkantha, Kathmandu",Kathmandu,34000000,6,3,3.0,4,South East,,265,6 Aana,13 Feet,13 Feet,Unknown,N/A Sq. Feet,1 year ago,"['Balcony', 'TV Cable', 'Wifi', 'Drainage', 'Water Supply', 'Water Tank']",Sale,2053.5,,16557.09763817872,Budhanilkantha,13.0,,2.0,1,6,17.341871111992198,7.627787788323465,0.11382113821138211,13184.806428049671,33271110.132440597,2.1907590839558666
"Land For Sale In Kageshwari-Manohara, Kathmandu","Nearby Daachi Panitanki, Kageshwari-Manohara, Kathmandu",Kathmandu,1450000,0,0,0.0,0,East,,217,4 Aana,20 Feet,20 Feet,Unknown,N/A Sq. Feet,1 year ago,[],Sale,1369.0,,1059.1672753834916,Kageshwari-Manohara,20.0,,2.0,1,0,14.187074804051692,7.222566018822171,0.0017421602787456446,1636.2308254200145,2125154.507058244,-31.769666855556316
"Land For Sale In Budhanilkantha, Kathmandu","Ram Mandir, Budhanilkantha, Kathmandu",Kathmandu,2150000,0,0,0.0,0,West,,221,4 Aana,12 Feet,12 Feet,Unknown,N/A Sq. Feet,1 year ago,[],Sale,1369.0,,1570.489408327246,Budhanilkantha,12.0,,2.0,1,0,14.580978865220017,7.222566018822171,0.11382113821138211,13184.806428049671,3042401.4467669823,-29.33213983694675
"House For Sale In Basundhara, Kathmandu","Shreetole Height home, Basundhara, Kathmandu",Kathmandu,19900000,3,3,0.0,0,South West,,327,3 Aana,12 Feet,12 Feet,Unknown,N/A Sq. Feet,1 year ago,"['Balcony', 'TV Cable', 'Wifi', 'Drainage', 'Water Supply', 'Water Tank']",Sale,1026.75,,19381.54370586803,Basundhara,12.0,,2.0,1,6,16.806230339945976,6.935127225777988,0.02148664343786295,17666.944128289193,20651770.624560457,-3.6402235828941523
"House For Sale In Budhanilkantha, Kathmandu","Nearby Chapali Home, Budhanilkantha, Kathmandu",Kathmandu,16800000,10,0,3.0,0,South West,,565,3 Aana,13 Feet,13 Feet,Unknown,N/A Sq. Feet,1 year ago,"['Balcony', 'Modular Kitchen', 'TV Cable', 'Wifi', 'Drainage', 'Water Supply', 'Water Tank']",Sale,1026.75,,16362.308254200147,Budhanilkantha,13.0,,2.0,1,7,16.636889503897294,6.935127225777988,0.11382113821138211,13184.806428049671,17172270.41083135,-2.167857842469931
"House For Sale In Basbari, Kathmandu","Basbari, Basbari, Kathmandu",Kathmandu,63000000,9,4,4.0,4,South,,369,0-12-3-2 Aana,13 Feet,13 Feet,Unknown,N/A Sq. Feet,1 year ago,"['Balcony', 'Garden', 'TV Cable', 'Wifi', 'Drainage', 'Water Supply', 'Solar Water', 'Water Tank']",Sale,4406.46875,,14297.16255221372,Basbari,13.0,,2.0,1,8,17.958645300228824,8.391055824059709,0.0040650406504065045,14297.16255221372,66318238.20291507,-5.003507772269524
"House For Sale In Dhapakhel, Lalitpur","Dhapakhel Height, Dhapakhel, Lalitpur",Lalitpur,12500000,3,2,3.0,3,South,,589,3 Aana,10 Feet,10 Feet,Unknown,N/A Sq. Feet,1 year ago,"['Balcony', 'TV Cable', 'Wifi', 'Drainage', 'Water Supply', 'Solar Water', 'Water Tank']",Sale,1026.75,,12174.336498660823,Dhapakhel,10.0,,2.0,1,7,16.341239282272525,6.935127225777988,0.005807200929152149,14214.98718796016,14239715.547710046,-12.217347614010574
"House For Sale In Balaju, Kathmandu","Jarankhu, Balaju, Kathmandu",Kathmandu,14200000,5,2,2.0,3,North West,,486,0-3-2-2 Aana,13 Feet,13 Feet,Unknown,N/A Sq. Feet,1 year ago,"['Balcony', 'TV Cable', 'Wifi', 'Drainage', 'Water Supply', 'Water Tank']",Sale,1240.65625,,11445.555527568575,Balaju,13.0,,2.0,1,6,16.468752592994022,7.124201452848615,0.007549361207897794,8249.903321445452,15620036.226107964,-9.091119927970832
"House For Sale In Satdobato, Lalitpur","Dholahity, Satdobato, Lalitpur",Lalitpur,20000000,5,4,3.0,3,North,,468,0-3-0-1 Aana,16 Feet,16 Feet,Unknown,N/A Sq. Feet,1 year ago,"['Balcony', 'TV Cable', 'Wifi', 'Drainage', 'Water Supply', 'Solar Water', 'Water Tank']",Sale,1048.140625,,19081.409042799005,Satdobato,16.0,,2.0,1,7,16.811242881518265,6.955726655655604,0.0023228803716608595,11040.704521399502,21868071.150763776,-8.542459633887422
"House For Sale In Sunderbasti, Kathmandu","Golfutar, Sunderbasti, Kathmandu",Kathmandu,19500000,5,3,3.0,2,East,,599,3.2 Aana,13 Feet,13 Feet,Unknown,N/A Sq. Feet,1 year ago,"['Balcony', 'TV Cable', 'Wifi', 'Drainage', 'Water Supply', 'Water Tank']",Sale,1095.2,,17804.967129291454,Sunderbasti,13.0,,2.0,1,6,16.785925074816024,6.999604932612016,0.0011614401858304297,16647.12172282996,20023548.301292095,-2.614662962899095
"House For Sale In Swayambhu, Kathmandu","Kimdol, Swayambhu, Kathmandu",Kathmandu,21000000,4,2,2.0,2,South,,1.1K,3.1 Aana,18 Feet,18 Feet,Unknown,N/A Sq. Feet,1 year ago,"['Balcony', 'TV Cable', 'Wifi', 'Drainage', 'Water Supply', 'Solar Water', 'Water Tank']",Sale,1060.9750000000001,,19793.114823629207,Swayambhu,18.0,,2.0,1,7,16.860033043306743,6.967885661035161,0.011033681765389082,13333.333333333334,17652208.140012857,18.965286571704254
"House For Sale In Kalikasthan, Kathmandu","Kalikasthan, Kalikasthan, Kathmandu",Kathmandu,100000000,5,2,3.0,4,West,,720,10.1 Aana,20 Feet,20 Feet,Unknown,N/A Sq. Feet,1 year ago,"['Balcony', 'TV Cable', 'Wifi', 'Drainage', 'Water Supply', 'Water Tank']",Sale,3456.725,,28929.116432461364,Kalikasthan,20.0,,2.0,1,6,18.420680753952364,8.148366137343476,0.0005807200929152149,28929.116432461364,84461923.01112689,18.396546556045315
"House For Sale In Samakhusi, Kathmandu","Samakhusi, Samakhusi, Kathmandu",Kathmandu,22500000,6,4,4.0,3,North,,279,0-3-0-1 Aana,10 Feet,10 Feet,Unknown,N/A Sq. Feet,1 year ago,"['Balcony', 'TV Cable', 'Wifi', 'Drainage', 'Water Supply', 'Solar Water', 'Water Tank']",Sale,1048.140625,,21466.58517314888,Samakhusi,10.0,,2.0,1,7,16.929025911619092,6.955726655655604,0.018002322880371662,19104.343428667755,23415484.321636613,-3.9097389960483473
"House For Sale In Chabahil, Kathmandu","Arubari, Chabahil, Kathmandu",Kathmandu,37000000,5,4,3.0,4,South West,,266,4 Aana,12 Feet,12 Feet,Unknown,N/A Sq. Feet,1 year ago,"['Balcony', 'TV Cable', 'Wifi', 'Drainage', 'Water Supply', 'Solar Water', 'Water Tank']",Sale,1369.0,,27027.027027027027,Chabahil,12.0,,2.0,1,7,17.426428497635523,7.222566018822171,0.0156794425087108,4515.572083139651,34227421.75477113,8.100458939307599
"House For Sale In Ramkot, Kathmandu","Ramkot, Ramkot, Kathmandu",Kathmandu,19000000,4,3,3.0,4,East,,583,0-3-3-2 Aana,20 Feet,20 Feet,Unknown,N/A Sq. Feet,1 year ago,"['Balcony', 'Garden', 'Swimming Pool', 'TV Cable', 'Wifi', 'Drainage', 'Water Supply', 'Solar Water', 'Water Tank']",Sale,1326.21875,,14326.445015198284,Ramkot,20.0,,2.0,1,9,16.759949589762293,7.190840866262881,0.004645760743321719,10774.28780131483,22417385.41442487,-15.24435321625818
"House For Sale In Sitapaila, Kathmandu","Sitapaila, Sitapaila, Kathmandu",Kathmandu,45000000,5,5,3.0,4,East,,286,9 Aana,12 Feet,12 Feet,Unknown,N/A Sq. Feet,1 year ago,"['Balcony', 'TV Cable', 'Wifi', 'Drainage', 'Water Supply', 'Solar Water', 'Water Tank']",Sale,3080.25,,14609.203798392988,Sitapaila,12.0,,2.0,1,7,17.622173069956816,8.033090637791,0.013937282229965157,14791.8188458729,47239030.382236995,-4.739789034871731
"House For Sale In Tarkeshwor, Kathmandu","Lambagar, Tarkeshwor, Kathmandu",Kathmandu,16500000,6,3,3.0,3,South,,328,4 Aana,12 Feet,12 Feet,Unknown,N/A Sq. Feet,1 year ago,"['Balcony', 'TV Cable', 'Wifi', 'Drainage', 'Water Supply', 'Water Tank']",Sale,1369.0,,12052.593133674214,Tarkeshwor,12.0,,2.0,1,6,16.61887099947687,7.222566018822171,0.005807200929152149,10993.425858290724,22879428.655153405,-27.882814520005468
"House For Sale In Sukedhara, Kathmandu","Sukedhara, Sukedhara, Kathmandu",Kathmandu,88000000,0,0,3.0,0,West,,245,0-15-2-2 Aana,20 Feet,20 Feet,Unknown,N/A Sq. Feet,1 year ago,"['Balcony', 'TV Cable', 'Wifi', 'Drainage', 'Water Supply', 'Water Tank']",Sale,5347.65625,,16455.807158509862,Sukedhara,20.0,,2.0,1,6,18.292847383806116,8.584600640117731,0.013356562137049941,20452.885317750184,79573425.71622425,10.589683940247467
"House For Sale In Gongabu, Kathmandu","Gongabu, Gongabu, Kathmandu",Kathmandu,29000000,10,6,5.0,4,West,,277,4.2 Aana,10 Feet,10 Feet,Unknown,N/A Sq. Feet,1 year ago,"['Balcony', 'TV Cable', 'Wifi', 'Drainage', 'Water Supply', 'Water Tank']",Sale,1437.45,,20174.614769209362,Gongabu,10.0,,2.0,1,6,17.182806422433504,7.271321423958596,0.005807200929152149,18225.10307739723,29344730.590159494,-1.174761475830679
"Land For Sale In Balkhu, Kathmandu","Balkhu, Balkhu, Kathmandu",Kathmandu,7500000,0,0,0.0,0,East,,311,1.4 Ropani,20 Feet,20 Feet,Unknown,N/A Sq. Feet,1 year ago,[],Sale,7666.4,,978.2948972138162,Balkhu,20.0,,2.0,1,0,15.830413711839864,8.944732853842712,0.003484320557491289,14435.284705554976,9487996.088982001,-20.95274987824431
"House For Sale In Naxal, Kathmandu","Gahana, Pokhari, Naxal, Kathmandu",Kathmandu,55000000,0,0,4.0,0,North,,327,7 Aana,20 Feet,20 Feet,Unknown,N/A Sq. Feet,1 year ago,"['Balcony', 'TV Cable', 'Wifi', 'Drainage', 'Water Supply', 'Water Tank']",Sale,2395.75,,22957.320254617553,Naxal,20.0,,2.0,1,6,17.822843761378564,7.781868931957106,0.0040650406504065045,15826.637448259069,54906104.3993424,0.17101122304120658
"House For Sale In Kadaghari, Kathmandu","Birendra Chowk, Kadaghari, Kathmandu",Kathmandu,36000000,6,4,3.5,3,South East,,247,3.2 Aana,13 Feet,13 Feet,Unknown,N/A Sq. Feet,1 year ago,"['Balcony', 'TV Cable', 'Wifi', 'Drainage', 'Water Supply', 'Solar Water', 'Water Tank']",Sale,1095.2,,32870.70854638422,Kadaghari,13.0,,2.0,1,7,17.399029524198163,6.999604932612016,0.009291521486643438,11930.849768687607,28019597.646210533,28.481502320461637
"House For Sale In Pepsicola, Kathmandu","Suncity Planning, Pepsicola, Kathmandu",Kathmandu,24000000,10,6,3.0,4,East,,808,3.2 Aana,13 Feet,13 Feet,Unknown,N/A Sq. Feet,1 year ago,"['Balcony', 'TV Cable', 'Wifi', 'Drainage', 'Water Supply', 'Water Tank']",Sale,1095.2,,21913.80569758948,Pepsicola,13.0,,2.0,1,6,16.993564429978885,6.999604932612016,0.009291521486643438,3246.4897329762193,23688323.523024753,1.3157388562018821
"House For Sale In Kadaghari, Kathmandu","Gotthatar, Kadaghari, Kathmandu",Kathmandu,12000000,4,1,1.0,2,East,,452,3 Aana,13 Feet,13 Feet,Unknown,N/A Sq. Feet,1 year ago,"['TV Cable', 'Wifi', 'Drainage', 'Water Supply', 'Water Tank']",Sale,1026.75,,11687.36303871439,Kadaghari,13.0,,2.0,1,5,16.300417291085605,6.935127225777988,0.009291521486643438,11930.849768687607,11795422.232713856,1.7343827397611995
"Land For Sale In Balaju, Kathmandu","Balaju, Balaju, Kathmandu",Kathmandu,8500000,0,0,0.0,0,West,,231,0-6-3-3 Aana,20 Feet,20 Feet,Unknown,N/A Sq. Feet,1 year ago,[],Sale,2374.359375,,3579.913002849453,Balaju,20.0,,2.0,1,0,15.955576839107596,7.7729040208111355,0.007549361207897794,8249.903321445452,4676843.94314184,81.7464962127818
"House For Sale In Balaju, Kathmandu","Near by Bhatbhatei Super Market., Balaju, Kathmandu",Kathmandu,45000000,12,4,4.0,5,North,,257,0-4-0-2 Aana,0 Feet,0 Feet,Unknown,N/A Sq. Feet,1 year ago,"['Balcony', 'TV Cable', 'Wifi', 'Drainage', 'Water Supply', 'Water Tank']",Sale,1411.78125,,31874.626469221064,Balaju,0.0,,2.0,1,6,17.622173069956816,7.253315558244075,0.007549361207897794,8249.903321445452,35419994.205691405,27.04688696072471
"House For Sale In Joranku, Kathmandu","Joranku, Joranku, Kathmandu",Kathmandu,15000000,3,3,3.0,2,South,,260,3.2 Aana,10 Feet,10 Feet,Unknown,N/A Sq. Feet,1 year ago,"['Balcony', 'TV Cable', 'Wifi', 'Drainage', 'Water Supply', 'Water Tank']",Sale,1095.2,,13696.128560993426,Joranku,10.0,,2.0,1,6,16.52356082573315,6.999604932612016,0.0011614401858304297,14590.942293644996,17180946.41905696,-12.693983008048217
"Land For Sale In Tarkeshwor, Kathmandu","Phutung, Tarkeshwor, Kathmandu",Kathmandu,1000000,0,0,0.0,0,South West,,275,7 Aana,26 Feet,26 Feet,Unknown,N/A Sq. Feet,1 year ago,[],Sale,2395.75,,417.40582281122823,Tarkeshwor,26.0,,2.0,1,0,13.815511557963774,7.781868931957106,0.005807200929152149,10993.425858290724,4308088.867740534,-76.78785116323586
"Office Space For Sale In Samakhusi, Kathmandu","Samakhusi Town Planning, Samakhusi, Kathmandu",Kathmandu,500000,0,0,0.0,0,East,,226,165 Sq. Feet,20 Feet,20 Feet,Unknown,N/A Sq. Feet,1 year ago,[],Sale,165.0,,3030.3030303030305,Samakhusi,20.0,,2.0,1,0,13.122365377402328,5.111987788356544,0.018002322880371662,19104.343428667755,580967.793920299,-13.936709533232186
"House For Sale In Sitapaila, Kathmandu","Ichadol, Sitapaila, Kathmandu",Kathmandu,20000000,4,2,3.0,0,East,,331,5 Aana,13 Feet,13 Feet,Unknown,N/A Sq. Feet,1 year ago,"['Balcony', 'TV Cable', 'Wifi', 'Drainage', 'Water Supply', 'Solar Water', 'Water Tank']",Sale,1711.25,,11687.36303871439,Sitapaila,13.0,,2.0,1,7,16.811242881518265,7.445563574078014,0.013937282229965157,14791.8188458729,22556176.505315017,-11.332490259209903
"House For Sale In Imadol, Lalitpur","sital height, Imadol, Lalitpur",Lalitpur,16000000,4,4,3.0,2,South East,2075.0,1.9K,0-3-0-0 Aana,13 Feet,13 Feet,Unknown,N/A Sq. Feet,1 year ago,"['Balcony', 'Fencing', 'Modular Kitchen', 'Water Tank', 'Water Well']",Sale,1026.75,,15583.150718285853,Imadol,13.0,2018.0,2.0,0,5,16.588099342704055,6.935127225777988,0.050522648083623695,16278.8270896379,18066011.37774507,-11.435902117775269
"House For Sale In Thamel, Kathmandu","Thahiti Chowk, Thamel, Kathmandu",Kathmandu,37500000,4,4,6.0,4,East,,316,0-2-3-2 Aana,12 Feet,12 Feet,Unknown,N/A Aana,1 year ago,"['Balcony', 'Gym', 'Wifi', 'Drainage', 'Water Supply', 'Solar Water', 'Water Tank']",Sale,983.96875,,38110.9664305904,Thamel,12.0,,2.0,1,7,17.439851517607305,6.892609914780487,0.0040650406504065045,10956.90284879474,30296472.19001282,23.776787491323198
"Land For Sale In Thamel, Kathmandu","Thamel, Thamel, Kathmandu",Kathmandu,20000000,0,0,0.0,0,East,,267,1.11 Ropani,26 Feet,26 Feet,Unknown,N/A Sq. Feet,1 year ago,[],Sale,6078.360000000001,,3290.361215854276,Thamel,26.0,,2.0,1,0,16.811242881518265,8.712654706261763,0.0040650406504065045,10956.90284879474,7651421.157426651,161.38934961889433
"House For Sale In Gongabu, Kathmandu","Mitranagar, Gongabu, Kathmandu",Kathmandu,31000000,9,9,4.0,3,North,,298,2.2 Aana,9 Feet,9 Feet,Unknown,N/A Sq. Feet,1 year ago,"['Balcony', 'TV Cable', 'Wifi', 'Water Supply', 'Water Tank']",Sale,752.95,,41171.392522743874,Gongabu,9.0,,2.0,1,5,17.249497794707484,6.625326052811805,0.005807200929152149,18225.10307739723,28376546.253912523,9.245148167831587
"Apartment For Sale In Samakhusi, Kathmandu","Samakhusi Town Planning, Samakhusi, Kathmandu",Kathmandu,20500000,5,4,3.0,3,South,,356,2.2 Aana,16 Feet,16 Feet,Unknown,N/A Sq. Feet,1 year ago,"['Balcony', 'TV Cable', 'Wifi', 'Drainage', 'Water Supply', 'Water Tank']",Sale,752.95,,27226.243442459658,Samakhusi,16.0,,2.0,1,6,16.835935492889124,6.625326052811805,0.018002322880371662,19104.343428667755,21749992.95956942,-5.747095927309057
"House For Sale In Sano Bharyang, Kathmandu","Near by Yellow Gumba, Sano Bharyang, Kathmandu",Kathmandu,26000000,4,5,3.0,3,East,,247,0-4-0-2 Aana,12 Feet,12 Feet,Unknown,N/A Sq. Feet,1 year ago,"['Balcony', 'TV Cable', 'Wifi', 'Drainage', 'Water Supply', 'Water Tank']",Sale,1411.78125,,18416.45084888328,Sano Bharyang,12.0,,2.0,1,6,17.073607134447293,7.253315558244075,0.0017421602787456446,22887.752617482347,28035913.13400917,-7.2618042589791445
"Apartment For Sale In Bhaisepati, Lalitpur","Bhaisepati, Bhaisepati, Lalitpur",Lalitpur,7500000,2,2,1.0,2,West,,864,800 Sq. Feet,24 Feet,24 Feet,Unknown,N/A Sq. Feet,1 year ago,"['Balcony', 'TV Cable', 'Wifi', 'Drainage', 'Water Supply', 'Water Tank']",Sale,800.0,,9375.0,Bhaisepati,24.0,,2.0,1,6,15.830413711839864,6.68586094706836,0.02264808362369338,10000.0,8975354.57831128,-16.43784170796368
"Apartment For Sale In Lazimpat, Kathmandu","Panipokhari, Lazimpat, Kathmandu",Kathmandu,17500000,3,3,3.0,2,South,,737,1582 Sq. Feet,20 Feet,20 Feet,Unknown,N/A Sq. Feet,1 year ago,"['Balcony', 'TV Cable', 'Wifi', 'Drainage', 'Water Supply', 'Water Tank']",Sale,1582.0,,11061.946902654867,Lazimpat,20.0,,2.0,1,6,16.677711496036597,7.367077059881012,0.005226480836236934,4869.734599464329,19397359.871922154,-9.781536685663077
"Land At Gausala, Battisputali : Land For Sale In Old Baneshwor, Kathmandu","Battisputali, Old Baneshwor, Kathmandu",Kathmandu,5500000,0,0,0.0,0,South,,6.1K,0-7-2-0 Aana,6 Meter,6 Meter,Unknown,N/A Sq. Feet,1 year ago,[],Sale,2566.875,,2142.683223764305,Old Baneshwor,19.68504,,2.0,1,0,15.520258832020865,7.850833987612675,0.0023228803716608595,11476.240301660317,5232858.385924087,5.105080137358575
"Scenic : House For Sale In Dhapakhel, Lalitpur","Dhapakhel height, Dhapakhel, Lalitpur",Lalitpur,25000000,4,3,3.0,1,South,2072.0,5.9K,0-4-3-0 Aana,13 Feet,13 Feet,Unknown,800 Sq. Feet,1 year ago,"['Balcony', 'Fencing', 'Garden', 'Modular Kitchen', 'TV Cable', 'Wifi', 'Solar Water', 'Water Tank']",Sale,1625.6875,800.0,15378.109261466303,Dhapakhel,13.0,2015.0,5.0,0,8,17.034386422832473,7.394301017474119,0.005807200929152149,14214.98718796016,22651641.995411396,10.367274942206473
"House At New Colony : House For Sale In Budhanilkantha, Kathmandu","New Colony, Budhanilkantha, Budhanilkantha, Kathmandu",Kathmandu,28500000,3,3,2.0,1,South West,2073.0,6.5K,0-4-5-0 Aana,18 Feet,18 Feet,Unknown,N/A Sq. Feet,1 year ago,"['Garage', 'Backyard', 'Balcony', 'Fencing', 'Frontyard', 'Garden', 'Modular Kitchen', 'TV Cable', 'Wifi', 'Water Supply']",Sale,1796.8125,,15861.421266826672,Budhanilkantha,18.0,2016.0,4.0,0,10,17.1654146803266,7.494325927057613,0.11382113821138211,13184.806428049671,28613922.07940503,-0.39813514235793696
"Business For Sale In Naxal, Kathmandu","Near, Bhat bhateni, Naxal, Kathmandu",Kathmandu,3000000,0,0,0.0,0,South,,4.9K,400 Sq. Feet,35 Feet / Blacktopped,35 Feet ,Blacktopped,N/A Sq. Feet,1 year ago,"['Air Condition', 'TV Cable']",Sale,400.0,,7500.0,Naxal,35.0,,2.0,1,2,14.914123179965662,5.993961427306569,0.0040650406504065045,15826.637448259069,2398781.4434900205,25.06349872522185
"Land For Sale In Bhaisepati, Lalitpur","Near, Bhaisepati Colony, Bhaisepati, Lalitpur",Lalitpur,2400000,0,0,0.0,0,South East,,520,0-6-0-0 Aana,16 Feet,16 Feet,Unknown,N/A Sq. Feet,1 year ago,[],Sale,2053.5,,1168.736303871439,Bhaisepati,16.0,,2.0,1,0,14.690979711984754,7.627787788323465,0.02264808362369338,10000.0,3409292.406764934,-29.604160815371305
"Land For Sale In Banasthali, Kathmandu","Near, Dhungedhara, Banasthali, Kathmandu",Kathmandu,3500000,0,0,0.0,0,East,,425,0-5-0-0 Aana,16 Feet,16 Feet,Unknown,N/A Sq. Feet,1 year ago,[],Sale,1711.25,,2045.2885317750183,Banasthali,16.0,,2.0,1,0,15.068273812173887,7.445563574078014,0.005226480836236934,20071.775653444278,4597917.589363493,-23.87858346794515
"House For Sale In Lubhu, Lalitpur","Near, Sarbotchrit School, Lubhu, Lalitpur",Lalitpur,14500000,4,3,2.0,1,South East,,768,0-5-0-3 Aana,13 Feet,13 Feet,Unknown,N/A Sq. Feet,1 year ago,"['Backyard', 'Balcony', 'Frontyard', 'Garden', 'Modular Kitchen', 'Drainage', 'Water Supply', 'Solar Water', 'Water Tank', 'Water Well']",Sale,1775.421875,,8167.072966812465,Lubhu,13.0,,2.0,1,10,16.489659276356317,7.482356437573157,0.005807200929152149,1207.6941806671534,20882382.702767152,-30.563479242823256
"House For Sale In Sunderbasti, Kathmandu","Budanilkantha, Sunderbasti, Kathmandu",Kathmandu,27500000,6,4,3.0,1,South East,,375,0-5-0-3 Aana,13 Feet,13 Feet,Unknown,N/A Sq. Feet,1 year ago,"['Backyard', 'Balcony', 'Frontyard', 'Modular Kitchen', 'Wifi', 'Drainage', 'Water Supply', 'Solar Water', 'Water Tank', 'Water Well']",Sale,1775.421875,,15489.276316368469,Sunderbasti,13.0,,2.0,1,10,17.129696599000436,7.482356437573157,0.0011614401858304297,16647.12172282996,27918891.48176124,-1.5003872271751602
"Land For Sale In Sitapaila, Kathmandu","Near, Padma Colony, Sitapaila, Kathmandu",Kathmandu,2600000,0,0,0.0,0,East,,302,0-4-0-0 Aana,13 Feet,13 Feet,Unknown,N/A Sq. Feet,1 year ago,[],Sale,1369.0,,1899.1964937910884,Sitapaila,13.0,,2.0,1,0,14.77102238760702,7.222566018822171,0.013937282229965157,14791.8188458729,3628730.3273346256,-28.34959433566529
"Apartment For Sale In Kamalpokhari, Kathmandu","Kamalpokhari, Kamalpokhari, Kathmandu",Kathmandu,55000000,2,3,0.0,0,North East,,565,3400 Sq. Feet,20 Feet,20 Feet,Unknown,N/A Sq. Feet,1 year ago,"['Balcony', 'Garden', 'Gym', 'Washing Machine', 'Wifi', 'Drainage', 'Water Supply', 'Solar Water', 'Water Tank']",Sale,3400.0,,16176.470588235294,Kamalpokhari,20.0,,2.0,1,9,17.822843761378564,8.131824785007195,0.0029036004645760743,16176.470588235294,53081482.85140618,3.6142870272942975
"Apartment For Sale In Dhobighat, Lalitpur","Bazra and Sangrila Residency, Dhobighat, Lalitpur",Lalitpur,16500000,3,2,10.0,0,East,,619,1350 Sq. Feet,20 Feet,20 Feet,Unknown,N/A Sq. Feet,1 year ago,[],Sale,1350.0,,12222.222222222223,Dhobighat,20.0,,2.0,1,0,16.61887099947687,7.208600337960199,0.004645760743321719,12685.252820387956,16896916.0153518,-2.349044139126796
"Best For Commercial Use : House For Sale In Kamalpokhari, Kathmandu","Naxal, kathmandu, Kamalpokhari, Kathmandu",Kathmandu,30000000,0,3,5.0,0,West,,524,1-3-3 Aana,32 Feet,32 Feet,Unknown,N/A Sq. Feet,1 year ago,[],Sale,663.109375,,45241.40531115248,Kamalpokhari,32.0,,2.0,1,0,17.216707972959764,6.498446857296898,0.0029036004645760743,16176.470588235294,20690601.09403712,44.9933709690328
"House For Sale In Maligaon, Kathmandu","Maligaon, Maligaon, Kathmandu",Kathmandu,65000000,5,6,3.0,0,North West,,607,12 Aana,13 Feet,13 Feet,Unknown,N/A Sq. Feet,1 year ago,"['Lawn', 'Balcony', 'Garden', 'TV Cable', 'Wifi', 'Drainage', 'Water Supply', 'Solar Water', 'Water Tank']",Sale,4107.0,,15826.637448259069,Maligaon,13.0,,2.0,1,9,17.989897843244528,8.32069157104845,0.0023228803716608595,15826.637448259069,65466562.65644516,-0.7126732144065419
"House For Sale In Bhatbhateni, Kathmandu","Bhatbhateni, Bhatbhateni, Kathmandu",Kathmandu,235000000,10,10,0.0,0,East,,561,33 Aana,16 Feet,16 Feet,Unknown,N/A Sq. Feet,1 year ago,"['Air Condition', 'Balcony', 'Garden', 'TV Cable', 'Wifi', 'Drainage', 'Water Supply', 'Solar Water', 'Water Tank']",Sale,11294.25,,20807.04783407486,Bhatbhateni,16.0,,2.0,1,9,19.275096076363752,9.332137562344629,0.0005807200929152149,20807.04783407486,194126932.00703716,21.05481582096047
"Land For Sale In Kalanki, Kathmandu","Dhungeadda, Kalanki, Kathmandu",Kathmandu,4500000,0,0,0.0,0,South East,,317,13 Aana,20 Feet,20 Feet,Unknown,N/A Aana,1 year ago,[],Sale,4449.25,,1011.4064168118222,Kalanki,20.0,,2.0,1,0,15.319588176962746,8.400715553357543,0.012195121951219513,2045.2885317750183,4123819.6499846615,9.1221338939189
"House For Sale In Maharajgunj, Kathmandu","Nearby, Teaching Hospital, Maharajgunj, Kathmandu",Kathmandu,47500000,10,6,0.0,0,East,,392,0-3-0-1 Aana,11 Meter,11 Meter,Unknown,N/A Sq. Feet,1 year ago,"['Balcony', 'TV Cable', 'Wifi', 'Drainage', 'Water Supply', 'Solar Water', 'Water Tank']",Sale,1048.140625,,45318.34647664763,Maharajgunj,36.08924,,2.0,1,7,17.6762402900575,6.955726655655604,0.011614401858304297,20270.270270270274,39047631.2769703,21.6463033649234
"Land For Sale In Godawari, Lalitpur","Godawari, Godawari, Lalitpur",Lalitpur,950000,0,0,0.0,0,South,,360,10 Aana,24 Feet,24 Feet,Unknown,N/A Sq. Feet,1 year ago,[],Sale,3422.5,,277.57487216946674,Godawari,24.0,,2.0,1,0,13.76421831620775,8.138418698561118,0.005807200929152149,818.1154127100073,1483942.632771352,-35.98135271403195
"House For Sale In Chabahil, Kathmandu","Chuchhepati, Chabahil, Kathmandu",Kathmandu,35000000,10,4,3.0,0,West,,383,4.5 Aana,20 Feet,20 Feet,Unknown,N/A Sq. Feet,1 year ago,[],Sale,1540.125,,22725.428130833538,Chabahil,20.0,,2.0,1,0,17.370858648025116,7.340267948188717,0.0156794425087108,4515.572083139651,31275067.94853355,11.910228484862836
"Land For Sale In Tikathali, Lalitpur","Pani Tanki, Tikathali, Lalitpur",Lalitpur,2000000,0,0,0.0,0,West,,9.3K,0-5-1-1 Aana,14 Feet,14 Feet,Unknown,N/A Sq. Feet,1 year ago,[],Sale,1818.203125,,1099.9871095260603,Tikathali,14.0,,2.0,1,0,14.508658238524095,7.506153840782835,0.011033681765389082,11687.36303871439,3469454.7571067493,-42.35405445471663
"Land For Sale In Satungal, Kathmandu","Balagaun, Satungal, Kathmandu",Kathmandu,2500000,0,0,0.0,0,South,,308,0-3-3-3 Aana,14 Feet,14 Feet,Unknown,N/A Sq. Feet,1 year ago,[],Sale,1347.609375,,1855.1369902721253,Satungal,14.0,,2.0,1,0,14.731801689838349,7.206829247929885,0.003484320557491289,11066.47187728269,3702271.479518301,-32.47388761654852
"House For Sale In Syuchatar, Kathmandu","Syuchatar, Syuchatar, Kathmandu",Kathmandu,20000000,5,3,3.0,0,North,,383,0-3-3-0 Aana,20 Feet,20 Feet,Unknown,N/A Sq. Feet,1 year ago,"['Balcony', 'TV Cable', 'Wifi', 'Drainage', 'Water Supply', 'Water Tank']",Sale,1283.4375,,15583.150718285853,Syuchatar,20.0,,2.0,1,6,16.811242881518265,7.158076158301139,0.0029036004645760743,9889.307186604485,20419397.766000163,-2.053918390769055
"Apartment For Sale In Tripureshwor, Kathmandu","Tripureshwor, Tripureshwor, Kathmandu",Kathmandu,25000000,3,4,4.0,0,South East,,839,3000 Sq. Feet,13 Feet,13 Feet,Unknown,N/A Sq. Feet,1 year ago,"['Balcony', 'TV Cable', 'Wifi', 'Drainage', 'Water Supply', 'Water Tank']",Sale,3000.0,,8333.333333333334,Tripureshwor,13.0,,2.0,1,6,17.034386422832473,8.006700845440367,0.0017421602787456446,2222.2450848259755,31450458.381143242,-20.50990259973681
"House For Sale In Balkhu, Kathmandu","Kumari Club, Balkhu, Kathmandu",Kathmandu,49500000,7,7,3.0,0,South,,695,9 Aana,10 Feet,10 Feet,Unknown,N/A Sq. Feet,1 year ago,"['Balcony', 'TV Cable', 'Wifi', 'Drainage', 'Water Supply', 'Solar Water', 'Water Tank']",Sale,3080.25,,16070.124178232287,Balkhu,10.0,,2.0,1,7,17.71748324774094,8.033090637791,0.003484320557491289,14435.284705554976,47975983.34194068,3.1766241187744946
"House For Sale In Kirtipur, Kirtipur","Bhatkeko Party, Kirtipur, Kathmandu",Kathmandu,18000000,4,4,2.0,0,South East,,783,6 Aana,20 Feet,20 Feet,Unknown,2045 Sq. Feet,1 year ago,"['Lawn', 'TV Cable', 'Wifi', 'Water Supply', 'Water Tank']",Sale,2053.5,2045.0,8765.522279035793,Kirtipur,20.0,,2.0,1,5,16.705882371415992,7.627787788323465,0.008710801393728223,1168.736303871439,21246071.986916263,-15.278457066865139
"House For Sale In Baneshwor, Kathmandu","Behind Bicc Hall, Baneshwor, Kathmandu",Kathmandu,6000000,0,0,0.0,0,South,,488,9.5 Aana,20 Feet,20 Feet,Unknown,N/A Sq. Feet,1 year ago,[],Sale,3251.375,,1845.3731113759563,Baneshwor,20.0,,2.0,1,0,15.607270193858982,8.08714077767273,0.009291521486643438,6726.190476190476,6085846.245234179,-1.410588466664031
"Land For Sale In Bhaisepati, Lalitpur","Bhaisepati, Bhaisepati, Lalitpur",Lalitpur,2650000,0,0,0.0,0,North,,362,8 Aana,13 Feet,13 Feet,Unknown,N/A Sq. Feet,1 year ago,[],Sale,2738.0,,967.8597516435354,Bhaisepati,13.0,,2.0,1,0,14.790070575320824,7.915348169263078,0.02264808362369338,10000.0,3987541.1169972066,-33.5430050187027
"House For Sale In Hattisar, Kathmandu","Hattisar, Hattisar, Kathmandu",Kathmandu,43500000,6,0,3.0,0,West,,375,0-3-2-1 Aana,20 Feet,20 Feet,Unknown,N/A Sq. Feet,1 year ago,"['TV Cable', 'Wifi', 'Drainage', 'Water Supply', 'Water Tank']",Sale,1219.265625,,35677.213486601824,Hattisar,20.0,,2.0,1,5,17.588271519047417,7.106823839438401,0.0023228803716608595,18114.855704739162,35652451.85983945,22.01124391391547
"House For Sale In Lokanthali, Bhaktapur","Lokanthali, Lokanthali, Bhaktapur",Bhaktapur,35000000,14,4,3.0,0,East,,360,7.1 Aana,14 Feet,14 Feet,Unknown,N/A Sq. Feet,1 year ago,"['Balcony', 'TV Cable', 'Wifi', 'Water Supply', 'Water Tank']",Sale,2429.975,,14403.440364612805,Lokanthali,14.0,,2.0,1,5,17.370858648025116,7.796047690429431,0.0023228803716608595,14019.348621556463,34699803.106378846,0.8651256397647084
"House For Sale In Ravi Bhawan, Kathmandu","Ravi Bhawan, Ravi Bhawan, Kathmandu",Kathmandu,60000000,0,0,3.0,0,East,,594,12 Aana,13 Feet,13 Feet,Unknown,N/A Sq. Feet,1 year ago,"['Balcony', 'TV Cable', 'Wifi', 'Drainage', 'Water Tank']",Sale,4107.0,,14609.203798392988,Ravi Bhawan,13.0,,2.0,1,5,17.909855136853043,8.32069157104845,0.0011614401858304297,8035.062089116143,55863704.804055266,7.4042622315383415
"Land For Sale In Sankhamul, Kathmandu","Manidol, Sankhamul, Kathmandu",Kathmandu,4200000,0,0,0.0,0,West,,476,22 Aana,20 Feet,20 Feet,Unknown,N/A Sq. Feet,1 year ago,[],Sale,7529.5,,557.8059632113686,Sankhamul,20.0,,2.0,1,0,15.250595321348806,8.926716719651903,0.0040650406504065045,3287.070854638422,18608457.592492025,-77.42961780080807
"House For Sale In Swayambhu, Kathmandu","Halchowk, Swayambhu, Kathmandu",Kathmandu,13000000,4,2,0.0,0,South,,623,4.8 Aana,16 Feet,16 Feet,Unknown,N/A Sq. Feet,1 year ago,[],Sale,1642.8,,7913.318724129535,Swayambhu,16.0,,2.0,1,0,16.380459992348886,7.4047659137143995,0.011033681765389082,13333.333333333334,14922890.08154054,-12.885507237764452
"Land For Sale In Kalanki, Kathmandu","Kalanki, Kalanki, Kathmandu",Kathmandu,2700000,0,0,0.0,0,North East,,299,7.3 Aana,13 Feet,13 Feet,Unknown,N/A Sq. Feet,1 year ago,[],Sale,2498.4249999999997,,1080.680828922221,Kalanki,13.0,,2.0,1,0,14.80876270134486,7.823815984402236,0.012195121951219513,2045.2885317750183,3020598.880957703,-10.613752225719388
"Land For Sale In Kirtipur, Kirtipur","Bhatkya Party, Kirtipur, Kathmandu",Kathmandu,2100000,0,0,0.0,0,North East,,302,6 Aana,22 Feet,22 Feet,Unknown,N/A Sq. Feet,1 year ago,[],Sale,2053.5,,1022.6442658875092,Kirtipur,22.0,,2.0,1,0,14.557448378884015,7.627787788323465,0.008710801393728223,1168.736303871439,1743717.1511893298,20.432376235312123
"House For Sale In Kalanki, Kathmandu","Kalanki, Kalanki, Kathmandu",Kathmandu,38000000,7,4,3.0,4,East,,407,6.1 Aana,14 Feet,14 Feet,Unknown,N/A Sq. Feet,1 year ago,"['Balcony', 'TV Cable', 'Wifi', 'Drainage', 'Water Supply', 'Solar Water', 'Water Tank']",Sale,2087.725,,18201.63096193225,Kalanki,14.0,,2.0,1,7,17.453096744006448,7.6443091109570664,0.012195121951219513,2045.2885317750183,35656395.685723595,6.572745980645364
"Land For Sale In Tahachal, Kathmandu","Tahachal, Tahachal, Kathmandu",Kathmandu,3700000,0,0,0.0,0,North East,,502,0-2-5-0 Aana,16 Feet,16 Feet,Unknown,N/A Sq. Feet,1 year ago,[],Sale,1112.3125,,3326.4033264033264,Tahachal,16.0,,2.0,1,0,15.123843647884687,7.015095084552704,0.0023228803716608595,11243.00743263969,4079754.0313867806,-9.308258009311787
"Land For Sale In Hattiban, Lalitpur","Hattiban, Hattiban, Lalitpur",Lalitpur,2800000,0,0,0.0,0,South,,329,7.1 Aana,20 Feet,20 Feet,Unknown,N/A Sq. Feet,1 year ago,[],Sale,2429.975,,1152.2752291690244,Hattiban,20.0,,2.0,1,0,14.845130332288226,7.796047690429431,0.004645760743321719,1950.328707085464,2739193.8877008334,2.219854263409034
"House For Sale In Thulo Bharyang, Kathmandu","Thulo Bharyang, Thulo Bharyang, Kathmandu",Kathmandu,70000000,3,4,2.0,4,North West,,291,0-6-25-0 Aana,20 Feet,20 Feet,Unknown,N/A Sq. Feet,1 year ago,"['TV Cable', 'Wifi', 'Water Supply', 'Solar Water', 'Water Tank']",Sale,4192.5625,,16696.23291244913,Thulo Bharyang,20.0,,2.0,1,5,18.064005814299346,8.341305890331526,0.003484320557491289,17823.228634039446,70109657.01604258,-0.15640786263935563
"Business For Sale In Godawari, Lalitpur","Godawari, Godawari, Lalitpur",Lalitpur,251000000,0,0,0.0,0,North East,,282,156.75 Aana,16 Feet,16 Feet,Unknown,N/A Sq. Feet,1 year ago,[],Sale,53647.6875,,4678.673241973384,Godawari,16.0,,2.0,1,0,19.34096350108012,10.8902122836403,0.005807200929152149,818.1154127100073,72733650.19661322,245.09473857217134
"House For Sale In Kalanki, Kathmandu","Durga Nagar Colony, Kalanki, Kathmandu",Kathmandu,41500000,8,7,3.0,0,East,,654,0-7-5-0 Aana,14 Feet,14 Feet,Unknown,3300 Sq. Feet,1 year ago,[],Sale,2823.5625,3300.0,14697.744427474157,Kalanki,14.0,,2.0,1,0,17.541204009297314,7.946108764330733,0.012195121951219513,2045.2885317750183,41401798.3458956,0.23719175984569763
"House For Sale In Dadikot, Bhaktapur","Dadikot, Dadikot, Bhaktapur",Bhaktapur,22500000,12,4,0.0,0,South,,291,4 Aana,20 Feet,20 Feet,Unknown,2610 Sq. Feet,1 year ago,[],Sale,1369.0,2610.0,16435.35427319211,Dadikot,20.0,,2.0,1,0,16.929025911619092,7.222566018822171,0.0029036004645760743,10541.543132958077,23125501.034384042,-2.704810734496168
"Land For Sale In Hattigauda, Kathmandu","Near Itali Chowk, Hattigauda, Kathmandu",Kathmandu,5500000,0,0,0.0,0,South East,,281,0-7-0-0 Aana,20 Feet,20 Feet,Unknown,N/A Sq. Feet,1 year ago,[],Sale,2395.75,,2295.7320254617553,Hattigauda,20.0,,2.0,1,0,15.520258832020865,7.781868931957106,0.022067363530778164,14609.203798392988,3477693.6529132384,58.15079040652964
"House For Sale In Thapathali, Kathmandu","Thapathali, Thapathali, Kathmandu",Kathmandu,40100000,5,2,2.0,0,East,,622,0-4-3-3 Aana,14 Feet,14 Feet,Unknown,N/A Sq. Feet,1 year ago,"['Balcony', 'TV Cable', 'Wifi', 'Drainage', 'Water Supply', 'Water Tank']",Sale,1689.859375,,23729.785207718836,Thapathali,14.0,,2.0,1,6,17.50688691721445,7.432992184588958,0.0023228803716608595,2939.028058264942,21815239.902244616,83.81645207520283
"Land For Sale In Hattigauda, Kathmandu","Near VDC, Hattigauda, Kathmandu",Kathmandu,1800000,0,0,0.0,0,South East,,371,0-15-0-0 Aana,16 Feet,16 Feet,Unknown,N/A Sq. Feet,1 year ago,[],Sale,5133.75,,350.6208911614317,Hattigauda,16.0,,2.0,1,0,14.403297778421795,8.543786435685758,0.022067363530778164,14609.203798392988,3282998.5881524053,-45.172075111582735
"Land For Sale In Durbar Marg, Kathmandu","Near ACE Travel, Durbar Marg, Kathmandu",Kathmandu,13000000,0,0,0.0,0,North,,411,0-11-5-0 Aana,17 Feet,17 Feet,Unknown,N/A Sq. Feet,1 year ago,[],Sale,4192.5625,,3100.728969454838,Durbar Marg,17.0,,2.0,1,0,16.380459992348886,8.341305890331526,0.0029036004645760743,3100.728969454838,6558394.777422679,98.21923566956649
"Land For Sale In Tripureshwor, Kathmandu","Near Bluebird, Tripureshwor, Kathmandu",Kathmandu,13500000,0,0,0.0,0,North East,,245,0-17-3-0 Aana,20 Feet,20 Feet,Unknown,N/A Sq. Feet,1 year ago,[],Sale,6074.9375,,2222.2450848259755,Tripureshwor,20.0,,2.0,1,0,16.41820031748273,8.712091577290145,0.0017421602787456446,2222.2450848259755,7337689.129194696,83.9816291247216
"Land For Sale In Durbar Marg, Kathmandu","Durbarmarg, Durbar Marg, Kathmandu",Kathmandu,13000000,0,0,0.0,0,South East,,247,0-80-0-0 Aana,20 Feet,20 Feet,Unknown,N/A Sq. Feet,1 year ago,[],Sale,27380.0,,474.7991234477721,Durbar Marg,20.0,,2.0,1,0,16.380459992348886,10.217604621184988,0.0029036004645760743,3100.728969454838,8126395.957920085,59.97251508930034
"Land For Sale In Hattigauda, Kathmandu","Hattigauda, Hattigauda, Kathmandu",Kathmandu,2500000,0,0,0.0,0,North East,,744,0-6-0-0 Aana,12 Feet,12 Feet,Unknown,N/A Sq. Feet,1 year ago,[],Sale,2053.5,,1217.4336498660823,Hattigauda,12.0,,2.0,1,0,14.731801689838349,7.627787788323465,0.022067363530778164,14609.203798392988,3168567.4021278485,-21.099989909599923
"MULPANI : House For Sale In Mulpani, Kathmandu","nearby greenhill city, Mulpani, Kathmandu",Kathmandu,16500000,5,3,3.0,1,North,2073.0,7.4K,0-3-0-0 Aana,10 Feet,10 Feet,Unknown,650 Sq. Feet,1 year ago,"['Garage', 'Balcony', 'Fencing', 'Modular Kitchen', 'Drainage', 'Water Tank', 'Water Well']",Sale,1026.75,650.0,16070.124178232287,Mulpani,10.0,2016.0,4.0,0,7,16.61887099947687,6.935127225777988,0.007549361207897794,1623.2448664881097,16510743.38073916,-0.06506903106308783
"Land For Sale In Basbari, Kathmandu","Dharapati, Basbari, Kathmandu",Kathmandu,2700000,0,0,0.0,0,South,,318,0-60-0-0 Aana,12 Feet,12 Feet,Unknown,N/A Sq. Feet,1 year ago,[],Sale,20535.0,,131.4828341855369,Basbari,12.0,,2.0,1,0,14.80876270134486,9.929934722550977,0.0040650406504065045,14297.16255221372,4700692.854942635,-42.56165881672033
"Land For Sale In Baluwatar, Kathmandu","Near PM House, Baluwatar, Kathmandu",Kathmandu,4800000,0,0,0.0,0,South East,,328,0-11-5-0 Aana,12 Feet,12 Feet,Unknown,N/A Sq. Feet,1 year ago,[],Sale,4192.5625,,1144.8845425679403,Baluwatar,12.0,,2.0,1,0,15.38412668421143,8.341305890331526,0.02032520325203252,19576.333089846605,4225818.624727661,13.587459052607665
"Land For Sale In Chapali, Kathmandu","Bhangal, Chapali, Kathmandu",Kathmandu,1850000,0,0,0.0,0,North East,,498,20 Aana,15 Feet,15 Feet,Unknown,N/A Sq. Feet,1 year ago,[],Sale,6845.0,,270.27027027027026,Chapali,15.0,,2.0,1,0,14.430696737594902,8.831419819090131,0.008130081300813009,10348.1860238617,4047094.7192831873,-54.288196142647536
"Land For Sale In Sanepa, Lalitpur","Sanepa Height, Sanepa, Lalitpur",Lalitpur,6800000,0,0,0.0,0,East,,685,0-6-0-0 Aana,15 Feet,15 Feet,Unknown,N/A Sq. Feet,1 year ago,[],Sale,2053.5,,3311.4195276357436,Sanepa,15.0,,2.0,1,0,15.732433317205148,7.627787788323465,0.009872241579558653,3756.652405301054,4157747.4218665077,63.55009840754888
"House For Sale In Dhumbarahi, Kathmandu","Dhumbarahi Main chowk, Dhumbarahi, Kathmandu",Kathmandu,55000000,0,0,2.0,0,West,,484,0-4-5-0 Aana,20 Feet,20 Feet,Unknown,N/A Sq. Feet,1 year ago,[],Sale,1796.8125,,30609.76033949007,Dhumbarahi,20.0,,2.0,1,0,17.822843761378564,7.494325927057613,0.008130081300813009,16950.42235582776,39354302.625398695,39.75600209087125
"Land For Sale In Chundevi, Kathmandu","Chundevi, Chundevi, Kathmandu",Kathmandu,6000000,0,0,0.0,0,South East,,441,0-4-0-0 Aana,12 Feet,12 Feet,Unknown,N/A Sq. Feet,1 year ago,[],Sale,1369.0,,4382.7611395178965,Chundevi,12.0,,2.0,1,0,15.607270193858982,7.222566018822171,0.0017421602787456446,4382.7611395178965,4155192.058766932,44.39765756051529
"Land For Sale In Bhangal, Kathmandu","Bhangal, Bhangal, Kathmandu",Kathmandu,1600000,0,0,0.0,0,South East,,376,2-0-0-0 Ropani,15 Feet,15 Feet,Unknown,N/A Sq. Feet,1 year ago,[],Sale,10952.0,,146.09203798392988,Bhangal,15.0,,2.0,1,0,14.285514812209815,9.301368670323747,0.012775842044134728,17531.044558071586,3576244.156567741,-55.26032535945249
"Land For Sale In Budhanilkantha, Kathmandu","Washi, Budhanilkantha, Kathmandu",Kathmandu,2100000,0,0,0.0,0,East,,288,1-0-0-0 Ropani,15 Feet,15 Feet,Unknown,N/A Sq. Feet,1 year ago,[],Sale,5476.0,,383.4915997078159,Budhanilkantha,15.0,,2.0,1,0,14.557448378884015,8.608312784783722,0.11382113821138211,13184.806428049671,3107401.21556828,-32.419412418362164
"Land For Sale In Budhanilkantha, Kathmandu","Siddhartha Colony, Budhanilkantha, Kathmandu",Kathmandu,2600000,0,0,0.0,0,North East,,442,0-4-0-0 Aana,20 Feet,20 Feet,Unknown,N/A Sq. Feet,1 year ago,[],Sale,1369.0,,1899.1964937910884,Budhanilkantha,20.0,,2.0,1,0,14.77102238760702,7.222566018822171,0.11382113821138211,13184.806428049671,3113432.9542105105,-16.490894834146328
"Land For Sale In Dakshinkali, Kathmandu","Dakshinkali, Dakshinkali, Kathmandu",Kathmandu,3200000,0,0,0.0,0,South East,,318,2-0-0-0 Ropani,0 Feet,0 Feet,Unknown,N/A Sq. Feet,1 year ago,[],Sale,10952.0,,292.18407596785977,Dakshinkali,0.0,,2.0,1,0,14.978661680269907,9.301368670323747,0.0017421602787456446,292.18407596785977,1058827.7378443836,202.2210210052417
"Land For Sale In Budhanilkantha, Kathmandu","Budhanilkantha, Budhanilkantha, Kathmandu",Kathmandu,2500000,0,0,0.0,0,South East,,302,0-5-0-0 Aana,12 Feet,12 Feet,Unknown,N/A Sq. Feet,1 year ago,[],Sale,1711.25,,1460.9203798392987,Budhanilkantha,12.0,,2.0,1,0,14.731801689838349,7.445563574078014,0.11382113821138211,13184.806428049671,2975773.003703622,-15.988215603524832
"House For Sale In Dhapasi, Kathmandu","Near grande hospital, Dhapasi, Kathmandu",Kathmandu,26000000,4,3,3.0,0,West,,382,0-5-5-0 Aana,15 Feet,15 Feet,Unknown,N/A Sq. Feet,1 year ago,"['Garden', 'TV Cable', 'Wifi', 'Drainage', 'Water Supply', 'Water Tank']",Sale,2139.0625,,12154.857560262966,Dhapasi,15.0,,2.0,1,6,17.073607134447293,7.668590313196899,0.015098722415795587,15555.54898371399,30510067.227174167,-14.782226448708771
"Land For Sale In Putalisadak, Kathmandu","Near Star Mall, Putalisadak, Kathmandu",Kathmandu,5100000,0,0,0.0,0,East,,483,0-3-2-0 Aana,13 Feet,13 Feet,Unknown,N/A Sq. Feet,1 year ago,[],Sale,1197.875,,4257.539392674528,Putalisadak,13.0,,2.0,1,0,15.444751293772967,7.089138896048115,0.0023228803716608595,14303.106194998087,4789699.632102154,6.478493261208071
"House For Sale In Harisiddhi, Lalitpur","Harisiddhi, Harisiddhi, Lalitpur",Lalitpur,33000000,8,7,3.5,2,East,2075.0,13.3K,7.1 Aana,10 Feet,10 Feet,Unknown,3400 Sq. Feet,1 year ago,"['Garage', 'Backyard', 'Fencing', 'Frontyard', 'Garden', 'TV Cable', 'Drainage', 'Water Supply', 'Solar Water', 'Water Well']",Sale,2429.975,3400.0,13580.386629492074,Harisiddhi,10.0,2018.0,2.0,0,10,17.312018149733785,7.796047690429431,0.005226480836236934,13580.386629492074,35231372.49807254,-6.333481609876587
"House For Sale In Hattigauda, Kathmandu","Budhanilkantha, Hattigauda, Kathmandu",Kathmandu,55000000,4,4,2.0,2,East,2066.0,7.1K,0-7-2-0 Aana,13 Feet,13 Feet,Unknown,N/A Sq. Feet,1 year ago,"['Backyard', 'Balcony', 'Frontyard', 'Garden', 'Modular Kitchen', 'TV Cable', 'Wifi', 'Drainage', 'Water Supply', 'Solar Water', 'Water Tank', 'Water Well']",Sale,2566.875,,21426.832237643048,Hattigauda,13.0,2009.0,11.0,0,12,17.822843761378564,7.850833987612675,0.022067363530778164,14609.203798392988,44920951.35226908,22.43730006671329
"Business For Sale In Pokhara, Pokhara","Near, Tika Resort, Pokhara, Pokhara",Pokhara,3500000,0,0,0.0,0,South East,,1.6K,2900 Sq. Feet,20 Feet,20 Feet,Unknown,N/A Sq. Feet,1 year ago,"['Frontyard', 'Wifi', 'Drainage', 'Water Supply']",Sale,2900.0,,1206.896551724138,Pokhara,20.0,,2.0,1,4,15.068273812173887,7.972810784121404,0.011033681765389082,3638.0896618566194,17745350.361940965,-80.27652354778768
"Land For Sale In Ravi Bhawan, Kathmandu","Near Lincoln School, Ravi Bhawan, Kathmandu",Kathmandu,5500000,0,0,0.0,0,East,,437,0-11-0-0 Aana,13 Feet,13 Feet,Unknown,N/A Sq. Feet,1 year ago,[],Sale,3764.75,,1460.9203798392987,Ravi Bhawan,13.0,,2.0,1,0,15.520258832020865,8.233702323582925,0.0011614401858304297,8035.062089116143,5673401.1734194225,-3.0563883659739797
"Land For Sale In Chandol, Kathmandu","Kundalini, Chandol, Kathmandu",Kathmandu,4500000,0,0,0.0,0,South,,399,0-7-0-0 Aana,13 Feet,13 Feet,Unknown,N/A Sq. Feet,1 year ago,[],Sale,2395.75,,1878.326202650527,Chandol,13.0,,2.0,1,0,15.319588176962746,7.781868931957106,0.005226480836236934,3028.089514576001,3894461.376279631,15.548713036636617
"Business For Sale In Lakeside, Pokhara","Kaski, Lakeside, Pokhara",Pokhara,600000000,0,0,0.0,0,South East,,669,3-5-0-0 Ropani,25 Feet,25 Feet,Unknown,N/A Sq. Feet,1 year ago,[],Sale,18139.25,,33077.442562399214,Lakeside,25.0,,2.0,1,0,20.21244021484709,9.805888505272065,0.0011614401858304297,33582.79237932476,72164556.99748778,731.433081506878
"Business For Sale In Dhading, Dhading","Charaudi, Benighat Rorang Gaupalika, Dhading, Dhading",Dhading,62000000,0,0,0.0,0,South,,330,4-3-0-0 Ropani,25 Feet,25 Feet,Unknown,N/A Sq. Feet,1 year ago,[],Sale,22930.75,,2703.792941792135,Dhading,25.0,,2.0,1,0,17.9426449591384,10.040277692172232,0.0017421602787456446,5551.497443389335,18965874.000684664,226.9029415557744
"Land For Sale In Sarankot, Pokhara","Kaski, Sarankot, Pokhara",Pokhara,14000000,0,0,0.0,0,South East,,359,40-0-0-0 Ropani,20 Feet,20 Feet,Unknown,N/A Sq. Feet,1 year ago,[],Sale,219040.0,,63.91526661796932,Sarankot,20.0,,2.0,1,0,16.454567959008102,12.297014205888042,0.0005807200929152149,63.91526661796932,32647666.334564157,-57.11791508608329
"Business For Sale In Thamel, Kathmandu","Thamel, Thamel, Kathmandu",Kathmandu,240000000,0,0,0.0,0,West,,514,0-22-0-0 Aana,6 Meter,6 Meter,Unknown,N/A Sq. Feet,1 year ago,[],Sale,7529.5,,31874.626469221064,Thamel,19.68504,,2.0,1,0,19.29614948547293,8.926716719651903,0.0040650406504065045,10956.90284879474,29544018.603501443,712.3471732838542
"COMMERCIAL BUILDING : House For Sale In Pepsicola, Kathmandu","Suncity, Pepsicola, Kathmandu",Kathmandu,110000000,0,13,5.0,12,South East,2073.0,4.4K,0-11-0-0 Aana,23 Feet,23 Feet,Unknown,11000 Sq. Feet,1 year ago,"['Drainage', 'Water Supply']",Sale,3764.75,11000.0,29218.407596785975,Pepsicola,23.0,2016.0,4.0,0,2,18.5159909328476,8.233702323582925,0.009291521486643438,3246.4897329762193,65238442.0149074,68.61224241815019
"Business For Sale In Lakeside, Pokhara","Kaski, Lakeside, Pokhara",Pokhara,350000000,0,0,0.0,0,South,,1.2K,0-30-0-0 Aana,11 Meter,11 Meter,Unknown,N/A Sq. Feet,1 year ago,[],Sale,10267.5,,34088.1421962503,Lakeside,36.08924,,2.0,1,0,19.673443715304877,9.236836235780148,0.0011614401858304297,33582.79237932476,41815727.77952211,737.0056401873771
"Land For Sale In Lazimpat, Kathmandu","Bigmart, Lazimpat, Kathmandu",Kathmandu,15000000,0,0,0.0,0,East,,1.2K,0-9-0-0 Aana,11 Meter,11 Meter,Unknown,N/A Sq. Feet,1 year ago,[],Sale,3080.25,,4869.734599464329,Lazimpat,36.08924,,2.0,1,0,16.52356082573315,8.033090637791,0.005226480836236934,4869.734599464329,7175761.603685649,109.0370448245609
"Residential Land At Innovative Colony : Land For Sale In Hattiban, Lalitpur","Hattiban, Hattiban, Lalitpur",Lalitpur,2800000,0,0,0.0,0,South,,2.6K,8 Aana,24 Feet,24 Feet,Unknown,2890 Sq. Feet,1 year ago,[],Sale,2738.0,2890.0,1022.6442658875092,Hattiban,24.0,,2.0,1,0,14.845130332288226,7.915348169263078,0.004645760743321719,1950.328707085464,2910218.770587135,-3.7873018929397713
"54 Aana Commercial Land : Land For Sale In Maharajgunj, Kathmandu","Maharajgunj, Maharajgunj, Kathmandu",Kathmandu,5800000,0,0,0.0,0,North,,2.3K,54 Aana,32 Feet,32 Feet,Unknown,N/A Sq. Feet,1 year ago,[],Sale,18481.5,,313.8273408543679,Maharajgunj,32.0,,2.0,1,0,15.573368647930426,9.824579617431255,0.011614401858304297,20270.270270270274,6846663.086131968,-15.287200099739117
"Land For Sale In Budhanilkantha, Kathmandu","behind budanilkantha school, Budhanilkantha, Kathmandu",Kathmandu,1500000,0,0,0.0,0,North,,657,5-0-0-0 Ropani,15 Feet,15 Feet,Unknown,N/A Sq. Feet,1 year ago,[],Sale,27380.0,,54.7845142439737,Budhanilkantha,15.0,,2.0,1,0,14.220976332738882,10.217604621184988,0.11382113821138211,13184.806428049671,2727816.0989883444,-45.01095581346925
"Residential, Good For Investment : Land For Sale In Mulpani, Kathmandu","Mulpani, Mulpani, Kathmandu",Kathmandu,1600000,0,0,0.0,0,North East,,2.4K,0-3-2-0 Aana,13 Feet,13 Feet,Unknown,N/A Sq. Feet,1 year ago,[],Sale,1197.875,,1335.6986329959302,Mulpani,13.0,,2.0,1,0,14.285514812209815,7.089138896048115,0.007549361207897794,1623.2448664881097,2053745.0735224318,-22.093544100105948
"Land For Sale In Mulpani, Kathmandu","Dachii, Mulpani, Kathmandu",Kathmandu,875000,0,0,0.0,0,South East,,673,4 Aana,13 Feet,13 Feet,Unknown,N/A Sq. Feet,1 year ago,[],Sale,1369.0,,639.1526661796933,Mulpani,13.0,,2.0,1,0,13.681980308196241,7.222566018822171,0.007549361207897794,1623.2448664881097,2115242.490486908,-58.633584379321746
"Apartment For Sale In Jhamsikhel, Lalitpur","jhamsikhel, Jhamsikhel, Lalitpur",Lalitpur,12500000,2,1,1.0,1,East,,6.8K,683 Sq. Feet,20 Feet,20 Feet,Unknown,N/A Sq. Feet,1 year ago,"['Balcony', 'Garden', 'Gym', 'Microwave', 'Modular Kitchen', 'Swimming Pool', 'TV Cable', 'Washing Machine', 'Wifi', 'Water Supply', 'Solar Water']",Sale,683.0,,18301.61054172767,Jhamsikhel,20.0,,2.0,1,11,16.341239282272525,6.52795791762255,0.0023228803716608595,17862.371888726208,9542736.260464227,30.989683239887743
"Land For Sale In Gothatar, Kathmandu","Ward-7 Office, Gothatar, Kathmandu",Kathmandu,2000000,0,0,0.0,0,West,,401,0-4-2-2 Aana,10 Feet,10 Feet,Unknown,N/A Sq. Feet,1 year ago,[],Sale,1582.90625,,1263.498706888042,Gothatar,10.0,,2.0,1,0,14.508658238524095,7.367649385016773,0.004645760743321719,14261.365612716963,3692767.3688730462,-45.840076012956175
"Land For Sale In Gothatar, Kathmandu","Near, Kadaghari, Gothatar, Kathmandu",Kathmandu,2200000,0,0,0.0,0,South,,429,7 Aana,18 Feet,18 Feet,Unknown,N/A Sq. Feet,1 year ago,[],Sale,2395.75,,918.292810184702,Gothatar,18.0,,2.0,1,0,14.603968372873895,7.781868931957106,0.004645760743321719,14261.365612716963,4149257.365945661,-46.97846371121411
"Land For Sale In Pepsicola, Kathmandu","TownPlanning, Pepsicola, Kathmandu",Kathmandu,4500000,0,0,0.0,0,North,,465,0-4-2-0 Aana,6 Meter,6 Meter,Unknown,N/A Sq. Feet,1 year ago,[],Sale,1540.125,,2921.8407596785974,Pepsicola,19.68504,,2.0,1,0,15.319588176962746,7.340267948188717,0.009291521486643438,3246.4897329762193,5421339.169856208,-16.99467863916445
"Luxurious Bungalow : House For Sale In Budhanilkantha, Kathmandu","Near Budhanilkantha School, Budhanilkantha, Kathmandu",Kathmandu,110000000,4,6,2.5,5,South East,2074.0,44.2K,17.3 Aana,20 Feet / Blacktopped,20 Feet ,Blacktopped,0.4.1.1 Aana,1 year ago,"['Lawn', 'Garage', 'Backyard', 'Balcony', 'Deck', 'Frontyard', 'Garden', 'Gym', 'Modular Kitchen', 'TV Cable', 'Wifi', 'Drainage', 'Water Supply', 'Solar Water', 'Water Tank', 'Water Well']",Sale,5920.925,136.9,18578.178240730966,Budhanilkantha,20.0,2017.0,3.0,0,16,18.5159909328476,8.686416843941014,0.11382113821138211,13184.806428049671,90957010.04446457,20.9362532324075
"Bungalow At Mandikatar : House For Sale In Budhanilkantha, Kathmandu","Mandikatar, Budhanilkantha, Kathmandu",Kathmandu,62500000,5,4,3.0,4,West,2060.0,3.6K,0-15-0-0 Aana,13 Feet,13 Feet,Unknown,4000 Sq. Feet,1 year ago,"['Lawn', 'Garage', 'Backyard', 'Balcony', 'Deck', 'Fencing', 'Frontyard', 'Garden', 'Modular Kitchen', 'TV Cable', 'Wifi', 'Drainage', 'Water Supply', 'Water Tank', 'Water Well']",Sale,5133.75,4000.0,12174.336498660823,Budhanilkantha,13.0,2003.0,17.0,0,15,17.95067713070663,8.543786435685758,0.11382113821138211,13184.806428049671,64103435.84838894,-2.501325907368252
"13 Aana : Land For Sale In Baneshwor, Kathmandu","Baneshwor Height, Baneshwor, Kathmandu",Kathmandu,5200000,0,0,0.0,0,North West,,5.7K,0-13-0-0 Aana,18 Feet,18 Feet,Unknown,N/A Sq. Feet,1 year ago,"['Drainage', 'Water Supply']",Sale,4449.25,,1168.736303871439,Baneshwor,18.0,,2.0,1,2,15.46416937585933,8.400715553357543,0.009291521486643438,6726.190476190476,8702273.214360446,-40.245498251893686
"22 Aana Land : Land For Sale In Tikathali, Lalitpur","Tikathali, Tikathali, Lalitpur",Lalitpur,1550000,0,0,0.0,0,North East,,2.3K,1-6-0-0 Aana,22 Feet,22 Feet,Unknown,22 Aana,1 year ago,[],Sale,7529.5,7529.5,205.85696261371936,Tikathali,22.0,,2.0,1,0,14.253766134056512,8.926716719651903,0.011033681765389082,11687.36303871439,6824413.809760906,-77.28742653642944
"Apartment At 4th Floor : Apartment For Sale In Bhaisepati, Lalitpur","Janata Awas, Bhaisepati, Lalitpur",Lalitpur,13000000,3,2,4.0,1,North West,2070.0,1.6K,12-0-0-0 Ropani,28 Feet,28 Feet,Unknown,1350 Sq. Feet,1 year ago,"['Garage', 'Balcony', 'Deck', 'Fencing', 'Frontyard', 'Modular Kitchen', 'Wifi', 'Water Supply']",Sale,65712.0,1350.0,197.8329681032384,Bhaisepati,28.0,2013.0,7.0,0,8,16.380459992348886,11.093052054001172,0.02264808362369338,10000.0,30982622.570675828,-58.0409954956359
"Apartment For Sale : Apartment For Sale In Bhaisepati, Lalitpur","Janata Awas, Bhaisepati, Lalitpur",Lalitpur,13000000,3,2,4.0,1,North West,2013.0,1.7K,12-0-0-0 Ropani,28 Feet,28 Feet,Unknown,1350 Sq. Feet,1 year ago,"['Garage', 'Balcony', 'Fencing', 'Modular Kitchen', 'TV Cable', 'Wifi', 'Water Supply']",Sale,65712.0,1350.0,197.8329681032384,Bhaisepati,28.0,2013.0,7.0,0,7,16.380459992348886,11.093052054001172,0.02264808362369338,10000.0,30061344.33577283,-56.75509433378841
"2.5 Storey House : House For Sale In Lokanthali, Bhaktapur","Lokanthali, Lokanthali, Bhaktapur",Bhaktapur,35000000,6,3,3.0,2,North East,2050.0,4.9K,0-7-2-0 Aana,18 Feet,18 Feet,Unknown,N/A Sq. Feet,1 year ago,"['Garage', 'Backyard', 'Balcony', 'Deck', 'Fencing', 'Frontyard', 'Modular Kitchen', 'TV Cable', 'Wifi', 'Drainage', 'Water Supply']",Sale,2566.875,,13635.256878500122,Lokanthali,18.0,1993.0,27.0,0,11,17.370858648025116,7.850833987612675,0.0023228803716608595,14019.348621556463,36574199.94359506,-4.304126805296629
"2.5 Storey House : House For Sale In Budhanilkantha, Kathmandu","Mathilo Bhangal, Budhanilkantha, Kathmandu",Kathmandu,36500000,4,5,3.0,4,South,2075.0,5.5K,0-11-3-0 Aana,18 Feet,18 Feet,Unknown,2698 Sq. Feet,1 year ago,"['Lawn', 'Garage', 'Backyard', 'Balcony', 'Deck', 'Fencing', 'Frontyard', 'Garden', 'Modular Kitchen', 'Wifi', 'Water Supply', 'Water Tank', 'Water Well']",Sale,4021.4375,2698.0,9076.356402405856,Budhanilkantha,18.0,2018.0,2.0,0,13,17.41282284594998,8.299643341144835,0.11382113821138211,13184.806428049671,45166379.75284702,-19.187678534941128
"House For Sale In Budhanilkantha, Kathmandu","Bisnumati pool,Narayanthan, Budhanilkantha, Kathmandu",Kathmandu,26000000,5,5,0.0,2,North East,,1.4K,0-5-0-0 Aana,15 Feet,15 Feet,Unknown,N/A Sq. Feet,1 year ago,"['Balcony', 'Frontyard', 'Garden', 'Modular Kitchen', 'Wifi', 'Drainage', 'Water Supply', 'Solar Water', 'Water Tank', 'Water Well']",Sale,1711.25,,15193.571950328707,Budhanilkantha,15.0,,2.0,1,10,17.073607134447293,7.445563574078014,0.11382113821138211,13184.806428049671,28817104.669587124,-9.775807465349661
"House For Sale In Budhanilkantha, Kathmandu","Narayanthan Tusal , Bisnumati pool, Budhanilkantha, Kathmandu",Kathmandu,11000000,4,1,0.0,1,South,,1.8K,0-3-2-0 Aana,15 Feet,15 Feet,Unknown,N/A Sq. Feet,1 year ago,"['Frontyard', 'Drainage', 'Water Supply', 'Water Tank', 'Water Well']",Sale,1197.875,,9182.928101847021,Budhanilkantha,15.0,,2.0,1,5,16.213405921671733,7.089138896048115,0.11382113821138211,13184.806428049671,12683370.69076791,-13.272265959972437
"House For Sale In Manamaiju, Kathmandu","Tushal Chowk, Manamaiju, Kathmandu",Kathmandu,19000000,8,2,0.0,1,East,,596,0-4-0-0 Aana,15 Feet,15 Feet,Unknown,N/A Sq. Feet,1 year ago,"['Drainage', 'Water Supply', 'Water Tank', 'Water Well']",Sale,1369.0,,13878.743608473338,Manamaiju,15.0,,2.0,1,4,16.759949589762293,7.222566018822171,0.005807200929152149,14828.341855368883,20096437.115936045,-5.4558781221303825
"House For Sale In Budhanilkantha, Kathmandu","Bishnumati-Pool, Narayanthan, Budhanilkantha, Kathmandu",Kathmandu,25000000,5,5,0.0,2,North,,1.2K,0-5-0-0 Aana,15 Feet,15 Feet,Unknown,N/A Sq. Feet,1 year ago,"['Backyard', 'Balcony', 'Frontyard', 'Garden', 'Modular Kitchen', 'TV Cable', 'Wifi', 'Drainage', 'Water Supply', 'Water Tank', 'Water Well']",Sale,1711.25,,14609.203798392988,Budhanilkantha,15.0,,2.0,1,11,17.034386422832473,7.445563574078014,0.11382113821138211,13184.806428049671,27974752.56983035,-10.633704667824308
"House For Sale In Baniyatar, Kathmandu","Chowk,Mahanagarpalika,, Baniyatar, Kathmandu",Kathmandu,20000000,12,4,0.0,2,South East,,635,0-5-0-0 Aana,15 Feet,15 Feet,Unknown,N/A Sq. Feet,1 year ago,"['Balcony', 'Frontyard', 'TV Cable', 'Wifi', 'Drainage', 'Water Supply', 'Water Tank', 'Water Well']",Sale,1711.25,,11687.36303871439,Baniyatar,15.0,,2.0,1,8,16.811242881518265,7.445563574078014,0.004645760743321719,19028.487947406866,23311709.25846006,-14.20620522391856
"Land For Sale In Thamel, Kathmandu","thamel, Thamel, Kathmandu",Kathmandu,15000000,0,0,0.0,0,East,,2.8K,0-4-0-0 Aana,0 Feet,0 Feet,Unknown,N/A Sq. Feet,1 year ago,[],Sale,1369.0,,10956.90284879474,Thamel,0.0,,2.0,1,0,16.52356082573315,7.222566018822171,0.0040650406504065045,10956.90284879474,3218406.6940801227,366.0691275465814
"House For Sale In Pasikot, Kathmandu","Budhanilkantha, Pasikot, Kathmandu",Kathmandu,29000000,7,5,0.0,2,North,2075.0,13.6K,5 Aana,12 Feet,12 Feet,Unknown,2464.12 Aana,1 year ago,"['Lawn', 'Balcony', 'Fencing', 'Frontyard', 'Water Supply', 'Water Tank', 'Water Well']",Sale,1711.25,843345.07,16946.676406135866,Pasikot,12.0,2018.0,2.0,0,7,17.182806422433504,7.445563574078014,0.008710801393728223,13391.770148526904,27414978.572080836,5.78158915481822
"Land For Sale In Chapali, Kathmandu","chapali, Chapali, Kathmandu",Kathmandu,2200000,0,0,0.0,0,South West,,3K,0-4-3-0 Aana,13 Feet,13 Feet,Unknown,N/A Sq. Feet,1 year ago,[],Sale,1625.6875,,1353.2736150090345,Chapali,13.0,,2.0,1,0,14.603968372873895,7.394301017474119,0.008130081300813009,10348.1860238617,3619544.9010883844,-39.218878060099
"Land For Sale In Budhanilkantha, Kathmandu","Near Budanilkantha School, Budhanilkantha, Kathmandu",Kathmandu,1850000,0,0,0.0,0,East,,5.4K,0-6-0-0 Aana,0 Feet,0 Feet,Unknown,N/A Sq. Feet,1 year ago,[],Sale,2053.5,,900.9009009009009,Budhanilkantha,0.0,,2.0,1,0,14.430696737594902,7.627787788323465,0.11382113821138211,13184.806428049671,2665092.140586425,-30.58401351958783
"Land At Bhaisepati : Land For Sale In Bhaisepati, Lalitpur","Binayak Height, Bhaisepati, Lalitpur",Lalitpur,3500000,0,0,0.0,0,South,,1.2K,0-5-0-0 Aana,13 Feet,13 Feet,Unknown,N/A Sq. Feet,1 year ago,[],Sale,1711.25,,2045.2885317750183,Bhaisepati,13.0,,2.0,1,0,15.068273812173887,7.445563574078014,0.02264808362369338,10000.0,3420351.0941818496,2.3286763149442837
"Land At Baneshwor : Land For Sale In Baneshwor, Kathmandu","New Baneshwor, Baneshwor, Kathmandu",Kathmandu,6000000,0,0,0.0,0,East,,4K,0-8-1-0 Aana,16 Feet,16 Feet,Unknown,N/A Sq. Feet,1 year ago,[],Sale,2823.5625,,2124.975097948071,Baneshwor,16.0,,2.0,1,0,15.607270193858982,7.946108764330733,0.009291521486643438,6726.190476190476,5048579.776486339,18.845304335783343
"PERFECT HOMES : House For Sale In Bhaisepati, Lalitpur","Gokul Awas, Bhaisepati, Lalitpur",Lalitpur,29000000,3,2,0.0,1,South,2075.0,24.7K,0-4-1-0 Aana,15 Feet,15 Feet,Unknown,890 Aana,1 year ago,"['Lawn', 'Balcony', 'Fencing', 'Garden', 'Modular Kitchen', 'TV Cable', 'Wifi', 'Drainage', 'Water Supply', 'Solar Water', 'Water Tank', 'Water Well']",Sale,1454.5625,304602.5,19937.266360159843,Bhaisepati,15.0,2018.0,2.0,0,12,17.182806422433504,7.283147702834008,0.02264808362369338,10000.0,20859408.26048406,39.02599555011074
"Land At Bhaisepati : Land For Sale In Bhaisepati, Lalitpur","Binayak height, Bhaisepati, Lalitpur",Lalitpur,3800000,0,0,0.0,0,South East,,1.4K,0-5-0-0 Aana,13 Feet,13 Feet,Unknown,N/A Sq. Feet,1 year ago,[],Sale,1711.25,,2220.598977355734,Bhaisepati,13.0,,2.0,1,0,15.150511887854474,7.445563574078014,0.02264808362369338,10000.0,3359398.9013895453,13.115474272144617
"Land At Bhaisepati : Land For Sale In Bhaisepati, Lalitpur","Bhaisepati Awas, Bhaisepati, Lalitpur",Lalitpur,5500000,0,0,0.0,0,East,,903,0-5-0-0 Aana,0 Feet,0 Feet,Unknown,N/A Sq. Feet,1 year ago,[],Sale,1711.25,,3214.024835646457,Bhaisepati,0.0,,2.0,1,0,15.520258832020865,7.445563574078014,0.02264808362369338,10000.0,2972145.9107622416,85.0514801471998
"Land At Bhaisepati : Land For Sale In Bhaisepati, Lalitpur","Bhaisepati Awas, Bhaisepati, Lalitpur",Lalitpur,5500000,0,0,0.0,0,East,,1.7K,0-6-0-0 Aana,0 Feet,0 Feet,Unknown,N/A Sq. Feet,1 year ago,[],Sale,2053.5,,2678.354029705381,Bhaisepati,0.0,,2.0,1,0,15.520258832020865,7.627787788323465,0.02264808362369338,10000.0,3033597.7673907643,81.30287604775697
"Land At Bhaisepati : Land For Sale In Bhaisepati, Lalitpur","Bhaisepati Awas, Bhaisepati, Lalitpur",Lalitpur,5500000,0,0,0.0,0,West,,1.7K,4 Aana,0 Feet,0 Feet,Unknown,N/A Sq. Feet,1 year ago,[],Sale,1369.0,,4017.5310445580717,Bhaisepati,0.0,,2.0,1,0,15.520258832020865,7.222566018822171,0.02264808362369338,10000.0,3077221.3749602903,78.73267242825435
"Land At Bhaisepati : Land For Sale In Bhaisepati, Lalitpur","Bhaisepati, Bhaisepati, Lalitpur",Lalitpur,5500000,0,0,0.0,0,West,,1.7K,8 Aana,20 Feet,20 Feet,Unknown,N/A Sq. Feet,1 year ago,['Water Supply'],Sale,2738.0,,2008.7655222790358,Bhaisepati,20.0,,2.0,1,1,15.520258832020865,7.915348169263078,0.02264808362369338,10000.0,5128829.382893783,7.236946082554133
"House For Sale In Godawari, Lalitpur","Taukhel, near Godawari village resort, Godawari, Lalitpur",Lalitpur,40000000,6,4,0.0,3,East,2069.0,1.3K,0-12-0-0 Aana,10 Feet,10 Feet,Unknown,0-6-0-0 Aana,1 year ago,"['Lawn', 'Balcony', 'Fencing', 'Frontyard', 'Garden', 'Drainage', 'Water Supply']",Sale,4107.0,2053.5,9739.469198928658,Godawari,10.0,2012.0,8.0,0,7,17.50439003707821,8.32069157104845,0.005807200929152149,818.1154127100073,29278787.403773677,36.6176797159451
"Land For Sale In Panchkhal, Kavre","panchkhal, Panchkhal, Kavre",Kavre,350000,0,0,0.0,0,North,,978,1-0-0-0 Ropani,16 Feet,16 Feet,Unknown,N/A Sq. Feet,1 year ago,[],Sale,5476.0,,63.91526661796932,Panchkhal,16.0,,2.0,1,0,12.765691290604371,8.608312784783722,0.0005807200929152149,63.91526661796932,917047.8305523071,-61.83405179758107
"Land For Sale In Koteshwor, Kathmandu","Koteshwor, Bhatbhateni, Koteshwor, Kathmandu",Kathmandu,4500000,0,0,0.0,0,North,,798,0-6-2-0 Aana,20 Feet,20 Feet,Unknown,N/A Sq. Feet,1 year ago,[],Sale,2224.625,,2022.8128336236443,Koteshwor,20.0,,2.0,1,0,15.319588176962746,7.7077930540320425,0.004645760743321719,1823.906416811822,2388143.8153094817,88.43086296362101
"House For Sale In Ghari Patan, Pokhara","Gharipatan, Pokhara, Ghari Patan, Pokhara",Pokhara,17000000,0,0,0.0,0,East,,1.1K,19x40 Haat,20 Feet,20 Feet,Unknown,N/A Sq. Feet,1 year ago,[],Sale,1710.0,,9941.520467836257,Ghari Patan,20.0,,2.0,1,0,16.648723960844016,7.444833273892193,0.0011614401858304297,12275.362133114622,5376602.090583542,216.18482665424338
"Land For Sale In Kavresthali, Kathmandu","Kavresthali, Kavresthali, Kathmandu",Kathmandu,700000,0,0,0.0,0,East,,1.5K,0-5-1-2 Aana,13 Feet,13 Feet,Unknown,N/A Sq. Feet,1 year ago,[],Sale,1839.59375,,380.5187966093057,Kavresthali,13.0,,2.0,1,0,13.45883704259595,7.517843488767133,0.004645760743321719,4449.719990260531,3723953.219033182,-81.20277138761332
"House For Sale In Ghari Patan, Pokhara","Gharipatan , Pokhara, Ghari Patan, Pokhara",Pokhara,30000000,5,4,0.0,3,East,,1.4K,0-6-0-0 Aana,18 Feet,18 Feet,Unknown,N/A Sq. Feet,1 year ago,"['Balcony', 'Fencing', 'Frontyard']",Sale,2053.5,,14609.203798392988,Ghari Patan,18.0,,2.0,1,3,17.216707972959764,7.627787788323465,0.0011614401858304297,12275.362133114622,30394905.39381357,-1.2992486362334466
"House For Sale In Shrijana Chowk, Pokhara","Shrijana Chowk, Pokhara, Shrijana Chowk, Pokhara",Pokhara,80000000,5,6,0.0,3,East,2065.0,873,12 Aana,0 Feet,0 Feet,Unknown,N/A Sq. Feet,1 year ago,[],Sale,4107.0,,19478.938397857317,Shrijana Chowk,0.0,2008.0,12.0,0,0,18.197537205138154,8.32069157104845,0.0005807200929152149,19478.938397857317,65108434.0761899,22.87194606213995
"Land For Sale In Chauthe, Pokhara","Chaute, Pokhara, Chauthe, Pokhara",Pokhara,900000,0,0,0.0,0,East,,1.1K,50x50 Haat,20 Feet,20 Feet,Unknown,N/A Sq. Feet,1 year ago,[],Sale,5625.0,,160.0,Chauthe,20.0,,2.0,1,0,13.710151153416941,8.635153989049803,0.003484320557491289,711.1111111111111,1496503.2973381449,-39.859805080226366
"Land For Sale In Kaji Pokhari, Pokhara","Kajipokhari, Pokhara, Kaji Pokhari, Pokhara",Pokhara,600000,0,0,0.0,0,East,,727,20x40 Haat,20 Feet,20 Feet,Unknown,N/A Sq. Feet,1 year ago,[],Sale,1800.0,,333.3333333333333,Kaji Pokhari,20.0,,2.0,1,0,13.304686600863562,7.496097345175956,0.0005807200929152149,333.3333333333333,798520.5416026873,-24.861043800356413
"Land For Sale In Raam Bazar, Pokhara","Raambazar Pokhara, Raam Bazar, Pokhara",Pokhara,25000000,0,0,0.0,0,East,,534,14 Aana,14 Feet,14 Feet,Unknown,N/A Sq. Feet,1 year ago,[],Sale,4791.5,,5217.572785140353,Raam Bazar,14.0,,2.0,1,0,17.034386422832473,8.4748074749198,0.0005807200929152149,5217.572785140353,8411834.296305187,197.2003384681626
"Land For Sale In Bajha Patan, Pokhara","Bajha Patan, Kamal Pokhari, Pokhara, Bajha Patan, Pokhara",Pokhara,1000000,0,0,0.0,0,East,,1.1K,62x100 Haat,20 Feet,20 Feet,Unknown,N/A Sq. Feet,1 year ago,[],Sale,13950.0,,71.68458781362007,Bajha Patan,20.0,,2.0,1,0,13.815511557963774,9.543306469268108,0.0011614401858304297,3687.694884569017,4829528.995386723,-79.2940470808805
"Land For Sale In Chauthe, Pokhara","Chauthe, Pokhara, Chauthe, Pokhara",Pokhara,900000,0,0,0.0,0,East,,880,40x50 Haat,20 Feet,20 Feet,Unknown,N/A Sq. Feet,1 year ago,[],Sale,4500.0,,200.0,Chauthe,20.0,,2.0,1,0,13.710151153416941,8.412054873292933,0.003484320557491289,711.1111111111111,1489332.8777819,-39.57025904508386
"House For Sale In Sitapaila, Kathmandu","Sitapaila, Dada Pauwa, Sitapaila, Kathmandu",Kathmandu,18000000,4,2,0.0,2,South,,1.2K,0-3-2-0 Aana,13 Feet,13 Feet,Unknown,N/A Sq. Feet,1 year ago,['Water Supply'],Sale,1197.875,,15026.609621204216,Sitapaila,13.0,,2.0,1,1,16.705882371415992,7.089138896048115,0.013937282229965157,14791.8188458729,13854655.83697119,29.92022473749905
"House For Sale In Hattiban, Lalitpur","Hattiban, Hattiban, Lalitpur",Lalitpur,23000000,7,3,0.0,2,North East,,948,0-5-2-2 Aana,16 Feet,16 Feet,Unknown,N/A Sq. Feet,1 year ago,[],Sale,1925.15625,,11947.082217352488,Hattiban,16.0,,2.0,1,0,16.951004817371683,7.563281715754914,0.004645760743321719,1950.328707085464,22698580.223070074,1.3279234822959243
"House For Sale In Dhapasi, Kathmandu","Dhapasi, kathmandu, Dhapasi, Kathmandu",Kathmandu,35000000,0,0,0.0,0,East,,568,0-11-0-0 Aana,20 Feet,20 Feet,Unknown,N/A Sq. Feet,1 year ago,"['Lawn', 'Frontyard', 'Garden', 'Water Supply']",Sale,3764.75,,9296.76605352281,Dhapasi,20.0,,2.0,1,4,17.370858648025116,8.233702323582925,0.015098722415795587,15555.54898371399,35642964.05666593,-1.8039017620524753
"House For Sale In Baluwatar, Kathmandu","Baluwatar, Baluwatar, Kathmandu",Kathmandu,35000000,11,6,0.0,2,East,,1.2K,0-7-0-0 Aana,20 Feet,20 Feet,Unknown,N/A Aana,1 year ago,[],Sale,2395.75,,14609.203798392988,Baluwatar,20.0,,2.0,1,0,17.370858648025116,7.781868931957106,0.02032520325203252,19576.333089846605,47538848.44515629,-26.3760037427534
"Business For Sale In Baneshwor, Kathmandu","Baneshwor, Baneshwor, Kathmandu",Kathmandu,45000000,6,4,0.0,0,East,,405,0-4-0-0 Aana,30 Feet,30 Feet,Unknown,5472 Sq. Feet,1 year ago,[],Sale,1369.0,5472.0,32870.70854638422,Baneshwor,30.0,,2.0,1,0,17.622173069956816,7.222566018822171,0.009291521486643438,6726.190476190476,28181288.569336627,59.68042018122409
"House For Sale In Bhaisepati, Lalitpur","Bhaisepati, Bhaisepati, Lalitpur",Lalitpur,21000000,10,5,0.0,2,North East,,1.5K,0-4-2-0 Aana,16 Feet,16 Feet,Unknown,N/A Sq. Feet,1 year ago,['Water Supply'],Sale,1540.125,,13635.256878500122,Bhaisepati,16.0,,2.0,1,1,16.860033043306743,7.340267948188717,0.02264808362369338,10000.0,23488714.42821277,-10.595362448715049
"House For Sale In Bhaisepati, Lalitpur","Bhaisepati, Bhaisepati, Lalitpur",Lalitpur,28000000,12,5,0.0,1,North,,484,0-4-2-0 Aana,13 Feet,13 Feet,Unknown,N/A Sq. Feet,1 year ago,['Water Supply'],Sale,1540.125,,18180.34250466683,Bhaisepati,13.0,,2.0,1,1,17.147715103853763,7.340267948188717,0.02264808362369338,10000.0,25486244.977408428,9.863183159464333
"Business For Sale In Jamal, Kathmandu","Jamal, Jamal, Kathmandu",Kathmandu,170000000,0,0,0.0,0,West,,552,0-7-0-0 Aana,30 Feet,30 Feet,Unknown,2000 Sq. Feet,1 year ago,[],Sale,2395.75,2000.0,70958.9898779088,Jamal,30.0,,2.0,1,0,18.951309000896888,7.781868931957106,0.0011614401858304297,35803.819263278725,48352846.829763785,251.58219452625036
"Land For Sale In Chabahil, Kathmandu","CHABAHIL, Chabahil, Kathmandu",Kathmandu,3600000,0,0,0.0,0,North,,3.9K,2-1-0-0 Ropani,20 Feet,20 Feet,Unknown,N/A Sq. Feet,1 year ago,[],Sale,11294.25,,318.7462646922106,Chabahil,20.0,,2.0,1,0,15.096444681204078,9.332137562344629,0.0156794425087108,4515.572083139651,5215560.915980677,-30.97578461849687
"House For Sale In Sitapaila, Kathmandu","sitapaila, Sitapaila, Kathmandu",Kathmandu,11700000,0,0,0.0,0,East,,625,0-3-1-1 Aana,12 Feet,12 Feet,Unknown,N/A Sq. Feet,1 year ago,[],Sale,1133.703125,,10320.162079468555,Sitapaila,12.0,,2.0,1,0,16.275099485238066,7.034126331825054,0.013937282229965157,14791.8188458729,5239966.100429026,123.28388725724872
"Land For Sale In Pepsicola, Kathmandu","Pepsicola Town Planning, Pepsicola, Kathmandu",Kathmandu,4000000,0,0,0.0,0,East,,1.8K,0-6-0-0 Aana,20 Feet,20 Feet,Unknown,N/A Sq. Feet,1 year ago,[],Sale,2053.5,,1947.8938397857316,Pepsicola,20.0,,2.0,1,0,15.201805169084134,7.627787788323465,0.009291521486643438,3246.4897329762193,4761651.90473049,-15.995539362585976
"Land For Sale In Pepsicola, Kathmandu","Pepsicola Town Planning, Pepsicola, Kathmandu",Kathmandu,4000000,0,0,0.0,0,South West,,1.5K,0-4-2-2 Aana,20 Feet,20 Feet,Unknown,N/A Sq. Feet,1 year ago,[],Sale,1582.90625,,2526.997413776084,Pepsicola,20.0,,2.0,1,0,15.201805169084134,7.367649385016773,0.009291521486643438,3246.4897329762193,4593072.942409911,-12.912334505594316
"Sun City : Apartment For Sale In Pepsicola, Kathmandu","Pepsicola, Pepsicola, Kathmandu",Kathmandu,11000000,3,2,6.0,1,North West,2071.0,16.1K,1336 Sq. Feet,20 Feet,20 Feet,Unknown,N/A Sq. Feet,1 year ago,"['Backyard', 'Balcony', 'Frontyard', 'Garden', 'Modular Kitchen', 'Swimming Pool', 'Drainage', 'Water Supply']",Sale,1336.0,,8233.532934131737,Pepsicola,20.0,2014.0,6.0,0,8,16.213405921671733,7.198183577101943,0.009291521486643438,3246.4897329762193,13341715.700147174,-17.551833308225437
"Land For Sale In Gothatar, Kathmandu","gothatar kadaghari, Gothatar, Kathmandu",Kathmandu,2500000,0,0,0.0,0,North,,1.3K,0-4-2-2 Aana,8 Meter,8 Meter,Unknown,N/A Sq. Feet,1 year ago,[],Sale,1582.90625,,1579.3733836100528,Gothatar,26.24672,,2.0,1,0,14.731801689838349,7.367649385016773,0.004645760743321719,14261.365612716963,5160712.722936618,-51.55707875602469
"House For Sale In Maitidevi, Kathmandu","Maitidevi, Maitidevi, Kathmandu",Kathmandu,32500000,0,0,5.0,0,East,,8.6K,3 Aana,25 Feet,25 Feet,Unknown,N/A Sq. Feet,1 year ago,"['Garage', 'Backyard', 'Balcony', 'Garden', 'Microwave', 'Modular Kitchen', 'TV Cable', 'Wifi', 'Drainage', 'Water Supply']",Sale,1026.75,,31653.274896518138,Maitidevi,25.0,,2.0,1,10,17.296750678069195,6.935127225777988,0.0017421602787456446,5478.45142439737,27674621.17780787,17.436115172776326
"House For Sale In Nakhipot, Lalitpur","Sumnima Marg, Nakhipot, Lalitpur",Lalitpur,140000000,5,4,4.0,7,East,,11.9K,2-4-0-0 Ropani,20 Feet,20 Feet,Unknown,N/A Sq. Feet,1 year ago,"['Garage', 'Lawn', 'Backyard', 'Deck', 'Fencing', 'Frontyard', 'Balcony', 'Garden', 'Wifi', 'Drainage', 'Modular Kitchen', 'TV Cable', 'Water Supply']",Sale,12321.0,,11362.714065416769,Nakhipot,20.0,,2.0,1,13,18.757152987716434,9.419141561574516,0.003484320557491289,12575.075075075074,122984691.66683595,13.835305925113278
"House For Sale In Budhanilkantha, Kathmandu","Buddha Colony, Budhanilkantha, Kathmandu",Kathmandu,105000000,4,5,3.0,7,South West,2074.0,14.9K,2-0-0-0 Ropani,20 Feet,20 Feet,Unknown,4080.12 Sq. Feet,1 year ago,"['Lawn', 'Garage', 'Backyard', 'Balcony', 'Deck', 'Fencing', 'Frontyard', 'Garden', 'Modular Kitchen', 'TV Cable', 'Wifi', 'Drainage', 'Water Supply']",Sale,10952.0,4080.12,9587.289992695398,Budhanilkantha,20.0,2017.0,3.0,0,13,18.46947091764561,9.301368670323747,0.11382113821138211,13184.806428049671,107199527.03057344,-2.0518066557757617
"House For Sale In Machhegaun, Kirtipur","Machhegaun, Machhegaun, Kirtipur",Kirtipur,59000000,5,2,2.0,7,South,,15K,3-5-0-0 Ropani,12 Feet,12 Feet,Unknown,N/A Sq. Feet,1 year ago,"['Lawn', 'Garage', 'Backyard', 'Balcony', 'Deck', 'Fencing', 'Frontyard', 'Garden', 'Modular Kitchen', 'TV Cable', 'Wifi', 'Drainage', 'Water Supply']",Sale,18139.25,,3252.61518530259,Machhegaun,12.0,,2.0,1,13,17.893048018819147,9.805888505272065,0.003484320557491289,1344.046749452155,52826608.53623947,11.686140062399685
"House For Sale In Kupondole, Lalitpur","Kupondole, Kupondole, Lalitpur",Lalitpur,6500000,4,3,3.0,5,North,,5.6K,30 Aana,30 Feet,30 Feet,Unknown,N/A Sq. Feet,1 year ago,"['Lawn', 'Garage', 'Backyard', 'Balcony', 'Deck', 'Fencing', 'Frontyard', 'Garden', 'Modular Kitchen', 'TV Cable', 'Wifi', 'Drainage', 'Water Supply']",Sale,10267.5,,633.0654979303628,Kupondole,30.0,,2.0,1,13,15.687312888712007,9.236836235780148,0.0023228803716608595,1683.3333333333335,45773669.32754161,-85.7996964292111
"Land For Sale In Budhanilkantha, Kathmandu","Deuba Chowk, Budhanilkantha, Kathmandu",Kathmandu,2700000,0,0,0.0,0,North,,7.8K,7-0-2 Aana,12 Feet,12 Feet,Unknown,N/A Sq. Feet,1 year ago,"['Drainage', 'Water Supply']",Sale,2438.53125,,1107.2238668255739,Budhanilkantha,12.0,,2.0,1,2,14.80876270134486,7.799561189175894,0.11382113821138211,13184.806428049671,3802577.5206113486,-28.995530390504303
"House For Sale In Sitapaila, Kathmandu","Nagarjun, Sitapaila, Kathmandu",Kathmandu,12000000,4,2,2.0,1,North East,,1.4K,2.5 Aana,13 Feet,13 Feet,Unknown,N/A Sq. Feet,1 year ago,"['Balcony', 'Frontyard', 'Drainage', 'Water Supply']",Sale,855.625,,14024.835646457268,Sitapaila,13.0,,2.0,1,4,16.300417291085605,6.753000249905988,0.013937282229965157,14791.8188458729,13283532.077838643,-9.66258123454982
"House For Sale In Budhanilkantha, Kathmandu","Deuja Chowk, Budhanilkantha, Kathmandu",Kathmandu,27000000,5,3,2.0,1,East,2071.0,1.5K,8 Aana,12 Feet,12 Feet,Unknown,N/A Sq. Feet,1 year ago,"['Balcony', 'Frontyard', 'Drainage', 'Water Supply']",Sale,2738.0,,9861.212563915267,Budhanilkantha,12.0,2014.0,6.0,0,4,17.11134746100564,7.915348169263078,0.11382113821138211,13184.806428049671,31556816.419771306,-14.440038434663904
"House For Sale In Baluwatar, Kathmandu","Gocha marg, Baluwatar, Kathmandu",Kathmandu,72500000,5,2,3.0,5,East,,19.6K,13 Aana,12 Feet,12 Feet,Unknown,13 Aana,1 year ago,"['Garage', 'Balcony', 'Frontyard', 'Drainage', 'Water Supply']",Sale,4449.25,4449.25,16294.881159746024,Baluwatar,12.0,,2.0,1,5,18.099097133618006,8.400715553357543,0.02032520325203252,19576.333089846605,73502263.88054188,-1.363582327437949
